train_domain,train_profile,test_group,snr_db,num_train_seeds,mean_seed_ber,std_seed_ber,ci95_low,ci95_high,mean_seed_bce,pooled_ber,errors,trials
tdl_a,tdl_A_10_30_100_mix_normalized,in_domain,-10.0,3,0.38509896360797646,7.885553006250493e-05,0.38490307561196074,0.3852948516039922,0.6519869691059913,0.38509896360797646,12265593,31850496
tdl_a,tdl_A_10_30_100_mix_normalized,in_domain,-8.0,3,0.35480719044375325,4.6302468573322584e-05,0.3546921687354188,0.3549222121520877,0.6275922408319795,0.3548071904437532,11300785,31850496
tdl_a,tdl_A_10_30_100_mix_normalized,in_domain,-6.0,3,0.3182187806431649,4.861359787015282e-05,0.31809801777138724,0.31833954351494254,0.5911408314489043,0.3182187806431649,10135426,31850496
tdl_a,tdl_A_10_30_100_mix_normalized,in_domain,-4.0,3,0.27511894948197985,6.515728316171525e-05,0.2749570898176765,0.27528080914628317,0.5386777837825901,0.2751189494819798,8762675,31850496
tdl_a,tdl_A_10_30_100_mix_normalized,in_domain,-2.0,3,0.2259740319271637,3.2938295333020174e-05,0.2258922086655631,0.2260558551887643,0.46722352185857635,0.2259740319271637,7197385,31850496
tdl_a,tdl_A_10_30_100_mix_normalized,in_domain,0.0,3,0.17270117237734697,5.064065384355993e-05,0.17257537401938175,0.1728269707353122,0.37698901006223734,0.17270117237734697,5500618,31850496
tdl_a,tdl_A_10_30_100_mix_normalized,in_domain,2.0,3,0.11933870668764468,1.7556531215257457e-05,0.11929509384636369,0.11938231952892567,0.27426258459257985,0.11933870668764468,3800997,31850496
tdl_a,tdl_A_10_30_100_mix_normalized,in_domain,4.0,3,0.0721228328751929,5.8740244745057706e-05,0.07197691401801877,0.07226875173236703,0.172983450531469,0.0721228328751929,2297148,31850496
tdl_a,tdl_A_10_30_100_mix_normalized,in_domain,6.0,3,0.036981935854311344,4.263481435097037e-05,0.036876025104144644,0.037087846604478045,0.0910789390619645,0.036981935854311344,1177893,31850496
tdl_a,tdl_A_10_30_100_mix_normalized,in_domain,8.0,3,0.016243828667534724,2.081514994688993e-05,0.016192120968573972,0.016295536366495476,0.04009167619294835,0.016243828667534724,517374,31850496
tdl_a,tdl_A_10_30_100_mix_normalized,in_domain,10.0,3,0.007008996029449589,7.36872913612319e-06,0.006990691091514183,0.007027300967384994,0.01668797614466813,0.007008996029449589,223240,31850496
tdl_a,tdl_A_10_30_100_mix_normalized,in_domain,12.0,3,0.0035312165939268263,6.406539606060739e-06,0.0035153018672889904,0.0035471313205646623,0.008057915680220643,0.0035312165939268263,112471,31850496
tdl_a,tdl_A_10_30_100_mix_normalized,in_domain,14.0,3,0.0020708625699266976,1.604468923169596e-05,0.002031005352331428,0.002110719787521967,0.004637965388902546,0.0020708625699266976,65958,31850496
tdl_a,tdl_A_10_30_100_mix_normalized,in_domain,16.0,3,0.0013298693998360339,3.0273422486228883e-05,0.001254666049371414,0.0014050727503006537,0.0029403150985144524,0.0013298693998360339,42357,31850496
tdl_a,tdl_A_10_30_100_mix_normalized,in_domain,18.0,3,0.0008999231911490484,4.736339571969082e-05,0.0007822659936807854,0.0010175803886173112,0.0019966049129733518,0.0008999231911490484,28663,31850496
tdl_a,tdl_A_10_30_100_mix_normalized,in_domain,20.0,3,0.0006564732932259516,6.19493757379671e-05,0.0005025825127300892,0.0008103640737218141,0.001471178831730145,0.0006564732932259516,20909,31850496
tdl_a,tdl_A_10_30_100_mix_normalized,tdl_A_100ns,-10.0,3,0.3914289121274595,8.47347794160904e-05,0.3912184192664072,0.3916394049885118,0.6555567111498043,0.3914289121274595,4155735,10616832
tdl_a,tdl_A_10_30_100_mix_normalized,tdl_A_100ns,-8.0,3,0.3617432205765336,7.460012980059292e-05,0.3615579035807875,0.36192853757227966,0.6321209028915122,0.3617432205765336,3840567,10616832
tdl_a,tdl_A_10_30_100_mix_normalized,tdl_A_100ns,-6.0,3,0.32588921064212,3.845066052699792e-05,0.3257936939062596,0.3259847273779804,0.5967897125232366,0.32588921064212,3459911,10616832
tdl_a,tdl_A_10_30_100_mix_normalized,tdl_A_100ns,-4.0,3,0.2836081422405478,8.535318686467728e-05,0.2833961131702312,0.2838201713108644,0.5458292883855326,0.28360814224054787,3011020,10616832
tdl_a,tdl_A_10_30_100_mix_normalized,tdl_A_100ns,-2.0,3,0.23554389859423228,1.5713374472362753e-05,0.23550486440812515,0.2355829327803394,0.47670199878421826,0.23554389859423225,2500730,10616832
tdl_a,tdl_A_10_30_100_mix_normalized,tdl_A_100ns,0.0,3,0.1834723390178916,4.2253768276666356e-05,0.183367374838648,0.18357730319713517,0.39008482996328375,0.1834723390178916,1947895,10616832
tdl_a,tdl_A_10_30_100_mix_normalized,tdl_A_100ns,2.0,3,0.1314478744695216,2.5986215373463308e-05,0.1313833211319243,0.13151242780711891,0.2922026441421038,0.1314478744695216,1395560,10616832
tdl_a,tdl_A_10_30_100_mix_normalized,tdl_A_100ns,4.0,3,0.08500398235556521,6.988648264685143e-05,0.08483037470847406,0.08517759000265636,0.1956347429458006,0.0850039823555652,902473,10616832
tdl_a,tdl_A_10_30_100_mix_normalized,tdl_A_100ns,6.0,3,0.04935615445360725,5.966202163766489e-05,0.049207945775692284,0.04950436313152221,0.11570335740660444,0.049356154453607255,524006,10616832
tdl_a,tdl_A_10_30_100_mix_normalized,tdl_A_100ns,8.0,3,0.02643104835792824,2.1614309135451653e-05,0.026377355437489418,0.026484741278367065,0.06192570704000968,0.02643104835792824,280614,10616832
tdl_a,tdl_A_10_30_100_mix_normalized,tdl_A_100ns,10.0,3,0.014052873776282794,3.168106019506856e-05,0.013974173659901033,0.014131573892664555,0.03234960571115399,0.014052873776282794,149197,10616832
tdl_a,tdl_A_10_30_100_mix_normalized,tdl_A_100ns,12.0,3,0.007953690893856094,1.46945543725564e-05,0.007917187597180488,0.0079901941905317,0.017871843317500604,0.007953690893856096,84443,10616832
tdl_a,tdl_A_10_30_100_mix_normalized,tdl_A_100ns,14.0,3,0.004825827516155478,3.9473275806636223e-05,0.004727770463114203,0.004923884569196753,0.01070671702194729,0.004825827516155478,51235,10616832
tdl_a,tdl_A_10_30_100_mix_normalized,tdl_A_100ns,16.0,3,0.0031258853865258483,8.1819231820808e-05,0.0029226351472056928,0.003329135625846004,0.0068410789755023555,0.0031258853865258488,33187,10616832
tdl_a,tdl_A_10_30_100_mix_normalized,tdl_A_100ns,18.0,3,0.0021178634078414353,0.00011990934240676735,0.0018199920883663991,0.0024157347273164715,0.004649860512775679,0.0021178634078414353,22485,10616832
tdl_a,tdl_A_10_30_100_mix_normalized,tdl_A_100ns,20.0,3,0.0015401957947530863,0.00015693442753416357,0.00115034906502886,0.0019300425244773126,0.0034372003304910053,0.0015401957947530863,16352,10616832
tdl_a,tdl_A_10_30_100_mix_normalized,tdl_A_10ns,-10.0,3,0.3809479136525849,3.05389378386239e-05,0.3808720507254203,0.3810237765797495,0.6496283036691172,0.3809479136525849,4044460,10616832
tdl_a,tdl_A_10_30_100_mix_normalized,tdl_A_10ns,-8.0,3,0.35018958574459874,6.242456172381435e-05,0.3500345145366753,0.3503446569525222,0.6245525383654936,0.35018958574459874,3717904,10616832
tdl_a,tdl_A_10_30_100_mix_normalized,tdl_A_10ns,-6.0,3,0.3130335866669078,0.00013057351087325712,0.3127092240843797,0.3133579492494359,0.5872621768050724,0.3130335866669078,3323425,10616832
tdl_a,tdl_A_10_30_100_mix_normalized,tdl_A_10ns,-4.0,3,0.26928456624348956,8.223374481943949e-05,0.2690802862967975,0.26948884619018165,0.5336472826239503,0.26928456624348956,2858949,10616832
tdl_a,tdl_A_10_30_100_mix_normalized,tdl_A_10ns,-2.0,3,0.2193320945457176,0.00011145163494267546,0.21905523333630986,0.21960895575512532,0.460437837942147,0.2193320945457176,2328612,10616832
tdl_a,tdl_A_10_30_100_mix_normalized,tdl_A_10ns,0.0,3,0.16520332995756173,2.7790216940958148e-05,0.1651342952316384,0.16527236468348508,0.3675623628092401,0.16520332995756173,1753936,10616832
tdl_a,tdl_A_10_30_100_mix_normalized,tdl_A_10ns,2.0,3,0.110928194022473,1.1589970606936251e-05,0.11089940293940916,0.11095698510553685,0.26142208075817724,0.11092819402247299,1177706,10616832
tdl_a,tdl_A_10_30_100_mix_normalized,tdl_A_10ns,4.0,3,0.06325700547960068,7.08473908878426e-05,0.06308101080411045,0.06343300015509092,0.15699501905912236,0.0632570054796007,671589,10616832
tdl_a,tdl_A_10_30_100_mix_normalized,tdl_A_10ns,6.0,3,0.02857990029417438,9.981182057439157e-05,0.02833195398659775,0.02882784660175101,0.07407597383415257,0.02857990029417438,303428,10616832
tdl_a,tdl_A_10_30_100_mix_normalized,tdl_A_10ns,8.0,3,0.009560950008439428,3.8205883166369387e-05,0.009466041333251555,0.009655858683627302,0.02549676767285959,0.009560950008439428,101507,10616832
tdl_a,tdl_A_10_30_100_mix_normalized,tdl_A_10ns,10.0,3,0.00255028995466821,2.5627312397037452e-05,0.002486628181489528,0.0026139517278468915,0.006657326335294378,0.00255028995466821,27076,10616832
tdl_a,tdl_A_10_30_100_mix_normalized,tdl_A_10ns,12.0,3,0.0008332994249131945,6.474495915950991e-06,0.0008172158854432023,0.0008493829643831867,0.0020270871201869285,0.0008332994249131945,8847,10616832
tdl_a,tdl_A_10_30_100_mix_normalized,tdl_A_10ns,14.0,3,0.0004295066550925926,5.672556530955203e-06,0.0004154152434914812,0.000443598066693704,0.0010017663192195833,0.0004295066550925926,4560,10616832
tdl_a,tdl_A_10_30_100_mix_normalized,tdl_A_10ns,16.0,3,0.0002722092616705247,4.731116911287429e-06,0.00026045651573205385,0.00028396200760899554,0.0006234568641384949,0.0002722092616705247,2890,10616832
tdl_a,tdl_A_10_30_100_mix_normalized,tdl_A_10ns,18.0,3,0.0001866846908757716,6.102032823631573e-06,0.00017152640101968,0.00020184298073186322,0.00042930161368901653,0.0001866846908757716,1982,10616832
tdl_a,tdl_A_10_30_100_mix_normalized,tdl_A_10ns,20.0,3,0.0001411908938560957,7.67287712734507e-06,0.00012213041042571444,0.00016025137728647694,0.0003180293826172029,0.0001411908938560957,1499,10616832
tdl_a,tdl_A_10_30_100_mix_normalized,tdl_A_300ns,-10.0,3,0.404022216796875,0.00024693965242441034,0.4034087846937379,0.4046356489000121,0.6627366358851209,0.404022216796875,4289436,10616832
tdl_a,tdl_A_10_30_100_mix_normalized,tdl_A_300ns,-8.0,3,0.37419891357421875,0.00015940664515059425,0.37380292551548167,0.37459490163295583,0.640511382509161,0.37419891357421875,3972807,10616832
tdl_a,tdl_A_10_30_100_mix_normalized,tdl_A_300ns,-6.0,3,0.33798914779851463,0.00014721589362889394,0.3376234432453683,0.33835485235166096,0.6062039718215848,0.33798914779851463,3588374,10616832
tdl_a,tdl_A_10_30_100_mix_normalized,tdl_A_300ns,-4.0,3,0.2955324149426119,0.00017877612552207934,0.29508831042722516,0.29597651945799863,0.5564672409752269,0.2955324149426119,3137618,10616832
tdl_a,tdl_A_10_30_100_mix_normalized,tdl_A_300ns,-2.0,3,0.2475622671621817,5.177515226544232e-05,0.24743365055390265,0.24769088377046072,0.48949139795185603,0.24756226716218172,2628327,10616832
tdl_a,tdl_A_10_30_100_mix_normalized,tdl_A_300ns,0.0,3,0.19663040726273148,0.00014484553417646958,0.19627059100889155,0.19699022351657142,0.40668408517484317,0.19663040726273148,2087592,10616832
tdl_a,tdl_A_10_30_100_mix_normalized,tdl_A_300ns,2.0,3,0.14617119306399498,0.0002225760448205096,0.14561828351730333,0.14672410261068664,0.31424475930355217,0.14617119306399498,1551875,10616832
tdl_a,tdl_A_10_30_100_mix_normalized,tdl_A_300ns,4.0,3,0.10071281150535301,0.00019783060136131867,0.10022137304795463,0.10120424996275139,0.22330474779929643,0.10071281150535301,1069251,10616832
tdl_a,tdl_A_10_30_100_mix_normalized,tdl_A_300ns,6.0,3,0.0648596492814429,7.9585692548363e-05,0.0646619474612603,0.0650573511016255,0.14629423958651813,0.0648596492814429,688604,10616832
tdl_a,tdl_A_10_30_100_mix_normalized,tdl_A_300ns,8.0,3,0.03992330292124807,3.9471252971082635e-05,0.03982525089320888,0.04002135494928726,0.09044770841245298,0.03992330292124807,423859,10616832
tdl_a,tdl_A_10_30_100_mix_normalized,tdl_A_300ns,10.0,3,0.024300751862702547,4.559022500755409e-05,0.02418749946546984,0.024414004259935253,0.05496888350189468,0.024300751862702547,257997,10616832
tdl_a,tdl_A_10_30_100_mix_normalized,tdl_A_300ns,12.0,3,0.015202557599103009,1.2595785120093852e-05,0.015171267934275904,0.015233847263930114,0.03424555226516576,0.015202557599103009,161403,10616832
tdl_a,tdl_A_10_30_100_mix_normalized,tdl_A_300ns,14.0,3,0.009951085220148535,3.679529441873416e-05,0.009859680641664563,0.010042489798632507,0.022297560484550987,0.009951085220148533,105649,10616832
tdl_a,tdl_A_10_30_100_mix_normalized,tdl_A_300ns,16.0,3,0.006825388213734567,6.281537584823769e-05,0.006669346169706321,0.006981430257762814,0.015371777775501949,0.006825388213734568,72464,10616832
tdl_a,tdl_A_10_30_100_mix_normalized,tdl_A_300ns,18.0,3,0.004935935691550926,0.00012747673262922997,0.004619265932644032,0.005252605450457819,0.011160798442699474,0.004935935691550926,52404,10616832
tdl_a,tdl_A_10_30_100_mix_normalized,tdl_A_300ns,20.0,3,0.003814979835792824,0.00017995704705684717,0.003367941748686869,0.004262017922898779,0.008449569679394272,0.003814979835792824,40503,10616832
tdl_a,tdl_A_10_30_100_mix_normalized,tdl_A_30ns,-10.0,3,0.38292006504388504,0.00012570477264790383,0.3826077970775916,0.38323233301017845,0.6507758924990524,0.38292006504388504,4065398,10616832
tdl_a,tdl_A_10_30_100_mix_normalized,tdl_A_30ns,-8.0,3,0.3524887650101273,7.17327621321646e-05,0.3523105709505401,0.35266695906971457,0.6261032812389327,0.3524887650101273,3742314,10616832
tdl_a,tdl_A_10_30_100_mix_normalized,tdl_A_30ns,-6.0,3,0.3157335446204668,4.086274673525241e-05,0.31563203593029227,0.3158350533106414,0.5893706050184039,0.3157335446204668,3352090,10616832
tdl_a,tdl_A_10_30_100_mix_normalized,tdl_A_30ns,-4.0,3,0.272464139961902,7.188750196343737e-05,0.2722855615072644,0.2726427184165396,0.5365567803382874,0.272464139961902,2892706,10616832
tdl_a,tdl_A_10_30_100_mix_normalized,tdl_A_30ns,-2.0,3,0.22304610264154126,5.7582179952434036e-05,0.22290306057679124,0.22318914470629128,0.4645307288493639,0.2230461026415413,2368043,10616832
tdl_a,tdl_A_10_30_100_mix_normalized,tdl_A_30ns,0.0,3,0.16942784815658754,0.0001202801113648399,0.16912905579596138,0.1697266405172137,0.37331983741418817,0.16942784815658757,1798787,10616832
tdl_a,tdl_A_10_30_100_mix_normalized,tdl_A_30ns,2.0,3,0.11564005157093943,2.313684350088335e-05,0.11558257646546585,0.115697526676413,0.26916302887745847,0.11564005157093943,1227731,10616832
tdl_a,tdl_A_10_30_100_mix_normalized,tdl_A_30ns,4.0,3,0.06810751079041281,5.8265210329321964e-05,0.06796277198414524,0.06825224959668039,0.16632058958948395,0.06810751079041281,723086,10616832
tdl_a,tdl_A_10_30_100_mix_normalized,tdl_A_30ns,6.0,3,0.03300975281515239,3.4956948736753556e-05,0.032922914940504436,0.03309659068980035,0.08345748594513647,0.03300975281515239,350459,10616832
tdl_a,tdl_A_10_30_100_mix_normalized,tdl_A_30ns,8.0,3,0.012739487636236497,4.840892404185657e-05,0.01261923320243434,0.012859742070038652,0.032852553865975805,0.012739487636236497,135253,10616832
tdl_a,tdl_A_10_30_100_mix_normalized,tdl_A_30ns,10.0,3,0.004423824357397762,2.192666818418382e-05,0.004369355494066347,0.0044782932207291775,0.011056996387556013,0.004423824357397762,46967,10616832
tdl_a,tdl_A_10_30_100_mix_normalized,tdl_A_30ns,12.0,3,0.0018066594630111882,9.789877169447238e-06,0.001782340059940246,0.0018309788660821303,0.004274816602974394,0.0018066594630111884,19181,10616832
tdl_a,tdl_A_10_30_100_mix_normalized,tdl_A_30ns,14.0,3,0.0009572535385320215,9.567132088911618e-06,0.0009334874649157657,0.0009810196121482775,0.002205412825540766,0.0009572535385320216,10163,10616832
tdl_a,tdl_A_10_30_100_mix_normalized,tdl_A_30ns,16.0,3,0.0005915135513117285,7.217072947745837e-06,0.0005735853482331057,0.0006094417543903512,0.0013564094559025068,0.0005915135513117284,6280,10616832
tdl_a,tdl_A_10_30_100_mix_normalized,tdl_A_30ns,18.0,3,0.0003952214747299382,1.9082031289491337e-05,0.0003478190811851303,0.0004426238682747461,0.0009106526124553595,0.00039522147472993826,4196,10616832
tdl_a,tdl_A_10_30_100_mix_normalized,tdl_A_30ns,20.0,3,0.00028803319106867286,2.1977590014651973e-05,0.0002334378308978352,0.0003426285512395105,0.000658306782082227,0.00028803319106867286,3058,10616832
tdl_a,tdl_A_10_30_100_mix_normalized,tdl_B_100ns,-10.0,3,0.39176347520616317,0.00011140971663692567,0.39148671812759955,0.3920402322847268,0.6557064630367138,0.39176347520616317,4159287,10616832
tdl_a,tdl_A_10_30_100_mix_normalized,tdl_B_100ns,-8.0,3,0.36202597912446954,3.919721186737786e-05,0.36192860785227066,0.36212335039666843,0.632238620593224,0.36202597912446954,3843569,10616832
tdl_a,tdl_A_10_30_100_mix_normalized,tdl_B_100ns,-6.0,3,0.32620295771846064,9.555761058459344e-05,0.3259655794543538,0.3264403359825675,0.5969023509525958,0.32620295771846064,3463242,10616832
tdl_a,tdl_A_10_30_100_mix_normalized,tdl_B_100ns,-4.0,3,0.2837885161976756,8.783948682268817e-06,0.2837666956594951,0.2838103367358561,0.5459988448354932,0.28378851619767553,3012935,10616832
tdl_a,tdl_A_10_30_100_mix_normalized,tdl_B_100ns,-2.0,3,0.2355354214891975,8.743450371792602e-05,0.23531822214119547,0.23575262083719956,0.4769938187098797,0.23553542148919754,2500640,10616832
tdl_a,tdl_A_10_30_100_mix_normalized,tdl_B_100ns,0.0,3,0.1835605009102527,6.250700782695491e-05,0.18340522489485525,0.18371577692565014,0.39059918750951317,0.1835605009102527,1948831,10616832
tdl_a,tdl_A_10_30_100_mix_normalized,tdl_B_100ns,2.0,3,0.13174852912808643,2.5477321961302217e-05,0.1316852399518056,0.13181181830436728,0.29301956020019676,0.13174852912808643,1398752,10616832
tdl_a,tdl_A_10_30_100_mix_normalized,tdl_B_100ns,4.0,3,0.0854988569094811,3.295952186119855e-05,0.08541698091826136,0.08558073290070084,0.19674204823411542,0.0854988569094811,907727,10616832
tdl_a,tdl_A_10_30_100_mix_normalized,tdl_B_100ns,6.0,3,0.049794891734182105,8.396011981953066e-05,0.04958632323424749,0.05000346023411672,0.1168410368723634,0.0497948917341821,528664,10616832
tdl_a,tdl_A_10_30_100_mix_normalized,tdl_B_100ns,8.0,3,0.026674152892312886,2.7703887879510957e-05,0.026605332619666702,0.02674297316495907,0.06272997490969705,0.026674152892312886,283195,10616832
tdl_a,tdl_A_10_30_100_mix_normalized,tdl_B_100ns,10.0,3,0.014011147581500771,4.117516975760197e-06,0.014000919102302127,0.014021376060699415,0.03266613574031694,0.014011147581500771,148754,10616832
tdl_a,tdl_A_10_30_100_mix_normalized,tdl_B_100ns,12.0,3,0.007762956030574846,8.664973229006269e-06,0.0077414310438045555,0.007784481017345137,0.017805832863589863,0.007762956030574845,82418,10616832
tdl_a,tdl_A_10_30_100_mix_normalized,tdl_B_100ns,14.0,3,0.004570195704330633,3.5823315256791835e-05,0.004481205655937968,0.0046591857527232975,0.010370157912005613,0.004570195704330633,48521,10616832
tdl_a,tdl_A_10_30_100_mix_normalized,tdl_B_100ns,16.0,3,0.0028320124119888116,5.844308914366487e-05,0.0026868317302503877,0.0029771930937272355,0.006374300696116723,0.0028320124119888116,30067,10616832
tdl_a,tdl_A_10_30_100_mix_normalized,tdl_B_100ns,18.0,3,0.0018377421814718363,6.3675752090624e-05,0.0016795628443735035,0.001995921518570169,0.004148479147216329,0.0018377421814718363,19511,10616832
tdl_a,tdl_A_10_30_100_mix_normalized,tdl_B_100ns,20.0,3,0.0012674213927469137,9.862360054484948e-05,0.001022426787355639,0.0015124159981381884,0.002944821105223655,0.0012674213927469137,13456,10616832
tdl_a,tdl_A_10_30_100_mix_normalized,tdl_B_10ns,-10.0,3,0.3810522762345679,0.00010877679209456692,0.3807820597031524,0.3813224927659834,0.6497203236744727,0.3810522762345679,4045568,10616832
tdl_a,tdl_A_10_30_100_mix_normalized,tdl_B_10ns,-8.0,3,0.3503303056881752,9.65068481769649e-05,0.3500905693871676,0.3505700419891828,0.6246584558192595,0.35033030568817514,3719398,10616832
tdl_a,tdl_A_10_30_100_mix_normalized,tdl_B_10ns,-6.0,3,0.31325512167848185,3.734240764107561e-05,0.3131623579954096,0.3133478853615541,0.5873897851985178,0.31325512167848185,3325777,10616832
tdl_a,tdl_A_10_30_100_mix_normalized,tdl_B_10ns,-4.0,3,0.2695109991379726,0.00012784241797590847,0.2691934209663054,0.2698285773096398,0.5337989381801935,0.2695109991379726,2861353,10616832
tdl_a,tdl_A_10_30_100_mix_normalized,tdl_B_10ns,-2.0,3,0.21943287790557486,2.278912782964025e-05,0.21937626657371323,0.2194894892374365,0.46058910717198875,0.21943287790557484,2329682,10616832
tdl_a,tdl_A_10_30_100_mix_normalized,tdl_B_10ns,0.0,3,0.16514041100019292,3.260758525700658e-05,0.16505940926796384,0.165221412732422,0.36767995247134455,0.1651404110001929,1753268,10616832
tdl_a,tdl_A_10_30_100_mix_normalized,tdl_B_10ns,2.0,3,0.11084577772352429,0.00014514290317680178,0.1104852227641363,0.11120633268291227,0.2614631336412312,0.1108457777235243,1176831,10616832
tdl_a,tdl_A_10_30_100_mix_normalized,tdl_B_10ns,4.0,3,0.06309433925298996,7.089208162407807e-05,0.06291823355955649,0.06327044494642343,0.15694601815423848,0.06309433925298998,669862,10616832
tdl_a,tdl_A_10_30_100_mix_normalized,tdl_B_10ns,6.0,3,0.02845349723910108,5.3114423135899705e-05,0.028321553697546367,0.028585440780655794,0.07396307638213957,0.02845349723910108,302086,10616832
tdl_a,tdl_A_10_30_100_mix_normalized,tdl_B_10ns,8.0,3,0.009495582109616126,4.357845218470041e-05,0.009387327233120331,0.00960383698611192,0.02532078075096195,0.009495582109616126,100813,10616832
tdl_a,tdl_A_10_30_100_mix_normalized,tdl_B_10ns,10.0,3,0.002466084044656636,2.285210711567964e-05,0.0024093162635754834,0.0025228518257377885,0.006443226212681628,0.002466084044656636,26182,10616832
tdl_a,tdl_A_10_30_100_mix_normalized,tdl_B_10ns,12.0,3,0.0007741480697820215,6.482712284632462e-06,0.0007580441197207333,0.0007902520198433098,0.0018775522016149795,0.0007741480697820216,8219,10616832
tdl_a,tdl_A_10_30_100_mix_normalized,tdl_B_10ns,14.0,3,0.00040643009138695985,6.062650343060563e-06,0.00039136963303604066,0.00042149054973787903,0.0009281500987088764,0.0004064300913869599,4315,10616832
tdl_a,tdl_A_10_30_100_mix_normalized,tdl_B_10ns,16.0,3,0.0002582691333912037,1.7646501324684314e-06,0.0002538854994489288,0.00026265276733347865,0.0005887887407144588,0.0002582691333912037,2742,10616832
tdl_a,tdl_A_10_30_100_mix_normalized,tdl_B_10ns,18.0,3,0.00017566445433063273,5.575542153044797e-06,0.00016181403980427964,0.00018951486885698582,0.00040431950167568384,0.0001756644543306327,1865,10616832
tdl_a,tdl_A_10_30_100_mix_normalized,tdl_B_10ns,20.0,3,0.0001285694263599537,3.2587581478177776e-06,0.00012047422235118147,0.00013666463036872593,0.00029638693170168324,0.0001285694263599537,1365,10616832
tdl_a,tdl_A_10_30_100_mix_normalized,tdl_B_300ns,-10.0,3,0.40319061279296875,0.00020937152852338407,0.4026705050831774,0.4037107205027601,0.661579277780321,0.40319061279296875,4280607,10616832
tdl_a,tdl_A_10_30_100_mix_normalized,tdl_B_300ns,-8.0,3,0.3737819341965663,9.594342610729365e-05,0.3735435975135697,0.3740202708795629,0.6392211590284183,0.37378193419656636,3968380,10616832
tdl_a,tdl_A_10_30_100_mix_normalized,tdl_B_300ns,-6.0,3,0.33838559374397187,6.124693449701759e-05,0.33823344792425303,0.3385377395636907,0.6050522334781694,0.3383855937439718,3592583,10616832
tdl_a,tdl_A_10_30_100_mix_normalized,tdl_B_300ns,-4.0,3,0.2967782668125482,9.70637095402353e-05,0.29653714719122787,0.29701938643386855,0.5559156886589379,0.2967782668125482,3150845,10616832
tdl_a,tdl_A_10_30_100_mix_normalized,tdl_B_300ns,-2.0,3,0.24993632752218364,2.387062956594352e-05,0.24987702959107344,0.24999562545329385,0.4902113974094391,0.24993632752218364,2653532,10616832
tdl_a,tdl_A_10_30_100_mix_normalized,tdl_B_300ns,0.0,3,0.19997650900004824,2.007309207393691e-05,0.19992664467503407,0.2000263733250624,0.409460656804803,0.19997650900004824,2123117,10616832
tdl_a,tdl_A_10_30_100_mix_normalized,tdl_B_300ns,2.0,3,0.15068496892481675,0.00016744978764555874,0.15026900059248618,0.15110093725714732,0.3197465318220633,0.15068496892481675,1599797,10616832
tdl_a,tdl_A_10_30_100_mix_normalized,tdl_B_300ns,4.0,3,0.10623385582441165,0.00011051215343373394,0.10595932841644985,0.10650838323237345,0.23162704246279633,0.10623385582441165,1127867,10616832
tdl_a,tdl_A_10_30_100_mix_normalized,tdl_B_300ns,6.0,3,0.07068737642264661,9.292449323578677e-05,0.07045653918464562,0.0709182136606476,0.156502649831919,0.07068737642264661,750476,10616832
tdl_a,tdl_A_10_30_100_mix_normalized,tdl_B_300ns,8.0,3,0.04519446102189429,0.00010221439600623283,0.04494054638608187,0.04544837565770671,0.100834782016866,0.04519446102189429,479822,10616832
tdl_a,tdl_A_10_30_100_mix_normalized,tdl_B_300ns,10.0,3,0.028597325454523537,3.765753304128648e-05,0.028503778956560675,0.0286908719524864,0.06387446981705265,0.028597325454523533,303613,10616832
tdl_a,tdl_A_10_30_100_mix_normalized,tdl_B_300ns,12.0,3,0.018346527476369598,2.917642460055877e-05,0.018274049219722584,0.01841900573301661,0.040836339655481745,0.018346527476369598,194782,10616832
tdl_a,tdl_A_10_30_100_mix_normalized,tdl_B_300ns,14.0,3,0.012019027898341049,4.51673483144881e-05,0.011906825985049047,0.012131229811633051,0.026716293399164707,0.012019027898341049,127604,10616832
tdl_a,tdl_A_10_30_100_mix_normalized,tdl_B_300ns,16.0,3,0.008103735652970678,0.00011673990161691433,0.007813737660887173,0.008393733645054184,0.018096342544864724,0.008103735652970678,86036,10616832
tdl_a,tdl_A_10_30_100_mix_normalized,tdl_B_300ns,18.0,3,0.005691245750144676,0.0001673853230552606,0.005275437556733953,0.006107053943555398,0.01279828713539942,0.005691245750144676,60423,10616832
tdl_a,tdl_A_10_30_100_mix_normalized,tdl_B_300ns,20.0,3,0.004248913423514661,0.00022552610590374477,0.0036886755188339005,0.004809151328195422,0.00954597401375204,0.004248913423514661,45110,10616832
tdl_a,tdl_A_10_30_100_mix_normalized,tdl_B_30ns,-10.0,3,0.38308197775004826,0.0001383186984640651,0.3827383750549405,0.383425580445156,0.6509229695355451,0.3830819777500482,4067117,10616832
tdl_a,tdl_A_10_30_100_mix_normalized,tdl_B_30ns,-8.0,3,0.35266188633294754,6.464149008731485e-05,0.3525013079696719,0.3528224646962232,0.6262746055920919,0.35266188633294754,3744152,10616832
tdl_a,tdl_A_10_30_100_mix_normalized,tdl_B_30ns,-6.0,3,0.3159487688982929,2.927159630349037e-05,0.3158760542220295,0.31602148357455623,0.5895525533475994,0.3159487688982928,3354375,10616832
tdl_a,tdl_A_10_30_100_mix_normalized,tdl_B_30ns,-4.0,3,0.27267239417558836,9.805524118978063e-05,0.2724288114531049,0.27291597689807184,0.5367357075950245,0.27267239417558836,2894917,10616832
tdl_a,tdl_A_10_30_100_mix_normalized,tdl_B_30ns,-2.0,3,0.22313304006317516,8.204094453461936e-05,0.22292923905894144,0.2233368410674089,0.4646692824216537,0.22313304006317516,2368966,10616832
tdl_a,tdl_A_10_30_100_mix_normalized,tdl_B_30ns,0.0,3,0.1692694204824942,4.7917102302222854e-05,0.16915038780162295,0.16938845316336543,0.3733902360186165,0.16926942048249422,1797105,10616832
tdl_a,tdl_A_10_30_100_mix_normalized,tdl_B_30ns,2.0,3,0.11557270568094136,0.00016663743627802415,0.11515875534127816,0.11598665602060455,0.26916459257955905,0.11557270568094136,1227016,10616832
tdl_a,tdl_A_10_30_100_mix_normalized,tdl_B_30ns,4.0,3,0.06804035328052661,3.401773985719809e-05,0.06795584853007566,0.06812485803097756,0.16628950190396954,0.06804035328052661,722373,10616832
tdl_a,tdl_A_10_30_100_mix_normalized,tdl_B_30ns,6.0,3,0.03281920633198302,7.482527049973221e-05,0.032633330055735724,0.03300508260823032,0.08337136063678764,0.03281920633198303,348436,10616832
tdl_a,tdl_A_10_30_100_mix_normalized,tdl_B_30ns,8.0,3,0.012674402307581017,3.4643379151779173e-05,0.01258834338296438,0.012760461232197654,0.032679049896053323,0.01267440230758102,134562,10616832
tdl_a,tdl_A_10_30_100_mix_normalized,tdl_B_30ns,10.0,3,0.004280843852478781,1.1444382503231733e-05,0.004252414430313738,0.004309273274643823,0.010798328596362728,0.004280843852478781,45449,10616832
tdl_a,tdl_A_10_30_100_mix_normalized,tdl_B_30ns,12.0,3,0.001671308352623457,7.918689702157383e-06,0.001651637236905939,0.001690979468340975,0.004018231593992239,0.0016713083526234567,17744,10616832
tdl_a,tdl_A_10_30_100_mix_normalized,tdl_B_30ns,14.0,3,0.0008630634825906636,9.987699639072452e-06,0.0008382526612626754,0.0008878743039186517,0.0020044479841786083,0.0008630634825906636,9163,10616832
tdl_a,tdl_A_10_30_100_mix_normalized,tdl_B_30ns,16.0,3,0.0005167266468942901,7.75053107261022e-06,0.0004974732603700023,0.0005359800334185779,0.0011932521059255425,0.0005167266468942901,5486,10616832
tdl_a,tdl_A_10_30_100_mix_normalized,tdl_B_30ns,18.0,3,0.00033531659915123454,1.7387443507634282e-05,0.0002921237950213674,0.0003785094032811017,0.0007797526026209838,0.0003353165991512346,3560,10616832
tdl_a,tdl_A_10_30_100_mix_normalized,tdl_B_30ns,20.0,3,0.0002383008415316358,2.3733090656190885e-05,0.0001793445760139854,0.00029725710704928615,0.00055284360349914,0.0002383008415316358,2530,10616832
tdl_a,tdl_A_10_30_100_mix_normalized,tdl_C_100ns,-10.0,3,0.38972680362654327,0.00015310514642616268,0.3893464693584287,0.39010713789465784,0.6545494198799133,0.3897268036265432,4137664,10616832
tdl_a,tdl_A_10_30_100_mix_normalized,tdl_C_100ns,-8.0,3,0.3598787284191744,0.00015089467442535128,0.359503885267918,0.3602535715704308,0.6309393894525223,0.3598787284191744,3820772,10616832
tdl_a,tdl_A_10_30_100_mix_normalized,tdl_C_100ns,-6.0,3,0.3238760865764853,2.617602492750321e-05,0.32381106172581675,0.32394111142715387,0.5954663238407653,0.32387608657648537,3438538,10616832
tdl_a,tdl_A_10_30_100_mix_normalized,tdl_C_100ns,-4.0,3,0.2813723528826678,5.175201459958103e-05,0.28124379375153713,0.2815009120137985,0.5443108975887299,0.2813723528826678,2987283,10616832
tdl_a,tdl_A_10_30_100_mix_normalized,tdl_C_100ns,-2.0,3,0.23285995295018325,1.5032980794769378e-05,0.23282260895566953,0.23289729694469696,0.4747636274055198,0.23285995295018325,2472235,10616832
tdl_a,tdl_A_10_30_100_mix_normalized,tdl_C_100ns,0.0,3,0.18048576072410302,4.971067039562387e-05,0.18036227257309223,0.18060924887511381,0.3873086233197907,0.18048576072410302,1916187,10616832
tdl_a,tdl_A_10_30_100_mix_normalized,tdl_C_100ns,2.0,3,0.12799590310932676,5.358586438509639e-05,0.127862788442786,0.12812901777586752,0.2880917209901927,0.12799590310932676,1358911,10616832
tdl_a,tdl_A_10_30_100_mix_normalized,tdl_C_100ns,4.0,3,0.08121245584370178,7.187361679396723e-05,0.08103391188173728,0.08139099980566628,0.18995623603279208,0.08121245584370178,862219,10616832
tdl_a,tdl_A_10_30_100_mix_normalized,tdl_C_100ns,6.0,3,0.04537182089723187,3.040005031144534e-05,0.04529630298581126,0.04544733880865248,0.10883242250592622,0.045371820897231865,481705,10616832
tdl_a,tdl_A_10_30_100_mix_normalized,tdl_C_100ns,8.0,3,0.022824134355709874,1.361722418504483e-05,0.022790307295581173,0.022857961415838575,0.05493268572989805,0.022824134355709878,242320,10616832
tdl_a,tdl_A_10_30_100_mix_normalized,tdl_C_100ns,10.0,3,0.01115624698591821,9.879185431362126e-06,0.011131705728825866,0.011180788243010553,0.026371360974915232,0.01115624698591821,118444,10616832
tdl_a,tdl_A_10_30_100_mix_normalized,tdl_C_100ns,12.0,3,0.005801165545428241,7.4921070147270965e-06,0.005782554119851789,0.005819776971004694,0.013391542190938821,0.00580116554542824,61590,10616832
tdl_a,tdl_A_10_30_100_mix_normalized,tdl_C_100ns,14.0,3,0.0033395084334008483,4.12245890877505e-05,0.0032371008769927047,0.003441915989808992,0.0075119453206382416,0.0033395084334008488,35455,10616832
tdl_a,tdl_A_10_30_100_mix_normalized,tdl_C_100ns,16.0,3,0.0020492930471161263,4.332302314803669e-05,0.0019416726915230085,0.0021569134027092443,0.004598170787636421,0.0020492930471161267,21757,10616832
tdl_a,tdl_A_10_30_100_mix_normalized,tdl_C_100ns,18.0,3,0.0013581264166184414,5.506446051840822e-05,0.0012213387136623321,0.0014949141195745507,0.0030439514508700852,0.0013581264166184414,14419,10616832
tdl_a,tdl_A_10_30_100_mix_normalized,tdl_C_100ns,20.0,3,0.0009661074037905093,8.174633350423336e-05,0.0007630382539276868,0.0011691765536533318,0.0021966216944870943,0.0009661074037905093,10257,10616832
tdl_a,tdl_A_10_30_100_mix_normalized,tdl_C_10ns,-10.0,3,0.38122775230878664,0.00015128204407319866,0.3808519468779796,0.3816035577395937,0.649658876436728,0.38122775230878664,4047431,10616832
tdl_a,tdl_A_10_30_100_mix_normalized,tdl_C_10ns,-8.0,3,0.3503415143048321,0.00012015413841658046,0.3500430348783574,0.35063999373130683,0.6246013479468263,0.3503415143048322,3719517,10616832
tdl_a,tdl_A_10_30_100_mix_normalized,tdl_C_10ns,-6.0,3,0.31337653266059023,8.646416274354788e-05,0.313161743773196,0.31359132154798447,0.5873368577456769,0.3133765326605903,3327066,10616832
tdl_a,tdl_A_10_30_100_mix_normalized,tdl_C_10ns,-4.0,3,0.26956242690851656,0.00010900959886505351,0.2692916320530229,0.2698332217640102,0.5337412780449714,0.2695624269085166,2861899,10616832
tdl_a,tdl_A_10_30_100_mix_normalized,tdl_C_10ns,-2.0,3,0.21945388228804977,0.00010683544204346081,0.21918848833750812,0.21971927623859142,0.4605321409525695,0.21945388228804977,2329905,10616832
tdl_a,tdl_A_10_30_100_mix_normalized,tdl_C_10ns,0.0,3,0.16521792941623262,8.753611517964217e-05,0.16500047765136658,0.16543538118109866,0.3676278031902549,0.16521792941623265,1754091,10616832
tdl_a,tdl_A_10_30_100_mix_normalized,tdl_C_10ns,2.0,3,0.11087507083092207,2.2366519112209167e-05,0.11081950931731276,0.11093063234453139,0.26143699608467247,0.11087507083092207,1177142,10616832
tdl_a,tdl_A_10_30_100_mix_normalized,tdl_C_10ns,4.0,3,0.06312589292173032,5.909906253492666e-05,0.06297908271175269,0.06327270313170795,0.15698938255692704,0.06312589292173032,670197,10616832
tdl_a,tdl_A_10_30_100_mix_normalized,tdl_C_10ns,6.0,3,0.028521973409770446,8.45868656794382e-05,0.028311847986809493,0.0287320988327314,0.07410739808354849,0.028521973409770446,302813,10616832
tdl_a,tdl_A_10_30_100_mix_normalized,tdl_C_10ns,8.0,3,0.009547575020495755,4.957019602569294e-05,0.009424435827164844,0.009670714213826667,0.025520790966204656,0.009547575020495757,101365,10616832
tdl_a,tdl_A_10_30_100_mix_normalized,tdl_C_10ns,10.0,3,0.002466931755160108,2.6616149943780415e-05,0.002400813573340675,0.0025330499369795407,0.006539268347285228,0.002466931755160108,26191,10616832
tdl_a,tdl_A_10_30_100_mix_normalized,tdl_C_10ns,12.0,3,0.0007305380738811727,2.4362290288435604e-06,0.000724486145475934,0.0007365900022864115,0.0018425136308737652,0.0007305380738811729,7756,10616832
tdl_a,tdl_A_10_30_100_mix_normalized,tdl_C_10ns,14.0,3,0.0003405912422839506,6.652912426761693e-06,0.00032406449163103796,0.00035711799293686327,0.0008252039156946854,0.0003405912422839506,3616,10616832
tdl_a,tdl_A_10_30_100_mix_normalized,tdl_C_10ns,16.0,3,0.00020147252965856482,4.719852331229332e-06,0.00018974776648822438,0.00021319729282890526,0.0004842945362567807,0.00020147252965856482,2139,10616832
tdl_a,tdl_A_10_30_100_mix_normalized,tdl_C_10ns,18.0,3,0.0001334673092689043,3.846830741347724e-06,0.00012391125195324257,0.00014302336658456605,0.0003192543907730003,0.0001334673092689043,1417,10616832
tdl_a,tdl_A_10_30_100_mix_normalized,tdl_C_10ns,20.0,3,9.767508801118826e-05,1.1419937372073095e-06,9.48382183019022e-05,0.00010051195772047432,0.00023158724205266614,9.767508801118826e-05,1037,10616832
tdl_a,tdl_A_10_30_100_mix_normalized,tdl_C_300ns,-10.0,3,0.4037369151174286,0.00038095880453680847,0.4027905609844198,0.4046832692504374,0.6622349288728503,0.40373691511742865,4286407,10616832
tdl_a,tdl_A_10_30_100_mix_normalized,tdl_C_300ns,-8.0,3,0.3739820880654417,0.00022908919270059994,0.3734129989624783,0.3745511771684051,0.6400616882759848,0.37398208806544175,3970505,10616832
tdl_a,tdl_A_10_30_100_mix_normalized,tdl_C_300ns,-6.0,3,0.3378751778308256,0.0002318178400794049,0.33729931039200617,0.33845104526964503,0.605993726371247,0.3378751778308256,3587164,10616832
tdl_a,tdl_A_10_30_100_mix_normalized,tdl_C_300ns,-4.0,3,0.2954400144977334,7.566885809864446e-05,0.2952520426337184,0.29562798636174836,0.5566971519111116,0.2954400144977334,3136637,10616832
tdl_a,tdl_A_10_30_100_mix_normalized,tdl_C_300ns,-2.0,3,0.24771607952353394,5.46540183767717e-05,0.2475803114153804,0.2478518476316875,0.49030444320337274,0.24771607952353394,2629960,10616832
tdl_a,tdl_A_10_30_100_mix_normalized,tdl_C_300ns,0.0,3,0.196868896484375,9.851451376370084e-05,0.19662417286557063,0.19711362010317937,0.408107187277005,0.196868896484375,2090124,10616832
tdl_a,tdl_A_10_30_100_mix_normalized,tdl_C_300ns,2.0,3,0.1465233696831597,0.00019335874176641153,0.1460430399408231,0.14700369942549632,0.316186315851447,0.1465233696831597,1555614,10616832
tdl_a,tdl_A_10_30_100_mix_normalized,tdl_C_300ns,4.0,3,0.10145220344449267,0.0001324191261348183,0.10112325609949177,0.10178115078949357,0.22560063280441142,0.10145220344449267,1077101,10616832
tdl_a,tdl_A_10_30_100_mix_normalized,tdl_C_300ns,6.0,3,0.06562230616440008,0.00010468999091497388,0.06536224180991562,0.06588237051888454,0.14873892620757775,0.06562230616440008,696701,10616832
tdl_a,tdl_A_10_30_100_mix_normalized,tdl_C_300ns,8.0,3,0.040691517017505785,4.406735898232257e-05,0.04058204762919644,0.04080098640581513,0.09295576847629783,0.040691517017505785,432015,10616832
tdl_a,tdl_A_10_30_100_mix_normalized,tdl_C_300ns,10.0,3,0.02510833740234375,4.005226550095863e-05,0.025008842059168042,0.025207832745519458,0.05755806751089332,0.02510833740234375,266571,10616832
tdl_a,tdl_A_10_30_100_mix_normalized,tdl_C_300ns,12.0,3,0.015915293752411266,2.5477321961303192e-05,0.015852004576130407,0.015978582928692125,0.03676437191021295,0.015915293752411266,168970,10616832
tdl_a,tdl_A_10_30_100_mix_normalized,tdl_C_300ns,14.0,3,0.010583665635850692,1.3989363826594702e-05,0.010548914129604346,0.010618417142097039,0.024709991501345313,0.010583665635850694,112365,10616832
tdl_a,tdl_A_10_30_100_mix_normalized,tdl_C_300ns,16.0,3,0.007426226580584491,3.0195369333362726e-05,0.007351217124900435,0.007501236036268548,0.017740660933432757,0.00742622658058449,78843,10616832
tdl_a,tdl_A_10_30_100_mix_normalized,tdl_C_300ns,18.0,3,0.005519631468219522,4.7650860079579015e-05,0.005401260169694049,0.005638002766744994,0.013325013720464927,0.005519631468219522,58601,10616832
tdl_a,tdl_A_10_30_100_mix_normalized,tdl_C_300ns,20.0,3,0.004379649221161266,0.00012093254920960553,0.004079236115080284,0.004680062327242248,0.010257757447062083,0.004379649221161266,46498,10616832
tdl_a,tdl_A_10_30_100_mix_normalized,tdl_C_30ns,-10.0,3,0.38311089409722227,0.0001770006088365329,0.3826712002097921,0.3835505879846524,0.6508053909113377,0.3831108940972222,4067424,10616832
tdl_a,tdl_A_10_30_100_mix_normalized,tdl_C_30ns,-8.0,3,0.3526509602864583,0.0001739363416619616,0.3522188784606757,0.35308304211224095,0.6261481289510374,0.3526509602864583,3744036,10616832
tdl_a,tdl_A_10_30_100_mix_normalized,tdl_C_30ns,-6.0,3,0.3160183753496335,5.1309897891774786e-05,0.3158909144972897,0.31614583620197734,0.5894119629153499,0.3160183753496335,3355114,10616832
tdl_a,tdl_A_10_30_100_mix_normalized,tdl_C_30ns,-4.0,3,0.27268256670163,0.00013876966951712066,0.2723378437323224,0.2730272896709376,0.5365645304138278,0.27268256670163,2895025,10616832
tdl_a,tdl_A_10_30_100_mix_normalized,tdl_C_30ns,-2.0,3,0.22312729446976273,0.0001152453344718897,0.22284100918828706,0.2234135797512384,0.46448761335125677,0.22312729446976273,2368905,10616832
tdl_a,tdl_A_10_30_100_mix_normalized,tdl_C_30ns,0.0,3,0.16942775396653165,9.462697921949134e-05,0.16919268751889466,0.16966282041416864,0.37324311225502577,0.16942775396653165,1798786,10616832
tdl_a,tdl_A_10_30_100_mix_normalized,tdl_C_30ns,2.0,3,0.11563637815875771,4.677738397866914e-05,0.11552017669515491,0.11575257962236052,0.26908318496044775,0.11563637815875771,1227692,10616832
tdl_a,tdl_A_10_30_100_mix_normalized,tdl_C_30ns,4.0,3,0.0680710592387635,5.6199742219854135e-05,0.06793145133971926,0.06821066713780774,0.16631851851204296,0.0680710592387635,722699,10616832
tdl_a,tdl_A_10_30_100_mix_normalized,tdl_C_30ns,6.0,3,0.03294871765890239,0.00010850485948827802,0.03267917664552925,0.033218258672275534,0.0835823091091933,0.03294871765890239,349811,10616832
tdl_a,tdl_A_10_30_100_mix_normalized,tdl_C_30ns,8.0,3,0.012810130178192514,1.5138835740094259e-05,0.012772523225417137,0.01284773713096789,0.03302852020679433,0.012810130178192516,136003,10616832
tdl_a,tdl_A_10_30_100_mix_normalized,tdl_C_30ns,10.0,3,0.004389256606867284,2.1953962424935138e-05,0.004334719940883102,0.004443793272851466,0.011083181941720805,0.004389256606867284,46600,10616832
tdl_a,tdl_A_10_30_100_mix_normalized,tdl_C_30ns,12.0,3,0.001716048629195602,1.065930182215948e-05,0.001689569455557251,0.0017425278028339532,0.004168647321309021,0.0017160486291956018,18219,10616832
tdl_a,tdl_A_10_30_100_mix_normalized,tdl_C_30ns,14.0,3,0.000858165599681713,1.3062568191331898e-05,0.0008257163814240948,0.0008906148179393311,0.0020366001351058115,0.000858165599681713,9111,10616832
tdl_a,tdl_A_10_30_100_mix_normalized,tdl_C_30ns,16.0,3,0.0005092856324749227,6.783646036795503e-06,0.0004924341215311196,0.0005261371434187259,0.0011679474509610035,0.0005092856324749229,5407,10616832
tdl_a,tdl_A_10_30_100_mix_normalized,tdl_C_30ns,18.0,3,0.000323071891878858,1.7556531215255438e-05,0.00027945905059787997,0.00036668473315983605,0.0007431060973184135,0.000323071891878858,3430,10616832
tdl_a,tdl_A_10_30_100_mix_normalized,tdl_C_30ns,20.0,3,0.00022605613425925926,2.3350966775545566e-05,0.000168049117084116,0.00028406315143440254,0.0005231448509476526,0.00022605613425925926,2400,10616832
tdl_a,tdl_A_10_30_100_mix_normalized,tdl_D_100ns,-10.0,3,0.38175446310161076,0.00014023748000332117,0.3814060938889206,0.3821028323143009,0.6501306162940131,0.3817544631016107,4053023,10616832
tdl_a,tdl_A_10_30_100_mix_normalized,tdl_D_100ns,-8.0,3,0.3512277485411844,0.00016559005627824407,0.3508164000376773,0.3516390970446915,0.6253447142648109,0.35122774854118444,3728926,10616832
tdl_a,tdl_A_10_30_100_mix_normalized,tdl_D_100ns,-6.0,3,0.31449814784673996,0.00011139729336895754,0.3142214216292848,0.31477487406419513,0.5884872137764354,0.31449814784673996,3338974,10616832
tdl_a,tdl_A_10_30_100_mix_normalized,tdl_D_100ns,-4.0,3,0.27099251452787426,0.00010825990490130418,0.2707235820154283,0.27126144704032024,0.5355137568197132,0.2709925145278742,2877082,10616832
tdl_a,tdl_A_10_30_100_mix_normalized,tdl_D_100ns,-2.0,3,0.22140691309799385,0.0001241298081546996,0.22109855756039282,0.22171526863559488,0.4631942598908036,0.22140691309799382,2350640,10616832
tdl_a,tdl_A_10_30_100_mix_normalized,tdl_D_100ns,0.0,3,0.16743817741488232,0.0001353464892935764,0.16710195809666248,0.16777439673310215,0.3714443158220362,0.16743817741488232,1777663,10616832
tdl_a,tdl_A_10_30_100_mix_normalized,tdl_D_100ns,2.0,3,0.11341443473910108,0.00010090340269422502,0.113163776791215,0.11366509268698716,0.2664719775870994,0.11341443473910108,1204102,10616832
tdl_a,tdl_A_10_30_100_mix_normalized,tdl_D_100ns,4.0,3,0.06565150508174189,8.550864621351665e-05,0.06543908982899418,0.0658639203344896,0.16269086062172314,0.0656515050817419,697011,10616832
tdl_a,tdl_A_10_30_100_mix_normalized,tdl_D_100ns,6.0,3,0.03054235010971258,6.604187340561209e-05,0.030378293001424885,0.030706407218000272,0.07906726471803806,0.03054235010971258,324263,10616832
tdl_a,tdl_A_10_30_100_mix_normalized,tdl_D_100ns,8.0,3,0.0104010311173804,2.800772633374942e-05,0.010331456068171735,0.010470606166589066,0.02823817426407779,0.010401031117380402,110426,10616832
tdl_a,tdl_A_10_30_100_mix_normalized,tdl_D_100ns,10.0,3,0.00249481201171875,1.0636805908609388e-05,0.002468388721027611,0.002521235302409889,0.006964137053324117,0.00249481201171875,26487,10616832
tdl_a,tdl_A_10_30_100_mix_normalized,tdl_D_100ns,12.0,3,0.0004257390528549382,9.218603615931446e-06,0.0004028387719620637,0.0004486393337478127,0.0012362688998289314,0.00042573905285493826,4520,10616832
tdl_a,tdl_A_10_30_100_mix_normalized,tdl_D_100ns,14.0,3,6.225962697723765e-05,2.532644325491589e-06,5.5968189697596915e-05,6.85510642568784e-05,0.00020349555905587846,6.225962697723765e-05,661,10616832
tdl_a,tdl_A_10_30_100_mix_normalized,tdl_D_100ns,16.0,3,1.2527277440200617e-05,6.525678498327476e-07,1.0906209034894298e-05,1.4148345845506936e-05,4.5795534204466725e-05,1.2527277440200617e-05,133,10616832
tdl_a,tdl_A_10_30_100_mix_normalized,tdl_D_100ns,18.0,3,4.050172405478395e-06,5.88216710822814e-07,2.5889610913867515e-06,5.511383719570039e-06,1.618060121944398e-05,4.050172405478395e-06,43,10616832
tdl_a,tdl_A_10_30_100_mix_normalized,tdl_D_100ns,20.0,3,1.2244707272376543e-06,4.316330610633982e-07,1.5223476257150933e-07,2.296706691903799e-06,8.155339593413148e-06,1.2244707272376543e-06,13,10616832
tdl_a,tdl_A_10_30_100_mix_normalized,tdl_D_10ns,-10.0,3,0.38005461516203703,0.00017266008417165862,0.3796257037356161,0.38048352658845797,0.6490533469635763,0.38005461516203703,4034976,10616832
tdl_a,tdl_A_10_30_100_mix_normalized,tdl_D_10ns,-8.0,3,0.34914445288387347,0.00019696282566635518,0.3486551701008044,0.34963373566694256,0.6237924893697103,0.34914445288387347,3706808,10616832
tdl_a,tdl_A_10_30_100_mix_normalized,tdl_D_10ns,-6.0,3,0.3119933516890914,6.977595275449452e-05,0.31182001861347414,0.3121666847647087,0.5862397029076094,0.3119933516890914,3312381,10616832
tdl_a,tdl_A_10_30_100_mix_normalized,tdl_D_10ns,-4.0,3,0.2678138827100212,0.00015154202359778348,0.26743743145427284,0.2681903339657696,0.5322282141373481,0.2678138827100212,2843335,10616832
tdl_a,tdl_A_10_30_100_mix_normalized,tdl_D_10ns,-2.0,3,0.2175641471956983,6.881400689921154e-05,0.2173932037260569,0.21773509066533972,0.4583697333747958,0.2175641471956983,2309842,10616832
tdl_a,tdl_A_10_30_100_mix_normalized,tdl_D_10ns,0.0,3,0.16277360327449844,0.00013172448173630346,0.1624463815218442,0.16310082502715267,0.3644620257395285,0.16277360327449847,1728140,10616832
tdl_a,tdl_A_10_30_100_mix_normalized,tdl_D_10ns,2.0,3,0.10794331114969136,0.00010248548995463511,0.10768872307917826,0.10819789922020445,0.2569365512441706,0.10794331114969136,1146016,10616832
tdl_a,tdl_A_10_30_100_mix_normalized,tdl_D_10ns,4.0,3,0.06007451186945409,0.00010719891882977772,0.05980821499252016,0.06034080874638802,0.1512166675594118,0.06007451186945409,637801,10616832
tdl_a,tdl_A_10_30_100_mix_normalized,tdl_D_10ns,6.0,3,0.025666036723572528,0.00012210181413690386,0.025362719002390507,0.02596935444475455,0.06795677892219873,0.02566603672357253,272492,10616832
tdl_a,tdl_A_10_30_100_mix_normalized,tdl_D_10ns,8.0,3,0.0073573736496913575,3.099826080315982e-05,0.0072803697010286605,0.0074343775983540545,0.02048406313046997,0.007357373649691358,78112,10616832
tdl_a,tdl_A_10_30_100_mix_normalized,tdl_D_10ns,10.0,3,0.0011930112485532406,2.4220401016913177e-05,0.0011328444369911477,0.0012531780601153335,0.0034978902829741992,0.0011930112485532408,12666,10616832
tdl_a,tdl_A_10_30_100_mix_normalized,tdl_D_10ns,12.0,3,8.966893325617284e-05,1.0475441830698264e-05,6.364649315630973e-05,0.00011569137335603596,0.0003090375631237058,8.966893325617284e-05,952,10616832
tdl_a,tdl_A_10_30_100_mix_normalized,tdl_D_10ns,14.0,3,3.1082718460648146e-06,5.651403356481481e-07,1.7043854257972135e-06,4.512158266332416e-06,2.1619819956048345e-05,3.1082718460648146e-06,33,10616832
tdl_a,tdl_A_10_30_100_mix_normalized,tdl_D_10ns,16.0,3,0.0,0.0,0.0,0.0,4.0677073931515165e-06,0.0,0,10616832
tdl_a,tdl_A_10_30_100_mix_normalized,tdl_D_10ns,18.0,3,0.0,0.0,0.0,0.0,2.034161255963867e-06,0.0,0,10616832
tdl_a,tdl_A_10_30_100_mix_normalized,tdl_D_10ns,20.0,3,0.0,0.0,0.0,0.0,1.4602070633024853e-06,0.0,0,10616832
tdl_a,tdl_A_10_30_100_mix_normalized,tdl_D_300ns,-10.0,3,0.3835907924322434,0.0001190963143499785,0.38329494078642506,0.3838866440780618,0.6512583516262196,0.3835907924322434,4072519,10616832
tdl_a,tdl_A_10_30_100_mix_normalized,tdl_D_300ns,-8.0,3,0.3535036628628954,0.00014403023981762034,0.35314587191251856,0.3538614538132723,0.627008205578651,0.3535036628628955,3753089,10616832
tdl_a,tdl_A_10_30_100_mix_normalized,tdl_D_300ns,-6.0,3,0.31713829511477626,0.00010721530402822142,0.31687195753475295,0.31740463269479957,0.5909457983058176,0.31713829511477626,3367004,10616832
tdl_a,tdl_A_10_30_100_mix_normalized,tdl_D_300ns,-4.0,3,0.27426891562379435,0.0001694017779332265,0.27384809827877704,0.27468973296881166,0.53915035283124,0.27426891562379435,2911867,10616832
tdl_a,tdl_A_10_30_100_mix_normalized,tdl_D_300ns,-2.0,3,0.2254531295211227,0.00010146866134086847,0.22520106739291554,0.22570519164932987,0.4685695359000453,0.22545312952112267,2393598,10616832
tdl_a,tdl_A_10_30_100_mix_normalized,tdl_D_300ns,0.0,3,0.17243298189139658,7.975206139729808e-05,0.17223486678808228,0.17263109699471088,0.3792489763395286,0.1724329818913966,1830692,10616832
tdl_a,tdl_A_10_30_100_mix_normalized,tdl_D_300ns,2.0,3,0.11930074809510031,0.0001122733218886152,0.11902184570216283,0.1195796504880378,0.2772187656826443,0.11930074809510031,1266596,10616832
tdl_a,tdl_A_10_30_100_mix_normalized,tdl_D_300ns,4.0,3,0.07210889274691358,9.0362976669837e-05,0.07188441866881358,0.07233336682501358,0.1759336300102281,0.07210889274691358,765568,10616832
tdl_a,tdl_A_10_30_100_mix_normalized,tdl_D_300ns,6.0,3,0.03629642062717014,2.5685923568867555e-05,0.03623261325576918,0.036360227998571096,0.092656850170942,0.03629642062717014,385353,10616832
tdl_a,tdl_A_10_30_100_mix_normalized,tdl_D_300ns,8.0,3,0.014748467339409724,3.6530323327662445e-05,0.014657720985605633,0.014839213693213815,0.038966592033336196,0.014748467339409722,156582,10616832
tdl_a,tdl_A_10_30_100_mix_normalized,tdl_D_300ns,10.0,3,0.004852483301986882,2.5042689789442953e-05,0.004790273811874923,0.004914692792098841,0.013101194950717467,0.004852483301986883,51518,10616832
tdl_a,tdl_A_10_30_100_mix_normalized,tdl_D_300ns,12.0,3,0.0014022073627989972,7.75053107261022e-06,0.0013829539762747092,0.001421460749323285,0.003832503802568456,0.001402207362798997,14887,10616832
tdl_a,tdl_A_10_30_100_mix_normalized,tdl_D_300ns,14.0,3,0.0004282821843653549,6.141162754653389e-06,0.00041302669037195013,0.00044353767835875966,0.0011636484195162071,0.00042828218436535495,4547,10616832
tdl_a,tdl_A_10_30_100_mix_normalized,tdl_D_300ns,16.0,3,0.00016681058907214508,1.274179459415839e-06,0.00016364535182535351,0.00016997582631893664,0.00045357804584107074,0.00016681058907214505,1771,10616832
tdl_a,tdl_A_10_30_100_mix_normalized,tdl_D_300ns,18.0,3,9.277720510223765e-05,4.5328811515585684e-06,8.151690409034527e-05,0.00010403750611413004,0.0002478780260513124,9.277720510223765e-05,985,10616832
tdl_a,tdl_A_10_30_100_mix_normalized,tdl_D_300ns,20.0,3,6.508532865547839e-05,5.408346753515773e-06,5.165025052634213e-05,7.852040678461465e-05,0.00016863503037992488,6.508532865547839e-05,691,10616832
tdl_a,tdl_A_10_30_100_mix_normalized,tdl_D_30ns,-10.0,3,0.3806637422538098,0.00015976096809767744,0.3802668740080777,0.3810606104995419,0.6494097967206697,0.3806637422538098,4041443,10616832
tdl_a,tdl_A_10_30_100_mix_normalized,tdl_D_30ns,-8.0,3,0.34989825590157214,0.0001804170875737401,0.3494500750104692,0.3503464367926751,0.6243042496987331,0.34989825590157214,3714811,10616832
tdl_a,tdl_A_10_30_100_mix_normalized,tdl_D_30ns,-6.0,3,0.3127992418077257,6.329130227971928e-05,0.31264201749690096,0.3129564661185505,0.5869780359444795,0.31279924180772567,3320937,10616832
tdl_a,tdl_A_10_30_100_mix_normalized,tdl_D_30ns,-4.0,3,0.26885242226683065,0.00019724477226767373,0.26836243908957647,0.26934240544408483,0.5333101289507783,0.26885242226683065,2854361,10616832
tdl_a,tdl_A_10_30_100_mix_normalized,tdl_D_30ns,-2.0,3,0.21886641890914352,7.174110991339629e-05,0.21868820411251813,0.2190446337057689,0.45996165385952703,0.21886641890914352,2323668,10616832
tdl_a,tdl_A_10_30_100_mix_normalized,tdl_D_30ns,0.0,3,0.1642276151680652,0.00013412184408386095,0.16389443803719445,0.16456079229893594,0.36675967404871807,0.1642276151680652,1743577,10616832
tdl_a,tdl_A_10_30_100_mix_normalized,tdl_D_30ns,2.0,3,0.10977869857976465,0.00011074888246296199,0.10950358310429385,0.11005381405523544,0.2600595171068922,0.10977869857976466,1165502,10616832
tdl_a,tdl_A_10_30_100_mix_normalized,tdl_D_30ns,4.0,3,0.061838785807291664,9.80982536789608e-05,0.06159509623586174,0.06208247537872159,0.15493281571953385,0.061838785807291664,656532,10616832
tdl_a,tdl_A_10_30_100_mix_normalized,tdl_D_30ns,6.0,3,0.027200486924913194,0.00010232513069205667,0.026946297208891714,0.027454676640934674,0.07148399291399084,0.027200486924913194,288783,10616832
tdl_a,tdl_A_10_30_100_mix_normalized,tdl_D_30ns,8.0,3,0.008266496069637344,1.2587330153462271e-05,0.0082352274081117,0.008297764731162989,0.02285256312677154,0.008266496069637346,87764,10616832
tdl_a,tdl_A_10_30_100_mix_normalized,tdl_D_30ns,10.0,3,0.001548296139564043,1.769244308446091e-05,0.0015043456744832846,0.0015922466046448015,0.004466856395779752,0.0015482961395640433,16438,10616832
tdl_a,tdl_A_10_30_100_mix_normalized,tdl_D_30ns,12.0,3,0.00017491093388310184,3.822538378247489e-06,0.0001654152221427272,0.00018440664562347647,0.0005403411014862128,0.00017491093388310186,1857,10616832
tdl_a,tdl_A_10_30_100_mix_normalized,tdl_D_30ns,14.0,3,1.7330970293209876e-05,1.5562751338495615e-06,1.3464968543209496e-05,2.1196972043210255e-05,6.885912794300736e-05,1.7330970293209876e-05,184,10616832
tdl_a,tdl_A_10_30_100_mix_normalized,tdl_D_30ns,16.0,3,5.5572133005401236e-06,5.882167108228139e-07,4.09600198644848e-06,7.018424614631767e-06,2.1635941355967073e-05,5.5572133005401236e-06,59,10616832
tdl_a,tdl_A_10_30_100_mix_normalized,tdl_D_30ns,18.0,3,3.3908420138888887e-06,7.476103919882854e-07,1.5336748453844983e-06,5.248009182393279e-06,1.027311573462039e-05,3.3908420138888887e-06,36,10616832
tdl_a,tdl_A_10_30_100_mix_normalized,tdl_D_30ns,20.0,3,1.8838011188271604e-06,5.88216710822814e-07,4.2258980473551667e-07,3.345012432918804e-06,4.784018050974771e-06,1.8838011188271604e-06,20,10616832
tdl_a,tdl_A_10_30_100_mix_normalized,tdl_E_100ns,-10.0,3,0.3821752100815008,9.190541314650129e-05,0.381946904378781,0.3824035157842206,0.6503161331753672,0.3821752100815008,4057490,10616832
tdl_a,tdl_A_10_30_100_mix_normalized,tdl_E_100ns,-8.0,3,0.3517507859218268,0.00012703417419177165,0.35143521553902407,0.3520663563046295,0.6255955629878573,0.3517507859218268,3734479,10616832
tdl_a,tdl_A_10_30_100_mix_normalized,tdl_E_100ns,-6.0,3,0.3150512318552276,0.00011921994476071692,0.31475507309444356,0.31534739061601164,0.5888202665028749,0.3150512318552276,3344846,10616832
tdl_a,tdl_A_10_30_100_mix_normalized,tdl_E_100ns,-4.0,3,0.2715559594425154,0.00017042760799008396,0.27113259379436794,0.2719793250906629,0.5359524013819518,0.2715559594425154,2883064,10616832
tdl_a,tdl_A_10_30_100_mix_normalized,tdl_E_100ns,-2.0,3,0.22211531650872876,6.684103597030027e-05,0.22194927417057622,0.2222813588468813,0.4637860699936196,0.2221153165087288,2358161,10616832
tdl_a,tdl_A_10_30_100_mix_normalized,tdl_E_100ns,0.0,3,0.16822824360411845,3.859781616525371e-05,0.16813236131338752,0.16832412589484938,0.3722792654125779,0.16822824360411845,1786051,10616832
tdl_a,tdl_A_10_30_100_mix_normalized,tdl_E_100ns,2.0,3,0.11420921043113426,8.903023258141153e-05,0.11398804707288455,0.11443037378938396,0.2676536573304071,0.11420921043113426,1212540,10616832
tdl_a,tdl_A_10_30_100_mix_normalized,tdl_E_100ns,4.0,3,0.06646709677613812,0.00016215055450303418,0.06606429246870076,0.06686990108357548,0.16424669527713165,0.06646709677613812,705670,10616832
tdl_a,tdl_A_10_30_100_mix_normalized,tdl_E_100ns,6.0,3,0.031298790448977626,7.04367194139609e-05,0.03112381593798285,0.0314737649599724,0.0808369708649906,0.031298790448977626,332294,10616832
tdl_a,tdl_A_10_30_100_mix_normalized,tdl_E_100ns,8.0,3,0.011085039303626544,1.6822618226456274e-05,0.011043249603278254,0.011126829003974834,0.029773909069689703,0.011085039303626544,117688,10616832
tdl_a,tdl_A_10_30_100_mix_normalized,tdl_E_100ns,10.0,3,0.0028739269868827163,1.23568594558116e-05,0.002843230846308582,0.002904623127456851,0.00788480616002171,0.002873926986882716,30512,10616832
tdl_a,tdl_A_10_30_100_mix_normalized,tdl_E_100ns,12.0,3,0.0005771024727527006,2.7152233934566777e-06,0.0005703574839249345,0.0005838474615804667,0.0016250463014319079,0.0005771024727527006,6127,10616832
tdl_a,tdl_A_10_30_100_mix_normalized,tdl_E_100ns,14.0,3,0.00012244707272376543,9.923538163599856e-07,0.00011998192918505353,0.00012491221626247735,0.000350556462594627,0.00012244707272376543,1300,10616832
tdl_a,tdl_A_10_30_100_mix_normalized,tdl_E_100ns,16.0,3,3.2212999131944445e-05,1.4128508391203699e-06,2.8703283081275444e-05,3.572271518261345e-05,0.00010354042401390701,3.2212999131944445e-05,342,10616832
tdl_a,tdl_A_10_30_100_mix_normalized,tdl_E_100ns,18.0,3,1.2998227719907406e-05,1.0188212290061638e-06,1.0467335483306195e-05,1.5529119956508617e-05,4.007835816733905e-05,1.2998227719907408e-05,138,10616832
tdl_a,tdl_A_10_30_100_mix_normalized,tdl_E_100ns,20.0,3,4.709502797067901e-06,1.6314196245818713e-07,4.3042356957413205e-06,5.1147698983944815e-06,1.974572511205033e-05,4.709502797067901e-06,50,10616832
tdl_a,tdl_A_10_30_100_mix_normalized,tdl_E_10ns,-10.0,3,0.3801972189067322,2.2747044767220656e-05,0.38014071211499295,0.38025372569847143,0.6490747855033403,0.38019721890673225,4036490,10616832
tdl_a,tdl_A_10_30_100_mix_normalized,tdl_E_10ns,-8.0,3,0.34930994481216243,0.0001261954488849286,0.34899645793852435,0.3496234316858005,0.6238160560160507,0.34930994481216243,3708565,10616832
tdl_a,tdl_A_10_30_100_mix_normalized,tdl_E_10ns,-6.0,3,0.31205994405864196,4.86450377748474e-05,0.3119391030858114,0.3121807850314725,0.5862603665869913,0.31205994405864196,3313088,10616832
tdl_a,tdl_A_10_30_100_mix_normalized,tdl_E_10ns,-4.0,3,0.2679677892614294,0.00013512527879669162,0.2676321194605471,0.2683034590623117,0.5322382188873527,0.2679677892614294,2844969,10616832
tdl_a,tdl_A_10_30_100_mix_normalized,tdl_E_10ns,-2.0,3,0.2176078513816551,4.7896268597336156e-05,0.21748887045457585,0.21772683230873432,0.45835571340572684,0.2176078513816551,2310306,10616832
tdl_a,tdl_A_10_30_100_mix_normalized,tdl_E_10ns,0.0,3,0.16276927053192514,4.7107365252034186e-05,0.16265224934939695,0.16288629171445332,0.3644131359494763,0.16276927053192516,1728094,10616832
tdl_a,tdl_A_10_30_100_mix_normalized,tdl_E_10ns,2.0,3,0.10795018702377508,0.0001015329046726383,0.10769796530628474,0.10820240874126542,0.25685983509929095,0.10795018702377508,1146089,10616832
tdl_a,tdl_A_10_30_100_mix_normalized,tdl_E_10ns,4.0,3,0.0600597240306713,0.0001671824672611659,0.05964441975898876,0.06047502830235384,0.15112263056231134,0.060059724030671294,637644,10616832
tdl_a,tdl_A_10_30_100_mix_normalized,tdl_E_10ns,6.0,3,0.025643996250482252,0.00010486373981534674,0.025383500279801977,0.025904492221162527,0.0678765514842522,0.025643996250482252,272258,10616832
tdl_a,tdl_A_10_30_100_mix_normalized,tdl_E_10ns,8.0,3,0.00735059196566358,3.086402759277088e-05,0.007273921470780992,0.0074272624605461685,0.020446707552045952,0.00735059196566358,78040,10616832
tdl_a,tdl_A_10_30_100_mix_normalized,tdl_E_10ns,10.0,3,0.001200734833140432,8.664973229006106e-06,0.0011792098463701414,0.0012222598199107227,0.003486997399042234,0.001200734833140432,12748,10616832
tdl_a,tdl_A_10_30_100_mix_normalized,tdl_E_10ns,12.0,3,9.409586588541667e-05,4.1625184977937555e-06,8.375559670879999e-05,0.00010443613506203335,0.00031093845501783545,9.409586588541667e-05,999,10616832
tdl_a,tdl_A_10_30_100_mix_normalized,tdl_E_10ns,14.0,3,3.0140817901234566e-06,5.88216710822814e-07,1.552870476031813e-06,4.4752931042151e-06,2.5325869546016035e-05,3.0140817901234566e-06,32,10616832
tdl_a,tdl_A_10_30_100_mix_normalized,tdl_E_10ns,16.0,3,6.593303915895061e-07,3.262839249163738e-07,-1.5120381106365345e-07,1.4698645942426658e-06,5.206375767051617e-06,6.593303915895061e-07,7,10616832
tdl_a,tdl_A_10_30_100_mix_normalized,tdl_E_10ns,18.0,3,0.0,0.0,0.0,0.0,2.198341758791943e-06,0.0,0,10616832
tdl_a,tdl_A_10_30_100_mix_normalized,tdl_E_10ns,20.0,3,0.0,0.0,0.0,0.0,1.493495790468224e-06,0.0,0,10616832
tdl_a,tdl_A_10_30_100_mix_normalized,tdl_E_300ns,-10.0,3,0.3839266741717304,8.84277595200769e-05,0.3837070074395327,0.3841463409039281,0.651496101308752,0.3839266741717303,4076085,10616832
tdl_a,tdl_A_10_30_100_mix_normalized,tdl_E_300ns,-8.0,3,0.35394240014347034,9.431933726012826e-05,0.35370809792082636,0.3541767023661143,0.6273142842598903,0.3539424001434703,3757747,10616832
tdl_a,tdl_A_10_30_100_mix_normalized,tdl_E_300ns,-6.0,3,0.31775335618007333,0.00014997006252991625,0.3173808098920952,0.31812590246805145,0.5913210470735291,0.3177533561800733,3373534,10616832
tdl_a,tdl_A_10_30_100_mix_normalized,tdl_E_300ns,-4.0,3,0.27501122745466816,0.00012314916676536247,0.27470530796532416,0.27531714694401216,0.5396017950993998,0.2750112274546682,2919748,10616832
tdl_a,tdl_A_10_30_100_mix_normalized,tdl_E_300ns,-2.0,3,0.2263869297357253,0.00017223859003727854,0.2259590653587789,0.2268147941126717,0.46910686367823756,0.2263869297357253,2403512,10616832
tdl_a,tdl_A_10_30_100_mix_normalized,tdl_E_300ns,0.0,3,0.17354357684100116,7.672755720100685e-05,0.17335297502262048,0.17373417865938184,0.37991992963684934,0.17354357684100116,1842483,10616832
tdl_a,tdl_A_10_30_100_mix_normalized,tdl_E_300ns,2.0,3,0.12042999267578125,0.00014013999031205814,0.12008186564090965,0.12077811971065285,0.2780778111866963,0.12042999267578125,1278585,10616832
tdl_a,tdl_A_10_30_100_mix_normalized,tdl_E_300ns,4.0,3,0.07289575647424769,4.479338806866351e-05,0.07278448352970507,0.07300702941879031,0.17691485988505093,0.07289575647424769,773922,10616832
tdl_a,tdl_A_10_30_100_mix_normalized,tdl_E_300ns,6.0,3,0.03692758819203318,7.863899510091974e-05,0.03673223809868149,0.03712293828538487,0.09360522758445622,0.03692758819203318,392054,10616832
tdl_a,tdl_A_10_30_100_mix_normalized,tdl_E_300ns,8.0,3,0.015119011019483023,2.1341687549029677e-05,0.015065995328608093,0.015172026710357953,0.039726355814455466,0.015119011019483024,160516,10616832
tdl_a,tdl_A_10_30_100_mix_normalized,tdl_E_300ns,10.0,3,0.0050310676480516976,1.3844015843887715e-05,0.004996677206210534,0.0050654580898928615,0.013587326765704302,0.0050310676480516976,53414,10616832
tdl_a,tdl_A_10_30_100_mix_normalized,tdl_E_300ns,12.0,3,0.0014713428638599537,2.825701678240821e-07,0.0014706409206498199,0.0014720448070700875,0.004059741115427495,0.0014713428638599537,15621,10616832
tdl_a,tdl_A_10_30_100_mix_normalized,tdl_E_300ns,14.0,3,0.0004374186197916667,2.2069435616688637e-06,0.0004319362680622143,0.00044290097152111906,0.001227708715574678,0.0004374186197916667,4644,10616832
tdl_a,tdl_A_10_30_100_mix_normalized,tdl_E_300ns,16.0,3,0.00015070408950617283,2.369773888370675e-06,0.00014481724482152863,0.00015659093419081703,0.00042170435174032015,0.00015070408950617283,1600,10616832
tdl_a,tdl_A_10_30_100_mix_normalized,tdl_E_300ns,18.0,3,5.820945457175926e-05,3.8015928048236158e-06,4.876577452022305e-05,6.765313462329547e-05,0.0001640892885377441,5.820945457175926e-05,618,10616832
tdl_a,tdl_A_10_30_100_mix_normalized,tdl_E_300ns,20.0,3,2.4395224488811725e-05,2.900074959901533e-06,1.719103891374657e-05,3.1599410063876884e-05,7.674733808331147e-05,2.439522448881173e-05,259,10616832
tdl_a,tdl_A_10_30_100_mix_normalized,tdl_E_30ns,-10.0,3,0.38066750985604747,4.339361535601349e-05,0.38055971413968837,0.3807753055724066,0.6493545652907572,0.38066750985604747,4041483,10616832
tdl_a,tdl_A_10_30_100_mix_normalized,tdl_E_30ns,-8.0,3,0.349839104546441,0.00010588956515761025,0.34957606028434224,0.3501021488085398,0.6242172894654451,0.34983910454644096,3714183,10616832
tdl_a,tdl_A_10_30_100_mix_normalized,tdl_E_30ns,-6.0,3,0.3127354751398534,5.264786015612329e-05,0.3126046906049917,0.3128662596747151,0.5868399242560068,0.3127354751398534,3320260,10616832
tdl_a,tdl_A_10_30_100_mix_normalized,tdl_E_30ns,-4.0,3,0.2687899742597415,0.00012423107795934746,0.2684813671539997,0.2690985813654833,0.5330851353980877,0.2687899742597415,2853698,10616832
tdl_a,tdl_A_10_30_100_mix_normalized,tdl_E_30ns,-2.0,3,0.2185525776427469,4.716326632424428e-05,0.21843541759425714,0.21866973769123668,0.4596047681054951,0.2185525776427469,2320336,10616832
tdl_a,tdl_A_10_30_100_mix_normalized,tdl_E_30ns,0.0,3,0.16397264268663195,6.975706894722112e-05,0.16379935652099248,0.16414592885227142,0.36623371971978075,0.16397264268663195,1740870,10616832
tdl_a,tdl_A_10_30_100_mix_normalized,tdl_E_30ns,2.0,3,0.10940184416594328,0.00011746663131494653,0.10911004087721057,0.109693647454676,0.25935910642147064,0.10940184416594328,1161501,10616832
tdl_a,tdl_A_10_30_100_mix_normalized,tdl_E_30ns,4.0,3,0.06147031430844907,0.00012721527377417338,0.06115429404934412,0.06178633456755402,0.1541205468001189,0.06147031430844908,652620,10616832
tdl_a,tdl_A_10_30_100_mix_normalized,tdl_E_30ns,6.0,3,0.026889753930362654,7.659701905752006e-05,0.026699476386707055,0.027080031474018253,0.07073040016823344,0.026889753930362654,285484,10616832
tdl_a,tdl_A_10_30_100_mix_normalized,tdl_E_30ns,8.0,3,0.008099779670621142,4.324739264864806e-05,0.007992347191603721,0.008207212149638562,0.022346634440767912,0.008099779670621142,85994,10616832
tdl_a,tdl_A_10_30_100_mix_normalized,tdl_E_30ns,10.0,3,0.0014823631004050927,1.3477738011917429e-05,0.0014488825431393385,0.0015158436576708468,0.004255230952468184,0.0014823631004050927,15738,10616832
tdl_a,tdl_A_10_30_100_mix_normalized,tdl_E_30ns,12.0,3,0.0001485377182195216,6.628865676658679e-06,0.0001320707030053871,0.0001650047334336561,0.0004751155884824348,0.0001485377182195216,1577,10616832
tdl_a,tdl_A_10_30_100_mix_normalized,tdl_E_30ns,14.0,3,1.4034318335262345e-05,1.1419937372073074e-06,1.119744862597629e-05,1.6871188044548403e-05,5.438050168406874e-05,1.4034318335262345e-05,149,10616832
tdl_a,tdl_A_10_30_100_mix_normalized,tdl_E_30ns,16.0,3,3.2966519579475307e-06,4.316330610633982e-07,2.2244159932813858e-06,4.368887922613676e-06,1.1456623791740708e-05,3.2966519579475307e-06,35,10616832
tdl_a,tdl_A_10_30_100_mix_normalized,tdl_E_30ns,18.0,3,3.767602237654321e-07,1.631419624581869e-07,-2.8506877561147716e-08,7.820273250920119e-07,3.8583796589434455e-06,3.767602237654321e-07,4,10616832
tdl_a,tdl_A_10_30_100_mix_normalized,tdl_E_30ns,20.0,3,9.419005594135802e-08,1.631419624581869e-07,-3.110770453852218e-07,4.994571572679379e-07,2.2129954412843355e-06,9.419005594135802e-08,1,10616832
tdl_a,tdl_A_10_30_100_mix_normalized,tdl_a,-10.0,3,0.3898297769052011,0.00012033334451855426,0.38953085230609025,0.39012870150431195,0.6546743858007736,0.3898297769052011,16555029,42467328
tdl_a,tdl_A_10_30_100_mix_normalized,tdl_a,-8.0,3,0.3596551212263696,7.384157602333218e-05,0.3594716885826681,0.35983855387007113,0.6308220262512748,0.3596551212263696,15273592,42467328
tdl_a,tdl_A_10_30_100_mix_normalized,tdl_a,-6.0,3,0.3231613724320023,1.894761507664857e-05,0.32311430394684093,0.3232084409171637,0.5949066165420743,0.3231613724320023,13723800,42467328
tdl_a,tdl_A_10_30_100_mix_normalized,tdl_a,-4.0,3,0.2802223158471378,8.061952496955345e-05,0.28002204584485,0.2804225858494256,0.5431251480807493,0.2802223158471378,11900293,42467328
tdl_a,tdl_A_10_30_100_mix_normalized,tdl_a,-2.0,3,0.23137109073591822,2.5632374838653082e-05,0.23130741638693741,0.23143476508489902,0.4727904908818963,0.23137109073591822,9825712,42467328
tdl_a,tdl_A_10_30_100_mix_normalized,tdl_a,0.0,3,0.17868348109869311,7.304733745553965e-05,0.17850202145297003,0.1788649407444162,0.38441277884038877,0.1786834810986931,7588210,42467328
tdl_a,tdl_A_10_30_100_mix_normalized,tdl_a,2.0,3,0.12604682828173228,4.9292922804078847e-05,0.12592437787326766,0.1261692786901969,0.2842581282703229,0.12604682828173225,5352872,42467328
tdl_a,tdl_A_10_30_100_mix_normalized,tdl_a,4.0,3,0.07927032753273293,5.788771624073324e-05,0.07912652647376682,0.07941412859169904,0.18556377484842582,0.07927032753273293,3366399,42467328
tdl_a,tdl_A_10_30_100_mix_normalized,tdl_a,6.0,3,0.043951364211094225,5.1321032882271835e-05,0.043823875697900604,0.04407885272428785,0.1048827641931029,0.04395136421109423,1866497,42467328
tdl_a,tdl_A_10_30_100_mix_normalized,tdl_a,8.0,3,0.02216369723096306,2.0827133844697186e-05,0.02211195976234983,0.022215434699576292,0.052680684247824516,0.02216369723096306,941233,42467328
tdl_a,tdl_A_10_30_100_mix_normalized,tdl_a,10.0,3,0.011331934987762826,1.687474722143841e-05,0.01129001579181222,0.011373854183713433,0.026258202983974768,0.011331934987762828,481237,42467328
tdl_a,tdl_A_10_30_100_mix_normalized,tdl_a,12.0,3,0.006449051845220872,7.949823463682486e-06,0.006429303388952238,0.006468800301489506,0.014604824826456924,0.0064490518452208715,273874,42467328
tdl_a,tdl_A_10_30_100_mix_normalized,tdl_a,14.0,3,0.004040918232482157,2.119303730602132e-05,0.003988271809281758,0.004093564655682556,0.009052864162814657,0.004040918232482157,171607,42467328
tdl_a,tdl_A_10_30_100_mix_normalized,tdl_a,16.0,3,0.0027037491033106674,3.701900621980744e-05,0.0026117887939050653,0.0027957094127162695,0.006048180767761326,0.0027037491033106674,114821,42467328
tdl_a,tdl_A_10_30_100_mix_normalized,tdl_a,18.0,3,0.001908926316249518,6.600570626881126e-05,0.0017449590521102822,0.0020728935803887537,0.004287653295404883,0.0019089263162495177,81067,42467328
tdl_a,tdl_A_10_30_100_mix_normalized,tdl_a,20.0,3,0.0014460999288676698,8.910736480269199e-05,0.001224744963558284,0.0016674548941770556,0.0032157765436461767,0.0014460999288676698,61412,42467328
tdl_a,tdl_A_10_30_100_mix_normalized,tdl_all,-10.0,3,0.3864620020360123,0.00010401496668176403,0.38620361453468194,0.3867203895373426,0.6526984445106835,0.3864620020360123,82060043,212336640
tdl_a,tdl_A_10_30_100_mix_normalized,tdl_all,-8.0,3,0.3561445118468485,7.264660068120806e-05,0.35596404768645906,0.3563249760072379,0.6284412176152806,0.3561445118468485,75622529,212336640
tdl_a,tdl_A_10_30_100_mix_normalized,tdl_all,-6.0,3,0.31958065739384406,2.96100234946331e-05,0.31950710201783245,0.3196542127698557,0.5921312307685982,0.31958065739384406,67858683,212336640
tdl_a,tdl_A_10_30_100_mix_normalized,tdl_all,-4.0,3,0.27639747431248796,7.026303725692499e-05,0.27622293125188935,0.27657201737308656,0.5398671816528579,0.27639747431248796,58689311,212336640
tdl_a,tdl_A_10_30_100_mix_normalized,tdl_all,-2.0,3,0.2272316261574074,3.0263264973962034e-05,0.22715644803960208,0.22730680427521274,0.4687330996180758,0.2272316261574074,48249600,212336640
tdl_a,tdl_A_10_30_100_mix_normalized,tdl_all,0.0,3,0.1740033608895761,4.538779967212972e-05,0.17389061134475295,0.17411611043439926,0.3789914458438202,0.1740033608895761,36947289,212336640
tdl_a,tdl_A_10_30_100_mix_normalized,tdl_all,2.0,3,0.12082492216133778,7.992275330204953e-05,0.12062638303582578,0.12102346128684978,0.27689308854348865,0.12082492216133776,25655558,212336640
tdl_a,tdl_A_10_30_100_mix_normalized,tdl_all,4.0,3,0.07371884569709684,7.061571011952725e-05,0.0735434265485403,0.07389426484565338,0.1761951593245253,0.07371884569709683,15653212,212336640
tdl_a,tdl_A_10_30_100_mix_normalized,tdl_all,6.0,3,0.03852453349549093,6.127309523199614e-05,0.03837232268890374,0.038676744302078125,0.09448421366144845,0.03852453349549093,8180170,212336640
tdl_a,tdl_A_10_30_100_mix_normalized,tdl_all,8.0,3,0.01754972669813368,2.4421571203518176e-05,0.017489060152124543,0.01761039324414282,0.04307800446878429,0.01754972669813368,3726450,212336640
tdl_a,tdl_A_10_30_100_mix_normalized,tdl_all,10.0,3,0.007924030445240163,1.3207223543832348e-05,0.007891221883166178,0.007956839007314148,0.01888056455185798,0.007924030445240163,1682562,212336640
tdl_a,tdl_A_10_30_100_mix_normalized,tdl_all,12.0,3,0.004144889925733025,4.290145089419263e-06,0.004134232614527117,0.004155547236938932,0.009575666175060402,0.004144889925733025,880112,212336640
tdl_a,tdl_A_10_30_100_mix_normalized,tdl_all,14.0,3,0.0025116108081958913,1.0621894921126137e-05,0.0024852245584510804,0.0025379970579407023,0.005721492069698551,0.0025116108081958913,533307,212336640
tdl_a,tdl_A_10_30_100_mix_normalized,tdl_all,16.0,3,0.001654189309956115,1.8560635687706628e-05,0.00160808213488849,0.00170029648502374,0.003775173293553069,0.001654189309956115,351245,212336640
tdl_a,tdl_A_10_30_100_mix_normalized,tdl_all,18.0,3,0.0011590886999059606,3.125977101778815e-05,0.0010814351238570728,0.0012367422759548485,0.0026599683750171267,0.0011590886999059606,246117,212336640
tdl_a,tdl_A_10_30_100_mix_normalized,tdl_all,20.0,3,0.0008717242582344714,4.5854452897174e-05,0.0007578154825366385,0.0009856330339323043,0.0019847738606412727,0.0008717242582344715,185099,212336640
tdl_a,tdl_A_10_30_100_mix_normalized,tdl_b,-10.0,3,0.389772085495937,0.00010968519723203063,0.3894996123610619,0.3900445586308121,0.6544822585067631,0.389772085495937,16552579,42467328
tdl_a,tdl_A_10_30_100_mix_normalized,tdl_b,-8.0,3,0.35970002633553966,6.402927148410933e-05,0.3595409688075841,0.3598590838634952,0.6305982102582484,0.35970002633553966,15275499,42467328
tdl_a,tdl_A_10_30_100_mix_normalized,tdl_b,-6.0,3,0.32344811050980177,5.915442972662732e-06,0.32343341573483114,0.3234628052847724,0.5947242307442205,0.32344811050980177,13735977,42467328
tdl_a,tdl_A_10_30_100_mix_normalized,tdl_b,-4.0,3,0.28068754408094615,4.583067957725015e-05,0.28057369436144886,0.28080139380044344,0.5431122948174124,0.2806875440809462,11920050,42467328
tdl_a,tdl_A_10_30_100_mix_normalized,tdl_b,-2.0,3,0.2320094167450328,2.6039451685529622e-05,0.23194473116110506,0.23207410232896056,0.4731159014282403,0.23200941674503278,9852820,42467328
tdl_a,tdl_A_10_30_100_mix_normalized,tdl_b,0.0,3,0.179486710348247,1.9894416496848928e-05,0.17943728987797206,0.17953613081852196,0.3852825082010693,0.179486710348247,7622321,42467328
tdl_a,tdl_A_10_30_100_mix_normalized,tdl_b,2.0,3,0.1272129953643422,0.00010583991196991795,0.12695007444759948,0.1274759162810849,0.2858484545607626,0.12721299536434222,5402396,42467328
tdl_a,tdl_A_10_30_100_mix_normalized,tdl_b,4.0,3,0.08071685131685234,4.2966541655210446e-05,0.08061011651037912,0.08082358612332556,0.18790115268877994,0.08071685131685233,3427829,42467328
tdl_a,tdl_A_10_30_100_mix_normalized,tdl_b,6.0,3,0.0454387429319782,4.969301565454357e-05,0.04531529863777551,0.04556218722618089,0.1076695309308024,0.0454387429319782,1929662,42467328
tdl_a,tdl_A_10_30_100_mix_normalized,tdl_b,8.0,3,0.02350964958285108,3.9492045305616166e-05,0.023411545903789556,0.023607753261912605,0.05539114689339458,0.02350964958285108,998392,42467328
tdl_a,tdl_A_10_30_100_mix_normalized,tdl_b,10.0,3,0.012338850233289933,1.3438246663071711e-05,0.012305467777973138,0.012372232688606728,0.02844554009160349,0.012338850233289931,523998,42467328
tdl_a,tdl_A_10_30_100_mix_normalized,tdl_b,12.0,3,0.00713873498233748,1.2981580228730295e-05,0.007106486949331966,0.007170983015342995,0.016134489078669705,0.00713873498233748,303163,42467328
tdl_a,tdl_A_10_30_100_mix_normalized,tdl_b,14.0,3,0.0044646792941623265,1.7680545462936937e-05,0.004420758384411877,0.004508600203912776,0.010004762348514452,0.0044646792941623265,189603,42467328
tdl_a,tdl_A_10_30_100_mix_normalized,tdl_b,16.0,3,0.0029276859613112465,4.56351550060498e-05,0.002814321951774883,0.00304104997084761,0.0065631710219053625,0.002927685961311246,124331,42467328
tdl_a,tdl_A_10_30_100_mix_normalized,tdl_b,18.0,3,0.002009992246274595,6.294262380953846e-05,0.001853634100786926,0.0021663503917622637,0.004532709596728104,0.002009992246274595,85359,42467328
tdl_a,tdl_A_10_30_100_mix_normalized,tdl_b,20.0,3,0.0014708012710382909,8.748160686213598e-05,0.0012534849123393697,0.001688117629737212,0.0033350064135441297,0.0014708012710382909,62461,42467328
tdl_a,tdl_A_10_30_100_mix_normalized,tdl_c,-10.0,3,0.3894505912874952,0.00021057551569142281,0.3889274927077752,0.3899736898672152,0.6543121540252074,0.38945059128749515,16538926,42467328
tdl_a,tdl_A_10_30_100_mix_normalized,tdl_c,-8.0,3,0.35921332276897666,0.0001617037000897928,0.35881162850943893,0.3596150170285144,0.6304376386565926,0.35921332276897666,15254830,42467328
tdl_a,tdl_A_10_30_100_mix_normalized,tdl_c,-6.0,3,0.3227865431043837,8.648537078583389e-05,0.32257170153329184,0.32300138467547557,0.5945522177182597,0.3227865431043837,13707882,42467328
tdl_a,tdl_A_10_30_100_mix_normalized,tdl_c,-4.0,3,0.27976434024763697,8.435116889136726e-05,0.2795548003279558,0.2799738801673181,0.5428284644896602,0.27976434024763697,11880844,42467328
tdl_a,tdl_A_10_30_100_mix_normalized,tdl_c,-2.0,3,0.23078930230788242,6.397989116165958e-05,0.23063036744744808,0.23094823716831675,0.4725219562281797,0.23078930230788242,9801005,42467328
tdl_a,tdl_A_10_30_100_mix_normalized,tdl_c,0.0,3,0.1780000851478106,2.1969868406030637e-05,0.17794550896917893,0.17805466132644227,0.3840716815105191,0.17800008514781057,7559188,42467328
tdl_a,tdl_A_10_30_100_mix_normalized,tdl_c,2.0,3,0.12525768044554156,4.5280730576156294e-05,0.12514519687509748,0.12537016401598564,0.28369955447169,0.12525768044554156,5319359,42467328
tdl_a,tdl_A_10_30_100_mix_normalized,tdl_c,4.0,3,0.07846540286217207,5.175704470815566e-05,0.07833683123555896,0.07859397448878519,0.1847161924765434,0.07846540286217207,3332216,42467328
tdl_a,tdl_A_10_30_100_mix_normalized,tdl_c,6.0,3,0.0431162045325762,6.456980808659177e-05,0.04295580423726178,0.04327660482789061,0.10381526397656143,0.0431162045325762,1831030,42467328
tdl_a,tdl_A_10_30_100_mix_normalized,tdl_c,8.0,3,0.021468339142975985,2.3380333632231847e-05,0.021410259174484667,0.021526419111467302,0.051609441344798716,0.021468339142975985,911703,42467328
tdl_a,tdl_A_10_30_100_mix_normalized,tdl_c,10.0,3,0.010780193187572338,1.7628393057909064e-05,0.010736401831577981,0.010823984543566695,0.025387969693703646,0.010780193187572338,457806,42467328
tdl_a,tdl_A_10_30_100_mix_normalized,tdl_c,12.0,3,0.0060407615002290695,1.0813925004375323e-05,0.006013898221312651,0.006067624779145488,0.01404176876333364,0.00604076150022907,256535,42467328
tdl_a,tdl_A_10_30_100_mix_normalized,tdl_c,14.0,3,0.0037804827278043016,1.2880274905823891e-05,0.0037484863511718296,0.0038124791044367736,0.008770935218196012,0.0037804827278043016,160547,42467328
tdl_a,tdl_A_10_30_100_mix_normalized,tdl_c,16.0,3,0.0025465694474585262,1.0297912363868418e-05,0.002520988015002179,0.0025721508799148736,0.00599776842707174,0.0025465694474585262,108146,42467328
tdl_a,tdl_A_10_30_100_mix_normalized,tdl_c,18.0,3,0.0018335742714964314,2.6449602923330786e-05,0.0017678698154112926,0.0018992787275815702,0.004357831414856607,0.0018335742714964314,77867,42467328
tdl_a,tdl_A_10_30_100_mix_normalized,tdl_c,20.0,3,0.0014173719618055557,5.131275075419634e-05,0.0012899040225586177,0.0015448399010524938,0.003302277808637374,0.0014173719618055555,60192,42467328
tdl_a,tdl_A_10_30_100_mix_normalized,tdl_d,-10.0,3,0.3815159032374253,0.00014314348205838088,0.38116031511543946,0.3818714913594111,0.6499630279011197,0.38151590323742524,16201961,42467328
tdl_a,tdl_A_10_30_100_mix_normalized,tdl_d,-8.0,3,0.3509435300473814,0.00016429681506975895,0.3505353941331308,0.351351665961632,0.6251124147279763,0.3509435300473814,14903634,42467328
tdl_a,tdl_A_10_30_100_mix_normalized,tdl_d,-6.0,3,0.3141072591145833,8.342423610095253e-05,0.31390002182360316,0.31431449640556347,0.5881626877335854,0.3141072591145833,13339296,42467328
tdl_a,tdl_A_10_30_100_mix_normalized,tdl_d,-4.0,3,0.2704819337821301,0.0001533044129294353,0.27010110450858,0.2708627630556802,0.53505061318477,0.2704819337821301,11486645,42467328
tdl_a,tdl_A_10_30_100_mix_normalized,tdl_d,-2.0,3,0.2208226521809896,8.238955809033996e-05,0.22061798517267522,0.22102731918930396,0.46252379575629293,0.2208226521809896,9377748,42467328
tdl_a,tdl_A_10_30_100_mix_normalized,tdl_d,0.0,3,0.16671809443721064,0.00011865110495669535,0.1664233487528358,0.1670128401215855,0.3704787479874529,0.16671809443721064,7080072,42467328
tdl_a,tdl_A_10_30_100_mix_normalized,tdl_d,2.0,3,0.11260929814091436,0.00010526997440946028,0.112347793027559,0.11287080325426972,0.26517170290520164,0.11260929814091435,4782216,42467328
tdl_a,tdl_A_10_30_100_mix_normalized,tdl_d,4.0,3,0.06491842387635031,9.089546894272142e-05,0.06469262701411398,0.06514422073858665,0.16119349347772424,0.06491842387635031,2756912,42467328
tdl_a,tdl_A_10_30_100_mix_normalized,tdl_d,6.0,3,0.02992632359634211,7.35211159482634e-05,0.02974368701959819,0.03010896017308603,0.07779122168129242,0.02992632359634211,1270891,42467328
tdl_a,tdl_A_10_30_100_mix_normalized,tdl_d,8.0,3,0.010193342044029706,2.430907622113696e-05,0.010132954951048696,0.010253729137010717,0.027635348138663873,0.010193342044029706,432884,42467328
tdl_a,tdl_A_10_30_100_mix_normalized,tdl_d,10.0,3,0.002522150675455729,1.605824783693373e-05,0.0024822597764178685,0.0025620415744935896,0.007007519670698883,0.002522150675455729,107109,42467328
tdl_a,tdl_A_10_30_100_mix_normalized,tdl_d,12.0,3,0.0005231315706983024,6.868087705474286e-06,0.0005060702950208833,0.0005401928463757216,0.0014795378417518266,0.0005231315706983024,22216,42467328
tdl_a,tdl_A_10_30_100_mix_normalized,tdl_d,14.0,3,0.0001277452633704668,2.1959871705673055e-06,0.00012229012882533551,0.0001332003979155981,0.00036440573161778533,0.0001277452633704668,5425,42467328
tdl_a,tdl_A_10_30_100_mix_normalized,tdl_d,16.0,3,4.622376995322145e-05,4.961769081799896e-07,4.49911981838655e-05,4.7456341722577394e-05,0.00013126930719866401,4.622376995322145e-05,1963,42467328
tdl_a,tdl_A_10_30_100_mix_normalized,tdl_d,18.0,3,2.5054554880401234e-05,1.4483156853835293e-06,2.1456739267685177e-05,2.865237049311729e-05,6.909147606533516e-05,2.5054554880401234e-05,1064,42467328
tdl_a,tdl_A_10_30_100_mix_normalized,tdl_d,20.0,3,1.70484001253858e-05,1.5222334081290906e-06,1.3266962710023884e-05,2.0829837540747717e-05,4.575864877190382e-05,1.7048400125385804e-05,724,42467328
tdl_a,tdl_A_10_30_100_mix_normalized,tdl_e,-10.0,3,0.3817416532540027,5.6330698419683426e-05,0.3816017200417239,0.38188158646628156,0.6500603963195543,0.3817416532540027,16211548,42467328
tdl_a,tdl_A_10_30_100_mix_normalized,tdl_e,-8.0,3,0.35121055885597513,0.00011046027121153703,0.35093616033059805,0.3514849573813522,0.6252357981823109,0.35121055885597513,14914974,42467328
tdl_a,tdl_A_10_30_100_mix_normalized,tdl_e,-6.0,3,0.31440000180844907,8.96842335063454e-05,0.31417721382183816,0.31462278979506,0.5883104011048506,0.31440000180844907,13351728,42467328
tdl_a,tdl_A_10_30_100_mix_normalized,tdl_e,-4.0,3,0.27083123760458866,0.00013574100617143412,0.2704940382521146,0.2711684369570627,0.535219387691698,0.27083123760458866,11501479,42467328
tdl_a,tdl_A_10_30_100_mix_normalized,tdl_e,-2.0,3,0.22116566881721403,6.547768513177915e-05,0.22100301323029395,0.2213283244041341,0.4627133537957698,0.22116566881721403,9392315,42467328
tdl_a,tdl_A_10_30_100_mix_normalized,tdl_e,0.0,3,0.16712843341591918,5.4047423459812726e-05,0.16699417217307466,0.1672626946587637,0.370711512679671,0.16712843341591918,7097498,42467328
tdl_a,tdl_A_10_30_100_mix_normalized,tdl_e,2.0,3,0.11299780857415846,0.00011132301602803988,0.11272126687184703,0.1132743502764699,0.26548760250946624,0.11299780857415846,4798715,42467328
tdl_a,tdl_A_10_30_100_mix_normalized,tdl_e,4.0,3,0.06522322289737655,0.0001238651522541135,0.06491552480147883,0.06553092099327426,0.1616011831311532,0.06522322289737655,2769856,42467328
tdl_a,tdl_A_10_30_100_mix_normalized,tdl_e,6.0,3,0.03019003220546393,8.160954499107713e-05,0.029987302857105186,0.030392761553822673,0.07826228752548313,0.03019003220546393,1282090,42467328
tdl_a,tdl_A_10_30_100_mix_normalized,tdl_e,8.0,3,0.010413605489848573,2.311958192068085e-05,0.010356173264517349,0.010471037715179796,0.02807340171923976,0.010413605489848573,442238,42467328
tdl_a,tdl_A_10_30_100_mix_normalized,tdl_e,10.0,3,0.0026470231421199843,7.460846889956069e-06,0.002628489370998352,0.0026655569132416164,0.007303590319309108,0.0026470231421199847,112412,42467328
tdl_a,tdl_A_10_30_100_mix_normalized,tdl_e,12.0,3,0.0005727697301793982,3.1106791823075244e-06,0.0005650423747131807,0.0005804970856456156,0.0016177103650899182,0.0005727697301793982,24324,42467328
tdl_a,tdl_A_10_30_100_mix_normalized,tdl_e,14.0,3,0.00014422852316020446,4.078549061454788e-08,0.0001441272063848728,0.00014432983993553611,0.00041449288734984744,0.00014422852316020446,6125,42467328
tdl_a,tdl_A_10_30_100_mix_normalized,tdl_e,16.0,3,4.671826774691358e-05,4.316330610633972e-07,4.564603178224744e-05,4.779050371157972e-05,0.00013547694382825485,4.671826774691358e-05,1984,42467328
tdl_a,tdl_A_10_30_100_mix_normalized,tdl_e,18.0,3,1.7896110628858026e-05,7.813375978369564e-07,1.5955160436389836e-05,1.9837060821326216e-05,5.255609203070463e-05,1.7896110628858026e-05,760,42467328
tdl_a,tdl_A_10_30_100_mix_normalized,tdl_e,20.0,3,7.299729335455246e-06,6.5638035266859e-07,5.6691901480779e-06,8.930268522832593e-06,2.5049888606778587e-05,7.299729335455247e-06,310,42467328
tdl_a,tdl_A_10_30_100_mix_normalized,uma,-10.0,3,0.4059009316526813,0.0004342823412809959,0.4048221145111174,0.40697974879424526,0.6629525349463945,0.4059009316526813,4309382,10616832
tdl_a,tdl_A_10_30_100_mix_normalized,uma,-8.0,3,0.37627674620828505,0.00018983970141150017,0.3758051582468036,0.3767483341697665,0.6411743605578387,0.3762767462082851,3994867,10616832
tdl_a,tdl_A_10_30_100_mix_normalized,uma,-6.0,3,0.3408019454390914,0.0001285094826690813,0.3404827101868636,0.34112118069131925,0.608083274629381,0.3408019454390914,3618237,10616832
tdl_a,tdl_A_10_30_100_mix_normalized,uma,-4.0,3,0.29952353018301503,0.00013189581211187572,0.2991958828221137,0.2998511775439164,0.5607753028104335,0.29952353018301503,3179991,10616832
tdl_a,tdl_A_10_30_100_mix_normalized,uma,-2.0,3,0.2536093629436728,0.00019267977461042007,0.2531307198492535,0.2540880060380921,0.4977222574345859,0.25360936294367287,2692528,10616832
tdl_a,tdl_A_10_30_100_mix_normalized,uma,0.0,3,0.20466397132402583,0.00021618193771573497,0.20412694561992673,0.20520099702812494,0.4203775035746304,0.20466397132402586,2172883,10616832
tdl_a,tdl_A_10_30_100_mix_normalized,uma,2.0,3,0.1560471146195023,0.00018618801164094353,0.15558459795829183,0.15650963128071277,0.3347842535118997,0.15604711461950233,1656726,10616832
tdl_a,tdl_A_10_30_100_mix_normalized,uma,4.0,3,0.11264339494116511,0.00014683329480812227,0.11227864081617799,0.11300814906615224,0.2517280267712511,0.11264339494116513,1195916,10616832
tdl_a,tdl_A_10_30_100_mix_normalized,uma,6.0,3,0.07803382402584876,0.00012797818876790585,0.07771590858083695,0.07835173947086056,0.18305129640632203,0.07803382402584877,828472,10616832
tdl_a,tdl_A_10_30_100_mix_normalized,uma,8.0,3,0.05370801760826582,0.00020020337347920907,0.05321068485816778,0.054205350358363866,0.13550524441180406,0.053708017608265816,570209,10616832
tdl_a,tdl_A_10_30_100_mix_normalized,uma,10.0,3,0.038308414412133486,0.00021895839445785887,0.03776449160713596,0.038852337217131015,0.10820701709132136,0.038308414412133486,406714,10616832
tdl_a,tdl_A_10_30_100_mix_normalized,uma,12.0,3,0.02895477671682099,0.00026421161914172826,0.028298438669803725,0.029611114763838254,0.09390031123234903,0.028954776716820986,307408,10616832
tdl_a,tdl_A_10_30_100_mix_normalized,uma,14.0,3,0.02308946774329668,0.0003172146011058392,0.022301462989942192,0.02387747249665117,0.08551302924752235,0.023089467743296684,245137,10616832
tdl_a,tdl_A_10_30_100_mix_normalized,uma,16.0,3,0.01935285403404707,0.00032962247110795664,0.018534026422896668,0.020171681645197472,0.07989164777559998,0.019352854034047066,205466,10616832
tdl_a,tdl_A_10_30_100_mix_normalized,uma,18.0,3,0.01693367663724923,0.0003169001860887355,0.0161464529340959,0.01772090034040256,0.07447518608360379,0.016933676637249227,179782,10616832
tdl_a,tdl_A_10_30_100_mix_normalized,uma,20.0,3,0.015333952727141205,0.0003204773018405033,0.014537842975849277,0.01613006247843313,0.06888602537183482,0.015333952727141205,162798,10616832
tdl_a,tdl_A_10_30_100_mix_normalized,uma_normalized,-10.0,3,0.4059009316526813,0.0004342823412809959,0.4048221145111174,0.40697974879424526,0.6629525349463945,0.4059009316526813,4309382,10616832
tdl_a,tdl_A_10_30_100_mix_normalized,uma_normalized,-8.0,3,0.37627674620828505,0.00018983970141150017,0.3758051582468036,0.3767483341697665,0.6411743605578387,0.3762767462082851,3994867,10616832
tdl_a,tdl_A_10_30_100_mix_normalized,uma_normalized,-6.0,3,0.3408019454390914,0.0001285094826690813,0.3404827101868636,0.34112118069131925,0.608083274629381,0.3408019454390914,3618237,10616832
tdl_a,tdl_A_10_30_100_mix_normalized,uma_normalized,-4.0,3,0.29952353018301503,0.00013189581211187572,0.2991958828221137,0.2998511775439164,0.5607753028104335,0.29952353018301503,3179991,10616832
tdl_a,tdl_A_10_30_100_mix_normalized,uma_normalized,-2.0,3,0.2536093629436728,0.00019267977461042007,0.2531307198492535,0.2540880060380921,0.4977222574345859,0.25360936294367287,2692528,10616832
tdl_a,tdl_A_10_30_100_mix_normalized,uma_normalized,0.0,3,0.20466397132402583,0.00021618193771573497,0.20412694561992673,0.20520099702812494,0.4203775035746304,0.20466397132402586,2172883,10616832
tdl_a,tdl_A_10_30_100_mix_normalized,uma_normalized,2.0,3,0.1560471146195023,0.00018618801164094353,0.15558459795829183,0.15650963128071277,0.3347842535118997,0.15604711461950233,1656726,10616832
tdl_a,tdl_A_10_30_100_mix_normalized,uma_normalized,4.0,3,0.11264339494116511,0.00014683329480812227,0.11227864081617799,0.11300814906615224,0.2517280267712511,0.11264339494116513,1195916,10616832
tdl_a,tdl_A_10_30_100_mix_normalized,uma_normalized,6.0,3,0.07803382402584876,0.00012797818876790585,0.07771590858083695,0.07835173947086056,0.18305129640632203,0.07803382402584877,828472,10616832
tdl_a,tdl_A_10_30_100_mix_normalized,uma_normalized,8.0,3,0.05370801760826582,0.00020020337347920907,0.05321068485816778,0.054205350358363866,0.13550524441180406,0.053708017608265816,570209,10616832
tdl_a,tdl_A_10_30_100_mix_normalized,uma_normalized,10.0,3,0.038308414412133486,0.00021895839445785887,0.03776449160713596,0.038852337217131015,0.10820701709132136,0.038308414412133486,406714,10616832
tdl_a,tdl_A_10_30_100_mix_normalized,uma_normalized,12.0,3,0.02895477671682099,0.00026421161914172826,0.028298438669803725,0.029611114763838254,0.09390031123234903,0.028954776716820986,307408,10616832
tdl_a,tdl_A_10_30_100_mix_normalized,uma_normalized,14.0,3,0.02308946774329668,0.0003172146011058392,0.022301462989942192,0.02387747249665117,0.08551302924752235,0.023089467743296684,245137,10616832
tdl_a,tdl_A_10_30_100_mix_normalized,uma_normalized,16.0,3,0.01935285403404707,0.00032962247110795664,0.018534026422896668,0.020171681645197472,0.07989164777559998,0.019352854034047066,205466,10616832
tdl_a,tdl_A_10_30_100_mix_normalized,uma_normalized,18.0,3,0.01693367663724923,0.0003169001860887355,0.0161464529340959,0.01772090034040256,0.07447518608360379,0.016933676637249227,179782,10616832
tdl_a,tdl_A_10_30_100_mix_normalized,uma_normalized,20.0,3,0.015333952727141205,0.0003204773018405033,0.014537842975849277,0.01613006247843313,0.06888602537183482,0.015333952727141205,162798,10616832
tdl_a,tdl_A_10_30_100_mix_normalized,umi,-10.0,3,0.39142081178264854,7.465006128762085e-05,0.39123537075021253,0.39160625281508454,0.6553679991651465,0.39142081178264854,4155649,10616832
tdl_a,tdl_A_10_30_100_mix_normalized,umi,-8.0,3,0.3611326806339217,0.00013467850710702125,0.3607981206754423,0.36146724059240104,0.6316598800965297,0.3611326806339217,3834085,10616832
tdl_a,tdl_A_10_30_100_mix_normalized,umi,-6.0,3,0.32478746955777393,7.606982753731234e-05,0.32459850163045506,0.3249764374850928,0.5959992754606552,0.32478746955777393,3448214,10616832
tdl_a,tdl_A_10_30_100_mix_normalized,umi,-4.0,3,0.2822244903187693,0.00010727300467650686,0.2819580094023896,0.282490971235149,0.544707104747678,0.2822244903187693,2996330,10616832
tdl_a,tdl_A_10_30_100_mix_normalized,umi,-2.0,3,0.23378132007740163,0.0001080368153478084,0.23351294175012863,0.23404969840467463,0.4752169027004713,0.23378132007740163,2482017,10616832
tdl_a,tdl_A_10_30_100_mix_normalized,umi,0.0,3,0.18159277645158178,1.2085725709768868e-05,0.18156275384457116,0.1816227990585924,0.38813753922780353,0.18159277645158178,1927940,10616832
tdl_a,tdl_A_10_30_100_mix_normalized,umi,2.0,3,0.12948297571252895,4.5693439708659326e-05,0.1293694669157648,0.1295964845092931,0.2896534866756863,0.12948297571252892,1374699,10616832
tdl_a,tdl_A_10_30_100_mix_normalized,umi,4.0,3,0.08329292579933449,4.296646422483858e-05,0.08318619118520898,0.08339966041346,0.19259906219847409,0.08329292579933449,884307,10616832
tdl_a,tdl_A_10_30_100_mix_normalized,umi,6.0,3,0.04792700873480902,3.3496187592090596e-05,0.04784379959200851,0.04801021787760953,0.11275025300773574,0.047927008734809026,508833,10616832
tdl_a,tdl_A_10_30_100_mix_normalized,umi,8.0,3,0.02560650860821759,3.745627189676031e-05,0.025513462070653775,0.025699555145781407,0.06007220163757419,0.02560650860821759,271860,10616832
tdl_a,tdl_A_10_30_100_mix_normalized,umi,10.0,3,0.014005307798032407,3.6178914225075985e-05,0.013915434392832335,0.01409518120323248,0.03233716062005656,0.014005307798032407,148692,10616832
tdl_a,tdl_A_10_30_100_mix_normalized,umi,12.0,3,0.008403919361255787,2.4726100669955882e-05,0.008342496322114704,0.00846534240039687,0.019342283557318613,0.008403919361255787,89223,10616832
tdl_a,tdl_A_10_30_100_mix_normalized,umi,14.0,3,0.005450401777102623,2.6529010076605555e-05,0.005384500062713444,0.005516303491491802,0.012756336192933865,0.005450401777102623,57866,10616832
tdl_a,tdl_A_10_30_100_mix_normalized,umi,16.0,3,0.0037324693467881945,3.965658635536211e-05,0.003633956925099851,0.003830981768476538,0.00899073226020936,0.0037324693467881945,39627,10616832
tdl_a,tdl_A_10_30_100_mix_normalized,umi,18.0,3,0.0026890319070698304,5.170442132577226e-05,0.002560591004185421,0.0028174728099542396,0.006668624205135361,0.0026890319070698304,28549,10616832
tdl_a,tdl_A_10_30_100_mix_normalized,umi,20.0,3,0.0020429823133680555,9.949800787741878e-05,0.0017958155597464327,0.002290149066989678,0.005197304525889779,0.0020429823133680555,21690,10616832
tdl_a,tdl_A_10_30_100_mix_normalized,umi_normalized,-10.0,3,0.39142081178264854,7.465006128762085e-05,0.39123537075021253,0.39160625281508454,0.6553679991651465,0.39142081178264854,4155649,10616832
tdl_a,tdl_A_10_30_100_mix_normalized,umi_normalized,-8.0,3,0.3611326806339217,0.00013467850710702125,0.3607981206754423,0.36146724059240104,0.6316598800965297,0.3611326806339217,3834085,10616832
tdl_a,tdl_A_10_30_100_mix_normalized,umi_normalized,-6.0,3,0.32478746955777393,7.606982753731234e-05,0.32459850163045506,0.3249764374850928,0.5959992754606552,0.32478746955777393,3448214,10616832
tdl_a,tdl_A_10_30_100_mix_normalized,umi_normalized,-4.0,3,0.2822244903187693,0.00010727300467650686,0.2819580094023896,0.282490971235149,0.544707104747678,0.2822244903187693,2996330,10616832
tdl_a,tdl_A_10_30_100_mix_normalized,umi_normalized,-2.0,3,0.23378132007740163,0.0001080368153478084,0.23351294175012863,0.23404969840467463,0.4752169027004713,0.23378132007740163,2482017,10616832
tdl_a,tdl_A_10_30_100_mix_normalized,umi_normalized,0.0,3,0.18159277645158178,1.2085725709768868e-05,0.18156275384457116,0.1816227990585924,0.38813753922780353,0.18159277645158178,1927940,10616832
tdl_a,tdl_A_10_30_100_mix_normalized,umi_normalized,2.0,3,0.12948297571252895,4.5693439708659326e-05,0.1293694669157648,0.1295964845092931,0.2896534866756863,0.12948297571252892,1374699,10616832
tdl_a,tdl_A_10_30_100_mix_normalized,umi_normalized,4.0,3,0.08329292579933449,4.296646422483858e-05,0.08318619118520898,0.08339966041346,0.19259906219847409,0.08329292579933449,884307,10616832
tdl_a,tdl_A_10_30_100_mix_normalized,umi_normalized,6.0,3,0.04792700873480902,3.3496187592090596e-05,0.04784379959200851,0.04801021787760953,0.11275025300773574,0.047927008734809026,508833,10616832
tdl_a,tdl_A_10_30_100_mix_normalized,umi_normalized,8.0,3,0.02560650860821759,3.745627189676031e-05,0.025513462070653775,0.025699555145781407,0.06007220163757419,0.02560650860821759,271860,10616832
tdl_a,tdl_A_10_30_100_mix_normalized,umi_normalized,10.0,3,0.014005307798032407,3.6178914225075985e-05,0.013915434392832335,0.01409518120323248,0.03233716062005656,0.014005307798032407,148692,10616832
tdl_a,tdl_A_10_30_100_mix_normalized,umi_normalized,12.0,3,0.008403919361255787,2.4726100669955882e-05,0.008342496322114704,0.00846534240039687,0.019342283557318613,0.008403919361255787,89223,10616832
tdl_a,tdl_A_10_30_100_mix_normalized,umi_normalized,14.0,3,0.005450401777102623,2.6529010076605555e-05,0.005384500062713444,0.005516303491491802,0.012756336192933865,0.005450401777102623,57866,10616832
tdl_a,tdl_A_10_30_100_mix_normalized,umi_normalized,16.0,3,0.0037324693467881945,3.965658635536211e-05,0.003633956925099851,0.003830981768476538,0.00899073226020936,0.0037324693467881945,39627,10616832
tdl_a,tdl_A_10_30_100_mix_normalized,umi_normalized,18.0,3,0.0026890319070698304,5.170442132577226e-05,0.002560591004185421,0.0028174728099542396,0.006668624205135361,0.0026890319070698304,28549,10616832
tdl_a,tdl_A_10_30_100_mix_normalized,umi_normalized,20.0,3,0.0020429823133680555,9.949800787741878e-05,0.0017958155597464327,0.002290149066989678,0.005197304525889779,0.0020429823133680555,21690,10616832
tdl_a,tdl_A_10_30_100_mix_normalized,urban_all,-10.0,3,0.3986608717176649,0.0002510290854224537,0.39803728089979734,0.39928446253553246,0.6591602670557705,0.39866087171766496,8465031,21233664
tdl_a,tdl_A_10_30_100_mix_normalized,urban_all,-8.0,3,0.3687047134211034,0.00015173954429345394,0.36832777149674606,0.3690816553454607,0.6364171203271842,0.3687047134211034,7828952,21233664
tdl_a,tdl_A_10_30_100_mix_normalized,urban_all,-6.0,3,0.3327947074984327,9.293770335307567e-05,0.3325638374446812,0.3330255775521842,0.6020412750450181,0.33279470749843265,7066451,21233664
tdl_a,tdl_A_10_30_100_mix_normalized,urban_all,-4.0,3,0.29087401025089216,9.843113217905475e-05,0.29062949376342667,0.29111852673835764,0.5527412037790557,0.29087401025089216,6176321,21233664
tdl_a,tdl_A_10_30_100_mix_normalized,urban_all,-2.0,3,0.24369534151053726,0.00014997006252990376,0.24332279522255917,0.24406788779851535,0.48646958006752855,0.24369534151053723,5174545,21233664
tdl_a,tdl_A_10_30_100_mix_normalized,urban_all,0.0,3,0.1931283738878038,0.00011219290075909165,0.19284967127202698,0.1934070765035806,0.40425752140121696,0.19312837388780382,4100823,21233664
tdl_a,tdl_A_10_30_100_mix_normalized,urban_all,2.0,3,0.14276504516601562,0.00010373125459494224,0.14250736244457946,0.1430227278874518,0.31221887009379307,0.14276504516601562,3031425,21233664
tdl_a,tdl_A_10_30_100_mix_normalized,urban_all,4.0,3,0.0979681603702498,9.428716292693721e-05,0.09773393807308024,0.09820238266741936,0.22216354448486256,0.0979681603702498,2080223,21233664
tdl_a,tdl_A_10_30_100_mix_normalized,urban_all,6.0,3,0.0629804163803289,5.3875641646283484e-05,0.06284658186716559,0.06311425089349222,0.1479007747070289,0.06298041638032889,1337305,21233664
tdl_a,tdl_A_10_30_100_mix_normalized,urban_all,8.0,3,0.039657263108241705,0.00010012900245306777,0.03940852887719874,0.03990599733928467,0.09778872302468912,0.039657263108241705,842069,21233664
tdl_a,tdl_A_10_30_100_mix_normalized,urban_all,10.0,3,0.026156861105082946,0.00011412742292864982,0.025873352869830345,0.026440369340335546,0.07027208885568896,0.026156861105082946,555406,21233664
tdl_a,tdl_A_10_30_100_mix_normalized,urban_all,12.0,3,0.018679348039038386,0.00012025529804932625,0.018380617318105044,0.018978078759971727,0.05662129739483381,0.01867934803903839,396631,21233664
tdl_a,tdl_A_10_30_100_mix_normalized,urban_all,14.0,3,0.014269934760199651,0.0001463641870406642,0.013906345963508584,0.014633523556890718,0.04913468272022811,0.014269934760199653,303003,21233664
tdl_a,tdl_A_10_30_100_mix_normalized,urban_all,16.0,3,0.01154266169041763,0.00014595743008050457,0.01118008333403085,0.01190524004680441,0.044441190017904676,0.011542661690417632,245093,21233664
tdl_a,tdl_A_10_30_100_mix_normalized,urban_all,18.0,3,0.00981135427215953,0.00013359640918295373,0.009479482393941247,0.010143226150377814,0.04057190514436957,0.009811354272159529,208331,21233664
tdl_a,tdl_A_10_30_100_mix_normalized,urban_all,20.0,3,0.00868846752025463,0.00014562072039426595,0.008326725597097379,0.00905020944341188,0.0370416649488623,0.00868846752025463,184488,21233664
tdl_mix,tdl_mix_normalized,in_domain,-10.0,3,0.38626094865210264,4.313488296020436e-05,0.38615379566264524,0.38636810164156005,0.6525981934718144,0.38626094865210264,82017352,212336640
tdl_mix,tdl_mix_normalized,in_domain,-8.0,3,0.3558847733485846,3.3357424269284614e-05,0.3558019089129873,0.3559676377841819,0.6282640400492115,0.3558847733485846,75567377,212336640
tdl_mix,tdl_mix_normalized,in_domain,-6.0,3,0.31929138089403697,7.731203618971906e-06,0.31927217551956916,0.3193105862685048,0.5918857273680193,0.3192913808940369,67797259,212336640
tdl_mix,tdl_mix_normalized,in_domain,-4.0,3,0.276158391693492,1.5564848320727753e-05,0.27611972646679933,0.27619705692018465,0.5395889135606495,0.276158391693492,58638545,212336640
tdl_mix,tdl_mix_normalized,in_domain,-2.0,3,0.22702387115101755,1.6619368284097525e-05,0.226982586351516,0.2270651559505191,0.4684492481159575,0.22702387115101755,48205486,212336640
tdl_mix,tdl_mix_normalized,in_domain,0.0,3,0.17380422427330489,4.2017386626205295e-05,0.1736998472986336,0.17390860124797616,0.37872464691783175,0.17380422427330489,36905005,212336640
tdl_mix,tdl_mix_normalized,in_domain,2.0,3,0.12066015549647956,4.684182115618461e-05,0.12054379396205404,0.12077651703090507,0.27665848778905694,0.12066015549647956,25620572,212336640
tdl_mix,tdl_mix_normalized,in_domain,4.0,3,0.07356883390450183,5.6398326845375984e-05,0.07342873269390035,0.07370893511510332,0.17597944434318277,0.07356883390450183,15621359,212336640
tdl_mix,tdl_mix_normalized,in_domain,6.0,3,0.038375213999807097,4.766054432048208e-05,0.03825681864429359,0.038493609355320604,0.09427641557506573,0.038375213999807097,8148464,212336640
tdl_mix,tdl_mix_normalized,in_domain,8.0,3,0.017433142956392266,2.1001643181892035e-05,0.017380971982553443,0.01748531393023109,0.04285087632877683,0.017433142956392266,3701695,212336640
tdl_mix,tdl_mix_normalized,in_domain,10.0,3,0.007792324490017361,1.029570881326543e-05,0.007766748531484166,0.007817900448550555,0.018578623479697853,0.0077923244900173615,1654596,212336640
tdl_mix,tdl_mix_normalized,in_domain,12.0,3,0.003997727382330247,8.665537616449659e-06,0.003976200993543824,0.00401925377111667,0.009220900207610275,0.003997727382330247,848864,212336640
tdl_mix,tdl_mix_normalized,in_domain,14.0,3,0.002359084141107253,1.5492071050698155e-05,0.002320599703175651,0.002397568579038855,0.005343874986298639,0.002359084141107253,500920,212336640
tdl_mix,tdl_mix_normalized,in_domain,16.0,3,0.0014992890534577547,2.3924145809914388e-05,0.0014398581806276977,0.0015587199262878117,0.003375714946269645,0.0014992890534577547,318354,212336640
tdl_mix,tdl_mix_normalized,in_domain,18.0,3,0.0010037975546754437,3.0312830268178347e-05,0.000928496309853543,0.0010790987994973443,0.0022733226359869965,0.0010037975546754437,213143,212336640
tdl_mix,tdl_mix_normalized,in_domain,20.0,3,0.0007194236472800927,4.078575898219202e-05,0.0006181062052862593,0.000820741089273926,0.0016549379349614644,0.0007194236472800925,152760,212336640
tdl_mix,tdl_mix_normalized,tdl_A_100ns,-10.0,3,0.3910372698748554,1.3689350850185798e-05,0.39100326364215776,0.391071276107553,0.6553128575101311,0.3910372698748553,4151577,10616832
tdl_mix,tdl_mix_normalized,tdl_A_100ns,-8.0,3,0.36133528344425153,8.082511211724187e-05,0.3611345027351771,0.36153606415332595,0.6318922234170231,0.36133528344425153,3836236,10616832
tdl_mix,tdl_mix_normalized,tdl_A_100ns,-6.0,3,0.32557461585527586,4.028516510576276e-05,0.32547454195740877,0.32567468975314295,0.5966449946533015,0.32557461585527586,3456571,10616832
tdl_mix,tdl_mix_normalized,tdl_A_100ns,-4.0,3,0.2835248782310957,0.00015070194078020113,0.28315051385675555,0.2838992426054358,0.5458691719873452,0.2835248782310957,3010136,10616832
tdl_mix,tdl_mix_normalized,tdl_A_100ns,-2.0,3,0.23567058421947337,6.710729164158072e-05,0.23550388046556683,0.2358372879733799,0.47699172150941543,0.23567058421947337,2502075,10616832
tdl_mix,tdl_mix_normalized,tdl_A_100ns,0.0,3,0.18366345064139664,5.2137322775430284e-05,0.18353393435169563,0.18379296693109765,0.39067633210876845,0.1836634506413966,1949924,10616832
tdl_mix,tdl_mix_normalized,tdl_A_100ns,2.0,3,0.1316669605396412,4.182038483796502e-05,0.1315630729445414,0.131770848134741,0.2930514310245161,0.1316669605396412,1397886,10616832
tdl_mix,tdl_mix_normalized,tdl_A_100ns,4.0,3,0.08532187379436729,7.717080437390583e-05,0.08513017088896875,0.08551357669976582,0.19659243616057032,0.08532187379436729,905848,10616832
tdl_mix,tdl_mix_normalized,tdl_A_100ns,6.0,3,0.04962855209538966,7.943304919792771e-05,0.04943122946231035,0.04982587472846897,0.11658059078970073,0.04962855209538966,526898,10616832
tdl_mix,tdl_mix_normalized,tdl_A_100ns,8.0,3,0.026689600061487267,3.4973694946062846e-05,0.026602720586949232,0.026776479536025303,0.06262572022315897,0.026689600061487267,283359,10616832
tdl_mix,tdl_mix_normalized,tdl_A_100ns,10.0,3,0.014269981855227624,4.6924801465149164e-05,0.014153414186287266,0.014386549524167982,0.032816845187802375,0.014269981855227624,151502,10616832
tdl_mix,tdl_mix_normalized,tdl_A_100ns,12.0,3,0.008063704879195601,1.583653911359098e-05,0.008024364735158442,0.008103045023232761,0.018187996149523024,0.008063704879195601,85611,10616832
tdl_mix,tdl_mix_normalized,tdl_A_100ns,14.0,3,0.004918039580922067,3.014420266631815e-05,0.004843157230285206,0.004992921931558929,0.010951637612356816,0.004918039580922068,52214,10616832
tdl_mix,tdl_mix_normalized,tdl_A_100ns,16.0,3,0.003188239203559028,5.819230579765772e-05,0.0030436815021879227,0.0033327969049301333,0.007026736621664447,0.003188239203559028,33849,10616832
tdl_mix,tdl_mix_normalized,tdl_A_100ns,18.0,3,0.0021386794102044755,5.3403020667943834e-05,0.002006018952636865,0.002271339867772086,0.004768176610800035,0.0021386794102044755,22706,10616832
tdl_mix,tdl_mix_normalized,tdl_A_100ns,20.0,3,0.001544811107494213,8.02872301941161e-05,0.0013453665711895288,0.0017442556437988973,0.003499902001536095,0.001544811107494213,16401,10616832
tdl_mix,tdl_mix_normalized,tdl_A_10ns,-10.0,3,0.3812247382269965,8.749232111659095e-05,0.381007395252614,0.38144208120137896,0.6499019059134118,0.38122473822699654,4047399,10616832
tdl_mix,tdl_mix_normalized,tdl_A_10ns,-8.0,3,0.3504370230215567,4.592612859407527e-05,0.3503229361935572,0.35055110984955623,0.6248100767900914,0.3504370230215567,3720531,10616832
tdl_mix,tdl_mix_normalized,tdl_A_10ns,-6.0,3,0.31319060149016203,9.791820814934217e-05,0.3129473591766221,0.313433843803702,0.5875127620903062,0.31319060149016203,3325092,10616832
tdl_mix,tdl_mix_normalized,tdl_A_10ns,-4.0,3,0.26954387146749614,6.851166088816892e-05,0.2693736790669828,0.2697140638680095,0.5339486701988879,0.26954387146749614,2861702,10616832
tdl_mix,tdl_mix_normalized,tdl_A_10ns,-2.0,3,0.21967381606867284,2.300185964230543e-05,0.21961667628169285,0.21973095585565283,0.46084805292847714,0.21967381606867284,2332240,10616832
tdl_mix,tdl_mix_normalized,tdl_A_10ns,0.0,3,0.16551764217423803,5.755652134889078e-05,0.16537466384899271,0.16566062049948335,0.3681323222907973,0.16551764217423803,1757273,10616832
tdl_mix,tdl_mix_normalized,tdl_A_10ns,2.0,3,0.11125267876519097,8.948199077044417e-05,0.11103039317738726,0.11147496435299468,0.2621609369913737,0.11125267876519097,1181151,10616832
tdl_mix,tdl_mix_normalized,tdl_A_10ns,4.0,3,0.06365373399522568,1.7878007066661872e-05,0.06360932256365878,0.06369814542679259,0.15781736705038282,0.0636537339952257,675801,10616832
tdl_mix,tdl_mix_normalized,tdl_A_10ns,6.0,3,0.02889543698157793,9.330051606076022e-05,0.02866366565109691,0.02912720831205895,0.0748467677169376,0.028895436981577934,306778,10616832
tdl_mix,tdl_mix_normalized,tdl_A_10ns,8.0,3,0.009799721800250771,1.8234718035507448e-05,0.00975442424951393,0.009845019350987612,0.026095675074575858,0.009799721800250771,104042,10616832
tdl_mix,tdl_mix_normalized,tdl_A_10ns,10.0,3,0.0027193611050829476,2.654706248234561e-05,0.0026534145460318805,0.0027853076641340146,0.007056646132381794,0.0027193611050829476,28871,10616832
tdl_mix,tdl_mix_normalized,tdl_A_10ns,12.0,3,0.0009523556556230711,2.387899045966381e-05,0.0008930369549014631,0.0010116743563446792,0.002320015188565271,0.000952355655623071,10111,10616832
tdl_mix,tdl_mix_normalized,tdl_A_10ns,14.0,3,0.000531702865788966,2.676870784336995e-05,0.0004652057091379231,0.000598200022440009,0.0012525327736871133,0.000531702865788966,5645,10616832
tdl_mix,tdl_mix_normalized,tdl_A_10ns,16.0,3,0.0003630084755979938,2.1490818956473867e-05,0.0003096223217698105,0.00041639462942617714,0.0008518667765078314,0.0003630084755979938,3854,10616832
tdl_mix,tdl_mix_normalized,tdl_A_10ns,18.0,3,0.0002697603202160494,1.92154639734967e-05,0.00022202646150891122,0.00031749417892318755,0.0006444146973608665,0.0002697603202160494,2864,10616832
tdl_mix,tdl_mix_normalized,tdl_A_10ns,20.0,3,0.00021578941816165122,2.0776755023743632e-05,0.00016417709747743053,0.0002674017388458719,0.0005152902526339106,0.00021578941816165122,2291,10616832
tdl_mix,tdl_mix_normalized,tdl_A_300ns,-10.0,3,0.4021617748119213,0.000325061823764316,0.40135427647682764,0.4029692731470149,0.6614915993478564,0.4021617748119213,4269684,10616832
tdl_mix,tdl_mix_normalized,tdl_A_300ns,-8.0,3,0.372548892174238,0.00022287771619706106,0.3719952332343032,0.37310255111417273,0.6391489895773522,0.37254889217423803,3955289,10616832
tdl_mix,tdl_mix_normalized,tdl_A_300ns,-6.0,3,0.33668951340663583,0.00013761844086971687,0.3363476502478262,0.33703137656544546,0.6048443729494825,0.3366895134066358,3574576,10616832
tdl_mix,tdl_mix_normalized,tdl_A_300ns,-4.0,3,0.29451092378592786,0.00017966715519443437,0.29406460583012967,0.29495724174172605,0.5551969213986103,0.29451092378592786,3126773,10616832
tdl_mix,tdl_mix_normalized,tdl_A_300ns,-2.0,3,0.24673650294174385,9.377087222972693e-05,0.2465035631817655,0.2469694427017222,0.4883263766029735,0.24673650294174382,2619560,10616832
tdl_mix,tdl_mix_normalized,tdl_A_300ns,0.0,3,0.1958223507728106,0.0001752651194318615,0.19538696808005912,0.19625773346556208,0.40558035947658394,0.19582235077281057,2079013,10616832
tdl_mix,tdl_mix_normalized,tdl_A_300ns,2.0,3,0.14537189624927663,8.328297316362127e-05,0.1451650098748864,0.14557878262366686,0.31311645625550066,0.14537189624927663,1543389,10616832
tdl_mix,tdl_mix_normalized,tdl_A_300ns,4.0,3,0.09998199086130401,5.6548873146618675e-05,0.09984151567295822,0.10012246604964979,0.22200270420239296,0.09998199086130401,1061492,10616832
tdl_mix,tdl_mix_normalized,tdl_A_300ns,6.0,3,0.06398292824074074,0.00010149305237349912,0.06373080552184959,0.06423505095963189,0.14467866093288234,0.06398292824074074,679296,10616832
tdl_mix,tdl_mix_normalized,tdl_A_300ns,8.0,3,0.039004478925540126,7.017892421031569e-05,0.038830144813332655,0.0391788130377476,0.08852791602228893,0.039004478925540126,414104,10616832
tdl_mix,tdl_mix_normalized,tdl_A_300ns,10.0,3,0.023292824074074073,6.737447028625483e-05,0.023125456611620493,0.023460191536527654,0.05275894869348885,0.023292824074074073,247296,10616832
tdl_mix,tdl_mix_normalized,tdl_A_300ns,12.0,3,0.014167408884307486,3.4470472137646396e-05,0.0140817794845253,0.014253038284089673,0.0317967646398846,0.014167408884307484,150413,10616832
tdl_mix,tdl_mix_normalized,tdl_A_300ns,14.0,3,0.0088555606794946,6.615180267140487e-05,0.008691230491772117,0.009019890867217082,0.019735153994442506,0.008855560679494598,94018,10616832
tdl_mix,tdl_mix_normalized,tdl_A_300ns,16.0,3,0.005718278296199845,0.00010842535597463588,0.005448934780503169,0.005987621811896522,0.01270619481169607,0.005718278296199845,60710,10616832
tdl_mix,tdl_mix_normalized,tdl_A_300ns,18.0,3,0.003853597758728781,0.00013502163409756735,0.0035181854255522454,0.004189010091905317,0.00861034454651361,0.003853597758728781,40913,10616832
tdl_mix,tdl_mix_normalized,tdl_A_300ns,20.0,3,0.0027622175805362657,0.00018343077503454834,0.0023065502747602164,0.003217884886312315,0.00630743714497873,0.0027622175805362653,29326,10616832
tdl_mix,tdl_mix_normalized,tdl_A_30ns,-10.0,3,0.38313236942997686,9.712894827222433e-05,0.3828910877466621,0.38337365111329164,0.6509775122006735,0.38313236942997686,4067652,10616832
tdl_mix,tdl_mix_normalized,tdl_A_30ns,-8.0,3,0.3526734717098283,4.395518002930757e-05,0.3525642809894866,0.35278266243017004,0.6262993738975055,0.3526734717098283,3744275,10616832
tdl_mix,tdl_mix_normalized,tdl_A_30ns,-6.0,3,0.3159457548165027,9.441833149197038e-05,0.3157112066785542,0.31618030295445126,0.5895768915429528,0.3159457548165027,3354343,10616832
tdl_mix,tdl_mix_normalized,tdl_A_30ns,-4.0,3,0.272584609043451,1.6341092498484856e-05,0.2725440155193228,0.2726252025675792,0.5368473470946888,0.272584609043451,2893985,10616832
tdl_mix,tdl_mix_normalized,tdl_A_30ns,-2.0,3,0.22335674144603587,1.6828945492576622e-05,0.2233149360278872,0.22339854686418453,0.46498218877815906,0.22335674144603587,2371341,10616832
tdl_mix,tdl_mix_normalized,tdl_A_30ns,0.0,3,0.1697702290099344,7.984511653489728e-05,0.1695718827448435,0.16996857527502532,0.3740001250932246,0.1697702290099344,1802422,10616832
tdl_mix,tdl_mix_normalized,tdl_A_30ns,2.0,3,0.11596039195119599,1.2187698257827024e-05,0.11593011603033315,0.11599066787205883,0.27006691565484175,0.11596039195119599,1231132,10616832
tdl_mix,tdl_mix_normalized,tdl_A_30ns,4.0,3,0.06850668824749229,5.4051716780665016e-05,0.06837241633944754,0.06864096015553703,0.16732086682761158,0.06850668824749229,727324,10616832
tdl_mix,tdl_mix_normalized,tdl_A_30ns,6.0,3,0.03336061077353395,3.9616633131431697e-05,0.03326219760115588,0.03345902394591202,0.08437410604070734,0.03336061077353395,354184,10616832
tdl_mix,tdl_mix_normalized,tdl_A_30ns,8.0,3,0.013016218020592206,1.3416380783324394e-05,0.012982889883131895,0.013049546158052518,0.03354547837358198,0.013016218020592206,138191,10616832
tdl_mix,tdl_mix_normalized,tdl_A_30ns,10.0,3,0.004577448338638118,2.3598133826967395e-05,0.004518827324469413,0.004636069352806823,0.01148986608295897,0.004577448338638117,48598,10616832
tdl_mix,tdl_mix_normalized,tdl_A_30ns,12.0,3,0.001929200725790895,2.226095840506312e-05,0.0018739014395150926,0.0019845000120666976,0.004562704329505379,0.001929200725790895,20482,10616832
tdl_mix,tdl_mix_normalized,tdl_A_30ns,14.0,3,0.0010584136586130402,2.3648832891028036e-05,0.0009996667009873465,0.001117160616238734,0.0024443566576393756,0.0010584136586130402,11237,10616832
tdl_mix,tdl_mix_normalized,tdl_A_30ns,16.0,3,0.0006660178855613425,2.3483944079576446e-05,0.0006076805344504369,0.0007243552366722482,0.0015623619864201805,0.0006660178855613425,7071,10616832
tdl_mix,tdl_mix_normalized,tdl_A_30ns,18.0,3,0.00046115451388888893,3.3966062553714825e-05,0.00037677813697636203,0.0005455308908014158,0.001104521813554859,0.0004611545138888889,4896,10616832
tdl_mix,tdl_mix_normalized,tdl_A_30ns,20.0,3,0.00034935091748649694,3.588678213873337e-05,0.0002602032086189486,0.0004384986263540453,0.0008346437028890643,0.00034935091748649694,3709,10616832
tdl_mix,tdl_mix_normalized,tdl_B_100ns,-10.0,3,0.3914544376326196,7.860649726898638e-05,0.39125916826835777,0.39164970699688145,0.6554906206366456,0.3914544376326196,4156006,10616832
tdl_mix,tdl_mix_normalized,tdl_B_100ns,-8.0,3,0.3616770991572627,8.806175856093921e-05,0.3614583416218502,0.3618958566926752,0.6320489048957825,0.3616770991572627,3839865,10616832
tdl_mix,tdl_mix_normalized,tdl_B_100ns,-6.0,3,0.3259224597318673,1.7410389160754766e-05,0.3258792099275752,0.3259657095361594,0.5968050964084672,0.3259224597318673,3460264,10616832
tdl_mix,tdl_mix_normalized,tdl_B_100ns,-4.0,3,0.2837405734592014,4.594437997770849e-05,0.2836264412922515,0.2838547056261513,0.5460793445875615,0.2837405734592014,3012426,10616832
tdl_mix,tdl_mix_normalized,tdl_B_100ns,-2.0,3,0.2356560789508584,5.284313977378428e-05,0.23552480931453412,0.2357873485871827,0.4773328392593949,0.2356560789508584,2501921,10616832
tdl_mix,tdl_mix_normalized,tdl_B_100ns,0.0,3,0.18382366792655283,4.675006505980824e-05,0.18370753432690662,0.18393980152619904,0.39121962071936806,0.18382366792655286,1951625,10616832
tdl_mix,tdl_mix_normalized,tdl_B_100ns,2.0,3,0.13210014060691552,1.5487320066154914e-05,0.1320616679710838,0.13213861324274725,0.29389866064360115,0.13210014060691552,1402485,10616832
tdl_mix,tdl_mix_normalized,tdl_B_100ns,4.0,3,0.08582032757040896,3.0321152764260406e-05,0.08574500565136069,0.08589564948945723,0.19773952442186848,0.08582032757040894,911140,10616832
tdl_mix,tdl_mix_normalized,tdl_B_100ns,6.0,3,0.05005909484109761,7.022612486102213e-05,0.04988464347597369,0.05023354620622152,0.11778460121081198,0.05005909484109761,531469,10616832
tdl_mix,tdl_mix_normalized,tdl_B_100ns,8.0,3,0.02696218608338156,6.980874883840216e-06,0.02694484462882095,0.026979527537942173,0.06352437140397084,0.026962186083381558,286253,10616832
tdl_mix,tdl_mix_normalized,tdl_B_100ns,10.0,3,0.014205650047019675,1.9650312240842035e-05,0.014156835965332694,0.014254464128706656,0.033238246691999616,0.014205650047019677,150819,10616832
tdl_mix,tdl_mix_normalized,tdl_B_100ns,12.0,3,0.007886156623746142,3.212654222589927e-05,0.007806349868651644,0.007965963378840639,0.01820153130195391,0.007886156623746142,83726,10616832
tdl_mix,tdl_mix_normalized,tdl_B_100ns,14.0,3,0.004664574140383873,2.6255214106743465e-05,0.00459935257288878,0.0047297957078789666,0.010652662404341463,0.004664574140383873,49523,10616832
tdl_mix,tdl_mix_normalized,tdl_B_100ns,16.0,3,0.0029016188633294755,3.3286158086348685e-05,0.0028189314627447837,0.0029843062639141674,0.006586691281286839,0.0029016188633294755,30806,10616832
tdl_mix,tdl_mix_normalized,tdl_B_100ns,18.0,3,0.001898400577498071,4.0976896429806947e-05,0.001796608323762472,0.00200019283123367,0.004292052045154075,0.001898400577498071,20155,10616832
tdl_mix,tdl_mix_normalized,tdl_B_100ns,20.0,3,0.0013001995322145061,4.302712687093107e-05,0.0011933142237221406,0.0014070848407068716,0.003019200733512134,0.0013001995322145061,13804,10616832
tdl_mix,tdl_mix_normalized,tdl_B_10ns,-10.0,3,0.3813681896821952,5.355009111766516e-05,0.3812351638813771,0.3815012154830133,0.6500121590531903,0.3813681896821952,4048922,10616832
tdl_mix,tdl_mix_normalized,tdl_B_10ns,-8.0,3,0.3505679471993152,4.6249523495344096e-05,0.35045305701384566,0.3506828373847848,0.6249378897525646,0.3505679471993152,3721921,10616832
tdl_mix,tdl_mix_normalized,tdl_B_10ns,-6.0,3,0.31341110041112075,5.72895481242526e-05,0.3132687852841308,0.31355341553811067,0.5876632218743548,0.31341110041112075,3327433,10616832
tdl_mix,tdl_mix_normalized,tdl_B_10ns,-4.0,3,0.2696723467038002,2.2395059981908747e-05,0.26961671429074013,0.26972797911686025,0.5341217083695494,0.26967234670380014,2863066,10616832
tdl_mix,tdl_mix_normalized,tdl_B_10ns,-2.0,3,0.21970725353853204,6.598684009748716e-06,0.21969086149873487,0.2197236455783292,0.46102799898312413,0.21970725353853202,2332595,10616832
tdl_mix,tdl_mix_normalized,tdl_B_10ns,0.0,3,0.16546498993296682,5.2103619899191616e-05,0.16533555736585168,0.16559442250008197,0.3682751438499969,0.16546498993296682,1756714,10616832
tdl_mix,tdl_mix_normalized,tdl_B_10ns,2.0,3,0.1111336225344811,7.509848235435209e-05,0.11094706756236242,0.11132017750659978,0.2622240875606184,0.1111336225344811,1179887,10616832
tdl_mix,tdl_mix_normalized,tdl_B_10ns,4.0,3,0.06347232394748263,7.319221920076218e-05,0.06329050439555248,0.06365414349941279,0.15779120999353904,0.06347232394748265,673875,10616832
tdl_mix,tdl_mix_normalized,tdl_B_10ns,6.0,3,0.028763759283371913,1.0236426904159079e-05,0.028738330589264758,0.028789187977479067,0.07476483823524581,0.028763759283371913,305380,10616832
tdl_mix,tdl_mix_normalized,tdl_B_10ns,8.0,3,0.009733788761091822,8.345791746550727e-06,0.00971305666507902,0.009754520857104623,0.02593137528517364,0.009733788761091822,103342,10616832
tdl_mix,tdl_mix_normalized,tdl_B_10ns,10.0,3,0.0026196138358410494,1.5327532493755515e-05,0.002581538134343801,0.002657689537338298,0.006815067894848776,0.0026196138358410494,27812,10616832
tdl_mix,tdl_mix_normalized,tdl_B_10ns,12.0,3,0.0008697509765625,9.751741721110768e-06,0.0008455263071969287,0.0008939756459280713,0.0021330507042426846,0.0008697509765625,9234,10616832
tdl_mix,tdl_mix_normalized,tdl_B_10ns,14.0,3,0.0004795215747974537,8.922239743746708e-06,0.0004573575025759014,0.0005016856470190061,0.0011364452901842822,0.0004795215747974537,5091,10616832
tdl_mix,tdl_mix_normalized,tdl_B_10ns,16.0,3,0.00032373122227044755,6.7423239505619925e-06,0.0003069823610793892,0.00034048008346150593,0.0007618125386788624,0.00032373122227044755,3437,10616832
tdl_mix,tdl_mix_normalized,tdl_B_10ns,18.0,3,0.0002316133475597994,6.906128977014375e-06,0.00021445757212514106,0.0002487691229944577,0.0005540758069636703,0.0002316133475597994,2459,10616832
tdl_mix,tdl_mix_normalized,tdl_B_10ns,20.0,3,0.00018056233723958334,9.804818371185005e-06,0.00015620581816594423,0.00020491885631322246,0.0004202840982276748,0.00018056233723958334,1917,10616832
tdl_mix,tdl_mix_normalized,tdl_B_300ns,-10.0,3,0.40158504909939235,0.00013272137595108394,0.4012553509242245,0.4019147472745602,0.6605078254216984,0.40158504909939235,4263561,10616832
tdl_mix,tdl_mix_normalized,tdl_B_300ns,-8.0,3,0.3722124452944155,8.280752395844663e-05,0.3720067400013259,0.3724181505875051,0.6380502221025067,0.3722124452944155,3951717,10616832
tdl_mix,tdl_mix_normalized,tdl_B_300ns,-6.0,3,0.33698809588396994,8.844175414720923e-05,0.33676839438719125,0.33720779738074863,0.6038695676827136,0.3369880958839699,3577746,10616832
tdl_mix,tdl_mix_normalized,tdl_B_300ns,-4.0,3,0.2957338874722704,1.5262277184402246e-05,0.295695973873948,0.2957718010705928,0.5547834815066538,0.2957338874722705,3139757,10616832
tdl_mix,tdl_mix_normalized,tdl_B_300ns,-2.0,3,0.2490698731975791,5.5910585672866506e-05,0.24893098360321786,0.24920876279194032,0.4891227531580277,0.2490698731975791,2644333,10616832
tdl_mix,tdl_mix_normalized,tdl_B_300ns,0.0,3,0.19924785472728587,7.040251467467142e-05,0.19907296518557388,0.19942274426899786,0.4083918840796859,0.19924785472728587,2115381,10616832
tdl_mix,tdl_mix_normalized,tdl_B_300ns,2.0,3,0.15003128993658374,2.242178405232221e-05,0.14997559113725256,0.15008698873591492,0.3186699600867283,0.1500312899365837,1592857,10616832
tdl_mix,tdl_mix_normalized,tdl_B_300ns,4.0,3,0.10558959584177276,5.397040891049526e-05,0.10545552591367456,0.10572366576987095,0.23046945458577003,0.10558959584177276,1121027,10616832
tdl_mix,tdl_mix_normalized,tdl_B_300ns,6.0,3,0.06990672923900464,6.679423249130573e-05,0.06974080316713932,0.07007265531086995,0.15521063830381557,0.06990672923900464,742188,10616832
tdl_mix,tdl_mix_normalized,tdl_B_300ns,8.0,3,0.0444308622383777,7.94546580042307e-05,0.04423348592604774,0.04462823855070766,0.09939282479477518,0.0444308622383777,471715,10616832
tdl_mix,tdl_mix_normalized,tdl_B_300ns,10.0,3,0.02786198368778935,4.94005068777577e-05,0.027739266025670114,0.027984701349908585,0.062218805154164634,0.027861983687789353,295806,10616832
tdl_mix,tdl_mix_normalized,tdl_B_300ns,12.0,3,0.017553258825231483,3.480548794253492e-05,0.01746679720005431,0.017639720450408656,0.03897628183534116,0.017553258825231483,186360,10616832
tdl_mix,tdl_mix_normalized,tdl_B_300ns,14.0,3,0.011200704692322531,3.8450660526994625e-05,0.011105187956462122,0.011296221428182941,0.02478292461392688,0.011200704692322531,118916,10616832
tdl_mix,tdl_mix_normalized,tdl_B_300ns,16.0,3,0.007271849078896605,9.984621311673467e-05,0.007023817335508536,0.007519880822284674,0.016135713729409525,0.007271849078896605,77204,10616832
tdl_mix,tdl_mix_normalized,tdl_B_300ns,18.0,3,0.0048818705994405865,0.0001624997953945744,0.0044781987295340305,0.005285542469347143,0.010927013794167176,0.0048818705994405865,51830,10616832
tdl_mix,tdl_mix_normalized,tdl_B_300ns,20.0,3,0.0034673243393132714,0.00021951289089318474,0.002922024088809668,0.004012624589816874,0.007946579728597476,0.0034673243393132714,36812,10616832
tdl_mix,tdl_mix_normalized,tdl_B_30ns,-10.0,3,0.38326423550829475,0.0001021780655632169,0.38301041112230594,0.38351805989428356,0.6511564607973451,0.38326423550829475,4069052,10616832
tdl_mix,tdl_mix_normalized,tdl_B_30ns,-8.0,3,0.3528254944601177,4.004761363129934e-05,0.35272601067282683,0.35292497824740854,0.6265097128020393,0.3528254944601177,3745889,10616832
tdl_mix,tdl_mix_normalized,tdl_B_30ns,-6.0,3,0.31618857678071954,2.490841737870644e-05,0.31612670084176675,0.31625045271967234,0.5898079967793124,0.31618857678071954,3356921,10616832
tdl_mix,tdl_mix_normalized,tdl_B_30ns,-4.0,3,0.27281546887056324,7.025965784916546e-05,0.2726409342048789,0.2729900035362476,0.5370773308806949,0.2728154688705633,2896436,10616832
tdl_mix,tdl_mix_normalized,tdl_B_30ns,-2.0,3,0.22334308388792437,1.533794757932567e-05,0.2233049823139203,0.22338118546192845,0.46516994156955205,0.22334308388792437,2371196,10616832
tdl_mix,tdl_mix_normalized,tdl_B_30ns,0.0,3,0.16971842447916666,2.303076881045031e-05,0.16966121287783187,0.16977563608050145,0.37410277165012595,0.16971842447916666,1801872,10616832
tdl_mix,tdl_mix_normalized,tdl_B_30ns,2.0,3,0.11595982681086033,4.17767673702423e-05,0.11585604756755698,0.11606360605416367,0.2700796624024709,0.11595982681086034,1231126,10616832
tdl_mix,tdl_mix_normalized,tdl_B_30ns,4.0,3,0.06845865131896219,2.3179941213866526e-05,0.0684010691528345,0.06851623348508987,0.16728091147946722,0.06845865131896219,726814,10616832
tdl_mix,tdl_mix_normalized,tdl_B_30ns,6.0,3,0.03316422450689622,8.013907829154744e-06,0.03314431685623857,0.033184132157553864,0.08428431973781114,0.03316422450689622,352099,10616832
tdl_mix,tdl_mix_normalized,tdl_B_30ns,8.0,3,0.012932106300636575,1.573284110409784e-06,0.012928198046246462,0.012936014555026689,0.03336410550975505,0.012932106300636573,137298,10616832
tdl_mix,tdl_mix_normalized,tdl_B_30ns,10.0,3,0.004453305844907407,9.776274443453368e-06,0.004429020232881091,0.004477591456933724,0.011221994502170955,0.004453305844907407,47280,10616832
tdl_mix,tdl_mix_normalized,tdl_B_30ns,12.0,3,0.0017792501567322528,2.3370335246840866e-05,0.0017211950256071442,0.0018373052878573614,0.004291239589809176,0.001779250156732253,18890,10616832
tdl_mix,tdl_mix_normalized,tdl_B_30ns,14.0,3,0.0009509428047839506,7.636368385111227e-06,0.0009319730140969645,0.0009699125954709367,0.0022261594294607757,0.0009509428047839506,10096,10616832
tdl_mix,tdl_mix_normalized,tdl_B_30ns,16.0,3,0.000592738022038966,9.558782590225276e-06,0.0005689926897272719,0.0006164833543506602,0.0013876301698159588,0.000592738022038966,6293,10616832
tdl_mix,tdl_mix_normalized,tdl_B_30ns,18.0,3,0.0004075603720582562,1.0051451560656977e-05,0.00038259118217765745,0.0004325295619388549,0.0009498112508200718,0.0004075603720582562,4327,10616832
tdl_mix,tdl_mix_normalized,tdl_B_30ns,20.0,3,0.00029603934582368826,6.199394573411113e-06,0.0002806391959732782,0.00031143949567409834,0.0006909823973504067,0.00029603934582368826,3143,10616832
tdl_mix,tdl_mix_normalized,tdl_C_100ns,-10.0,3,0.3896265854070216,5.09052595081697e-05,0.38950012973214615,0.38975304108189707,0.654470412083614,0.3896265854070216,4136600,10616832
tdl_mix,tdl_mix_normalized,tdl_C_100ns,-8.0,3,0.35973009651089893,0.00011951092486267425,0.35943321491547026,0.3600269781063276,0.6308529833216726,0.35973009651089893,3819194,10616832
tdl_mix,tdl_mix_normalized,tdl_C_100ns,-6.0,3,0.3237295268494406,5.92119926456254e-05,0.3235824361055162,0.32387661759336506,0.595420143854471,0.32372952684944056,3436982,10616832
tdl_mix,tdl_mix_normalized,tdl_C_100ns,-4.0,3,0.28132836612654316,8.620489837872816e-05,0.2811142212875349,0.28154251096555144,0.5443965163495806,0.2813283661265432,2986816,10616832
tdl_mix,tdl_mix_normalized,tdl_C_100ns,-2.0,3,0.23294462981047456,3.9917474560573026e-05,0.23284546930655708,0.23304379031439204,0.4750446224654163,0.23294462981047453,2473134,10616832
tdl_mix,tdl_mix_normalized,tdl_C_100ns,0.0,3,0.1805672351224923,6.15629116640502e-05,0.18041430437197672,0.18072016587300785,0.3878287529503857,0.1805672351224923,1917052,10616832
tdl_mix,tdl_mix_normalized,tdl_C_100ns,2.0,3,0.1283134177879051,9.50675404012136e-05,0.1280772569256222,0.12854957865018798,0.28885629920311917,0.1283134177879051,1362282,10616832
tdl_mix,tdl_mix_normalized,tdl_C_100ns,4.0,3,0.08147260877821182,5.0046838352423095e-05,0.08134828553970201,0.08159693201672162,0.1908481746544073,0.0814726087782118,864981,10616832
tdl_mix,tdl_mix_normalized,tdl_C_100ns,6.0,3,0.045665411301601073,4.048978425289992e-05,0.045564829101594026,0.04576599350160812,0.10969768685323221,0.04566541130160108,484822,10616832
tdl_mix,tdl_mix_normalized,tdl_C_100ns,8.0,3,0.02306384804808063,4.520622272819334e-05,0.022951549565391516,0.023176146530769746,0.05564168389932609,0.02306384804808063,244865,10616832
tdl_mix,tdl_mix_normalized,tdl_C_100ns,10.0,3,0.011309494206934799,2.3833806789508977e-05,0.011250287748672183,0.011368700665197415,0.026855708824263677,0.011309494206934799,120071,10616832
tdl_mix,tdl_mix_normalized,tdl_C_100ns,12.0,3,0.0059154180832851075,2.2634440749844313e-05,0.005859191015431926,0.005971645151138289,0.013724281878015143,0.005915418083285108,62803,10616832
tdl_mix,tdl_mix_normalized,tdl_C_100ns,14.0,3,0.0034061949930073304,3.138225522080837e-05,0.0033282371493306147,0.003484152836684046,0.007759543282359287,0.0034061949930073304,36163,10616832
tdl_mix,tdl_mix_normalized,tdl_C_100ns,16.0,3,0.0021150377061631945,3.3190870412956824e-05,0.0020325870132814495,0.0021974883990449395,0.004783343256416696,0.0021150377061631945,22455,10616832
tdl_mix,tdl_mix_normalized,tdl_C_100ns,18.0,3,0.00139617919921875,4.329229498067592e-05,0.001288635176624989,0.001503723221812511,0.0031606229568291225,0.00139617919921875,14823,10616832
tdl_mix,tdl_mix_normalized,tdl_C_100ns,20.0,3,0.0009797649619020061,4.924861080200606e-05,0.0008574246305528273,0.001102105293251185,0.002268151335567696,0.0009797649619020061,10402,10616832
tdl_mix,tdl_mix_normalized,tdl_C_10ns,-10.0,3,0.3815317036193094,6.579537796629699e-05,0.38136825883963826,0.3816951483989805,0.6499686851913546,0.38153170361930944,4050658,10616832
tdl_mix,tdl_mix_normalized,tdl_C_10ns,-8.0,3,0.35067428777247295,7.378400742472376e-05,0.3504909981370982,0.3508575774078477,0.6248916799639478,0.350674287772473,3723050,10616832
tdl_mix,tdl_mix_normalized,tdl_C_10ns,-6.0,3,0.31364337308907214,2.723005031804832e-05,0.3135757298941817,0.3137110162839626,0.587609048978782,0.31364337308907214,3329899,10616832
tdl_mix,tdl_mix_normalized,tdl_C_10ns,-4.0,3,0.2697475103684414,0.00012013198541042191,0.2694490859730847,0.2700459347637981,0.5340520960313303,0.26974751036844136,2863864,10616832
tdl_mix,tdl_mix_normalized,tdl_C_10ns,-2.0,3,0.21972109947675542,9.618114611427327e-05,0.2194821722645246,0.21996002668898623,0.46094382618680413,0.2197210994767554,2332742,10616832
tdl_mix,tdl_mix_normalized,tdl_C_10ns,0.0,3,0.16543371883439428,3.901651821885733e-05,0.165336796430102,0.16553064123868658,0.3681866688492857,0.16543371883439428,1756382,10616832
tdl_mix,tdl_mix_normalized,tdl_C_10ns,2.0,3,0.11124975887345678,1.957975433889311e-05,0.1112011200673149,0.11129839767959866,0.262187013839498,0.11124975887345678,1181120,10616832
tdl_mix,tdl_mix_normalized,tdl_C_10ns,4.0,3,0.06346205723138502,2.210618740836966e-05,0.0634071424175788,0.06351697204519124,0.15784171260433433,0.06346205723138502,673766,10616832
tdl_mix,tdl_mix_normalized,tdl_C_10ns,6.0,3,0.028757636929735726,3.432539456327048e-05,0.028672367922627187,0.028842905936844264,0.07490298749856007,0.028757636929735726,305315,10616832
tdl_mix,tdl_mix_normalized,tdl_C_10ns,8.0,3,0.00976421214916088,1.8038071999448818e-05,0.009719403094258096,0.009809021204063663,0.026131877123757644,0.00976421214916088,103665,10616832
tdl_mix,tdl_mix_normalized,tdl_C_10ns,10.0,3,0.002609818070023148,1.649832331564999e-05,0.002568833962892551,0.0026508021771537455,0.006912624894606846,0.002609818070023148,27708,10616832
tdl_mix,tdl_mix_normalized,tdl_C_10ns,12.0,3,0.0008259526005497685,1.106362347098562e-05,0.0007984690362558535,0.0008534361648436835,0.0020923912798249977,0.0008259526005497685,8769,10616832
tdl_mix,tdl_mix_normalized,tdl_C_10ns,14.0,3,0.00040991512345679015,7.0151043857020405e-06,0.0003924886380997472,0.0004273416088138331,0.001003927579011271,0.0004099151234567901,4352,10616832
tdl_mix,tdl_mix_normalized,tdl_C_10ns,16.0,3,0.0002566679024402006,8.345791746550588e-06,0.00023593580642739995,0.00027739999845300127,0.0006263058908245264,0.0002566679024402006,2725,10616832
tdl_mix,tdl_mix_normalized,tdl_C_10ns,18.0,3,0.0001790552963445216,7.155965136576551e-06,0.00016127889348411267,0.00019683169920493054,0.00044934977290161184,0.0001790552963445216,1901,10616832
tdl_mix,tdl_mix_normalized,tdl_C_10ns,20.0,3,0.00014269793475115742,1.128866936319884e-05,0.00011465532546949999,0.00017074054403281487,0.0003490458424168515,0.0001426979347511574,1515,10616832
tdl_mix,tdl_mix_normalized,tdl_C_300ns,-10.0,3,0.4021706286771798,9.797703767740068e-05,0.40192724022299064,0.40241401713136893,0.6611830842347793,0.4021706286771798,4269778,10616832
tdl_mix,tdl_mix_normalized,tdl_C_300ns,-8.0,3,0.3725390964084201,6.167348803262252e-05,0.3723858909709773,0.3726923018458629,0.6388976044125028,0.37253909640842015,3955185,10616832
tdl_mix,tdl_mix_normalized,tdl_C_300ns,-6.0,3,0.3366734069070698,0.00016823496276815233,0.3362554880916068,0.3370913257225328,0.6047819955849353,0.3366734069070698,3574405,10616832
tdl_mix,tdl_mix_normalized,tdl_C_300ns,-4.0,3,0.29442191418306324,0.0001844285792140044,0.293963768194296,0.2948800601718305,0.5554660131901871,0.2944219141830633,3125828,10616832
tdl_mix,tdl_mix_normalized,tdl_C_300ns,-2.0,3,0.24683135232807676,5.384450979449331e-05,0.2466975951507205,0.24696510950543302,0.4889895235314781,0.24683135232807676,2620567,10616832
tdl_mix,tdl_mix_normalized,tdl_C_300ns,0.0,3,0.19592454698350692,0.00015858632338163644,0.19553059671701195,0.1963184972500019,0.4065356872699879,0.19592454698350695,2080098,10616832
tdl_mix,tdl_mix_normalized,tdl_C_300ns,2.0,3,0.1453693531177662,6.73347575258917e-05,0.14520208430727827,0.14553662192825412,0.31413950228396753,0.1453693531177662,1543362,10616832
tdl_mix,tdl_mix_normalized,tdl_C_300ns,4.0,3,0.10008362193166474,7.504477074421938e-05,0.09989720038658235,0.10027004347674713,0.22284543127925308,0.10008362193166474,1062571,10616832
tdl_mix,tdl_mix_normalized,tdl_C_300ns,6.0,3,0.06408597216194059,0.00012595859076004916,0.06377307367650285,0.06439887064737833,0.145203955931428,0.06408597216194059,680390,10616832
tdl_mix,tdl_mix_normalized,tdl_C_300ns,8.0,3,0.03893044554157022,8.749019167981116e-05,0.038713107857001966,0.039147783226138474,0.08886540878886058,0.03893044554157021,413318,10616832
tdl_mix,tdl_mix_normalized,tdl_C_300ns,10.0,3,0.02327596405406057,5.763069200570545e-05,0.023132801478689548,0.023419126629431596,0.053064184516300385,0.02327596405406057,247117,10616832
tdl_mix,tdl_mix_normalized,tdl_C_300ns,12.0,3,0.014069922176408178,3.367725902245422e-05,0.01398626322723897,0.014153581125577387,0.03199817527683429,0.014069922176408178,149378,10616832
tdl_mix,tdl_mix_normalized,tdl_C_300ns,14.0,3,0.008785200707706406,6.220738016022652e-05,0.008630669008695385,0.008939732406717426,0.019863110449579027,0.008785200707706404,93271,10616832
tdl_mix,tdl_mix_normalized,tdl_C_300ns,16.0,3,0.0056939772617669755,9.934916888464528e-05,0.005447180244700294,0.005940774278833657,0.012828518366326152,0.0056939772617669755,60452,10616832
tdl_mix,tdl_mix_normalized,tdl_C_300ns,18.0,3,0.003836643548659336,0.00011802652951035646,0.00354344939570462,0.004129837701614052,0.008717564417532195,0.0038366435486593365,40733,10616832
tdl_mix,tdl_mix_normalized,tdl_C_300ns,20.0,3,0.0027919816382137343,0.00016255530959221462,0.0023881718633952773,0.0031957914130321913,0.006376187115861677,0.0027919816382137347,29642,10616832
tdl_mix,tdl_mix_normalized,tdl_C_30ns,-10.0,3,0.3833857406804591,3.636968229805417e-05,0.38329539338109475,0.38347608797982347,0.6510510172372982,0.3833857406804591,4070342,10616832
tdl_mix,tdl_mix_normalized,tdl_C_30ns,-8.0,3,0.352845745322145,8.858578516866252e-05,0.35262568603247424,0.3530658046118158,0.6263818387632016,0.3528457453221451,3746104,10616832
tdl_mix,tdl_mix_normalized,tdl_C_30ns,-6.0,3,0.3161758611231675,2.4692709566723612e-05,0.3161145210321252,0.3162372012142098,0.5896468725469378,0.3161758611231674,3356786,10616832
tdl_mix,tdl_mix_normalized,tdl_C_30ns,-4.0,3,0.2728532390829958,7.754238902391414e-05,0.27266061311015505,0.27304586505583656,0.5368736077238012,0.27285323908299575,2896837,10616832
tdl_mix,tdl_mix_normalized,tdl_C_30ns,-2.0,3,0.22338650550371333,6.015117385642953e-05,0.2232370817043249,0.22353592930310176,0.4649400593322,0.22338650550371336,2371657,10616832
tdl_mix,tdl_mix_normalized,tdl_C_30ns,0.0,3,0.16974705825617284,5.5540194995318505e-06,0.16973326130688174,0.16976085520546394,0.3738866341702732,0.16974705825617284,1802176,10616832
tdl_mix,tdl_mix_normalized,tdl_C_30ns,2.0,3,0.11603225896387925,4.323262005142338e-05,0.1159248631820277,0.1161396547457308,0.2699431984880824,0.11603225896387924,1231895,10616832
tdl_mix,tdl_mix_normalized,tdl_C_30ns,4.0,3,0.06839347180025078,1.501969647087202e-05,0.06835616080582704,0.06843078279467452,0.1672700994912489,0.06839347180025077,726122,10616832
tdl_mix,tdl_mix_normalized,tdl_C_30ns,6.0,3,0.033244286054446376,6.628865676659442e-06,0.03322781903923224,0.03326075306966051,0.08445255246795254,0.033244286054446376,352949,10616832
tdl_mix,tdl_mix_normalized,tdl_C_30ns,8.0,3,0.013071790153597607,7.583908168990905e-06,0.013052950681311857,0.013090629625883357,0.033685815762038586,0.013071790153597608,138781,10616832
tdl_mix,tdl_mix_normalized,tdl_C_30ns,10.0,3,0.00452903464988426,1.0771076655943709e-05,0.00450227781216607,0.004555791487602449,0.011487930967116061,0.00452903464988426,48084,10616832
tdl_mix,tdl_mix_normalized,tdl_C_30ns,12.0,3,0.0018133469569830245,6.550104080280684e-06,0.0017970755964206975,0.0018296183175453514,0.004443373155987097,0.0018133469569830247,19252,10616832
tdl_mix,tdl_mix_normalized,tdl_C_30ns,14.0,3,0.0009411470389660494,6.1020328236315845e-06,0.0009259887491099578,0.000956305328822141,0.0022480812419226025,0.0009411470389660494,9992,10616832
tdl_mix,tdl_mix_normalized,tdl_C_30ns,16.0,3,0.0005759721920814043,1.4420309921552234e-05,0.0005401501563888017,0.0006117942277740068,0.001342524845672471,0.0005759721920814043,6115,10616832
tdl_mix,tdl_mix_normalized,tdl_C_30ns,18.0,3,0.00038260000723379633,1.1749619596292994e-05,0.00035341233409482656,0.0004117876803727661,0.0008929642207712512,0.0003826000072337963,4062,10616832
tdl_mix,tdl_mix_normalized,tdl_C_30ns,20.0,3,0.00028285273799189816,2.7269119243514984e-05,0.0002151124905103184,0.00035059298547347793,0.0006516148623182901,0.00028285273799189816,3003,10616832
tdl_mix,tdl_mix_normalized,tdl_D_100ns,-10.0,3,0.3817304446373457,1.8348213226954432e-05,0.38168486514892364,0.3817760241257677,0.6501662076255421,0.3817304446373457,4052768,10616832
tdl_mix,tdl_mix_normalized,tdl_D_100ns,-8.0,3,0.3511587072301794,5.2013638798226465e-05,0.3510294981885105,0.3512879162718483,0.6252335243754916,0.3511587072301794,3728193,10616832
tdl_mix,tdl_mix_normalized,tdl_D_100ns,-6.0,3,0.31419862346884647,4.1919866136104946e-05,0.3140944887485023,0.3143027581891906,0.5881890330785587,0.31419862346884647,3335794,10616832
tdl_mix,tdl_mix_normalized,tdl_D_100ns,-4.0,3,0.27063073052300346,4.4755939124097e-05,0.27051955060679633,0.2707419104392106,0.5350135947451179,0.27063073052300346,2873241,10616832
tdl_mix,tdl_mix_normalized,tdl_D_100ns,-2.0,3,0.22101178581331982,5.916882570644889e-05,0.2208648023020169,0.22115876932462272,0.4625030001740396,0.22101178581331982,2346445,10616832
tdl_mix,tdl_mix_normalized,tdl_D_100ns,0.0,3,0.16698295687451772,2.0069113921874877e-05,0.1669331024317811,0.16703281131725434,0.3706139741856375,0.16698295687451775,1772830,10616832
tdl_mix,tdl_mix_normalized,tdl_D_100ns,2.0,3,0.11298897825641396,0.00011919281736275835,0.11269288688382223,0.1132850696290057,0.2656065450038439,0.11298897825641396,1199585,10616832
tdl_mix,tdl_mix_normalized,tdl_D_100ns,4.0,3,0.06526400719159915,7.558650756313454e-05,0.065076239897655,0.0654517744855433,0.16195117893778246,0.06526400719159915,692897,10616832
tdl_mix,tdl_mix_normalized,tdl_D_100ns,6.0,3,0.030325807171103395,9.666102764640005e-05,0.0300856878670614,0.03056592647514539,0.07860785722732544,0.030325807171103395,321964,10616832
tdl_mix,tdl_mix_normalized,tdl_D_100ns,8.0,3,0.010340749481577932,2.9154523115223846e-05,0.010268325631236584,0.01041317333191928,0.02802992934062157,0.010340749481577932,109786,10616832
tdl_mix,tdl_mix_normalized,tdl_D_100ns,10.0,3,0.002464011863425926,2.968601009694488e-05,0.002390267726229931,0.0025377560006219213,0.006891058907372716,0.002464011863425926,26160,10616832
tdl_mix,tdl_mix_normalized,tdl_D_100ns,12.0,3,0.0004179212782118055,2.8257016782407397e-06,0.0004109018461104675,0.0004249407103131435,0.001224554056175237,0.00041792127821180556,4437,10616832
tdl_mix,tdl_mix_normalized,tdl_D_100ns,14.0,3,6.395504798418209e-05,1.8814448938664724e-06,5.928127977057252e-05,6.862881619779167e-05,0.0002044375713596287,6.39550479841821e-05,679,10616832
tdl_mix,tdl_mix_normalized,tdl_D_100ns,16.0,3,1.2998227719907406e-05,2.2605613425925925e-06,7.3826820388370014e-06,1.861377340097781e-05,4.569170303871089e-05,1.2998227719907408e-05,138,10616832
tdl_mix,tdl_mix_normalized,tdl_D_100ns,18.0,3,4.426932629243827e-06,4.3163306106339835e-07,3.3546966645776824e-06,5.499168593909972e-06,1.6362976880990583e-05,4.426932629243827e-06,47,10616832
tdl_mix,tdl_mix_normalized,tdl_D_100ns,20.0,3,1.6012309510030861e-06,1.631419624581869e-07,1.1959638496765063e-06,2.006498052329666e-06,8.43306546543048e-06,1.6012309510030863e-06,17,10616832
tdl_mix,tdl_mix_normalized,tdl_D_10ns,-10.0,3,0.38014258867428624,3.2318583351580716e-05,0.38006230486258924,0.38022287248598324,0.6491528278515662,0.38014258867428624,4035910,10616832
tdl_mix,tdl_mix_normalized,tdl_D_10ns,-8.0,3,0.34913145465615353,5.81190808433534e-05,0.34898707885565283,0.3492758304566542,0.6237543497556522,0.34913145465615353,3706670,10616832
tdl_mix,tdl_mix_normalized,tdl_D_10ns,-6.0,3,0.31171765739535107,4.539569849441121e-05,0.3116048882287656,0.31183042656193655,0.5860264533095889,0.31171765739535107,3309454,10616832
tdl_mix,tdl_mix_normalized,tdl_D_10ns,-4.0,3,0.2675511866440008,3.373884648371611e-05,0.2674673747030965,0.2676349985849051,0.5318273732691635,0.2675511866440008,2840546,10616832
tdl_mix,tdl_mix_normalized,tdl_D_10ns,-2.0,3,0.2172066017433449,5.735547985554194e-06,0.2171923538522959,0.21722084963439392,0.4577830636206968,0.2172066017433449,2306046,10616832
tdl_mix,tdl_mix_normalized,tdl_D_10ns,0.0,3,0.1624393227659626,0.00013018524164007698,0.162115924697679,0.1627627208342462,0.3637297142435003,0.16243932276596257,1724591,10616832
tdl_mix,tdl_mix_normalized,tdl_D_10ns,2.0,3,0.10760498046875,0.00014870495029532856,0.10723557689378352,0.10797438404371648,0.2561542362342646,0.10760498046875,1142424,10616832
tdl_mix,tdl_mix_normalized,tdl_D_10ns,4.0,3,0.05975539595992477,0.0001495682629069774,0.059383847797542584,0.06012694412230695,0.15056461537325824,0.05975539595992477,634413,10616832
tdl_mix,tdl_mix_normalized,tdl_D_10ns,6.0,3,0.025473418059172453,0.00011371158626307007,0.025190942819462787,0.02575589329888212,0.0675783965414689,0.025473418059172453,270447,10616832
tdl_mix,tdl_mix_normalized,tdl_D_10ns,8.0,3,0.007299729335455247,4.2593488978788684e-05,0.0071939212432040375,0.007405537427706457,0.020348888419476557,0.0072997293354552465,77500,10616832
tdl_mix,tdl_mix_normalized,tdl_D_10ns,10.0,3,0.0011910332573784722,1.810875783285876e-05,0.0011460486091312218,0.0012360179056257227,0.00346110416231332,0.0011910332573784722,12645,10616832
tdl_mix,tdl_mix_normalized,tdl_D_10ns,12.0,3,9.070502387152777e-05,2.9904415679531394e-06,8.32763551975102e-05,9.813369254554533e-05,0.0003067801947587595,9.070502387152778e-05,963,10616832
tdl_mix,tdl_mix_normalized,tdl_D_10ns,14.0,3,3.3908420138888887e-06,4.894258873745606e-07,2.17504070990915e-06,4.606643317868628e-06,2.2466449811389916e-05,3.3908420138888887e-06,36,10616832
tdl_mix,tdl_mix_normalized,tdl_D_10ns,16.0,3,1.8838011188271604e-07,1.631419624581869e-07,-2.1688698944386376e-07,5.936472132092959e-07,4.329199855644141e-06,1.8838011188271604e-07,2,10616832
tdl_mix,tdl_mix_normalized,tdl_D_10ns,18.0,3,0.0,0.0,0.0,0.0,2.170111245358845e-06,0.0,0,10616832
tdl_mix,tdl_mix_normalized,tdl_D_10ns,20.0,3,0.0,0.0,0.0,0.0,1.6003957471409116e-06,0.0,0,10616832
tdl_mix,tdl_mix_normalized,tdl_D_300ns,-10.0,3,0.3834804958767361,4.9299384806613586e-05,0.3833580294157673,0.3836029623377049,0.6512273469088989,0.3834804958767361,4071348,10616832
tdl_mix,tdl_mix_normalized,tdl_D_300ns,-8.0,3,0.3532438866886092,5.094445740786973e-05,0.3531173336407529,0.3533704397364655,0.6268040677647532,0.3532438866886092,3750331,10616832
tdl_mix,tdl_mix_normalized,tdl_D_300ns,-6.0,3,0.31677368540822726,4.613457400777082e-05,0.3166590807731147,0.3168882900433398,0.5905044030996017,0.31677368540822726,3363133,10616832
tdl_mix,tdl_mix_normalized,tdl_D_300ns,-4.0,3,0.2737911836600598,3.6816988053834e-05,0.27369972519159874,0.2738826421285208,0.5384288408138134,0.2737911836600598,2906795,10616832
tdl_mix,tdl_mix_normalized,tdl_D_300ns,-2.0,3,0.2247754320686246,4.077863807645925e-05,0.22467413231594124,0.22487673182130796,0.4675155491740615,0.2247754320686246,2386403,10616832
tdl_mix,tdl_mix_normalized,tdl_D_300ns,0.0,3,0.1716397132402585,1.6146934011276386e-05,0.17159960203255045,0.17167982444796656,0.37783918814894596,0.17163971324025848,1822270,10616832
tdl_mix,tdl_mix_normalized,tdl_D_300ns,2.0,3,0.11845134217062114,0.00010169006387627932,0.11819873004802628,0.11870395429321601,0.2754564916278109,0.11845134217062114,1257578,10616832
tdl_mix,tdl_mix_normalized,tdl_D_300ns,4.0,3,0.07119223512249229,6.850350235617291e-05,0.07102206298889593,0.07136240725608864,0.17392781064098264,0.07119223512249229,755836,10616832
tdl_mix,tdl_mix_normalized,tdl_D_300ns,6.0,3,0.03556173819082755,0.00013325003663714185,0.035230726749712664,0.03589274963194244,0.0907463745938407,0.035561738190827544,377553,10616832
tdl_mix,tdl_mix_normalized,tdl_D_300ns,8.0,3,0.014199810263551313,6.408198841437586e-05,0.014040621779481227,0.014358998747621398,0.03751535046799683,0.014199810263551311,150757,10616832
tdl_mix,tdl_mix_normalized,tdl_D_300ns,10.0,3,0.004514435191213349,2.4527242486104212e-05,0.004453506143186081,0.004575364239240616,0.012199333236541278,0.004514435191213349,47929,10616832
tdl_mix,tdl_mix_normalized,tdl_D_300ns,12.0,3,0.0012398237063560955,9.60045746850817e-06,0.0012159748479076222,0.0012636725648045688,0.003364527827979606,0.0012398237063560957,13163,10616832
tdl_mix,tdl_mix_normalized,tdl_D_300ns,14.0,3,0.0003484090169270833,1.0293469238330402e-05,0.0003228386218064432,0.00037397941204772345,0.0009349015689408981,0.0003484090169270833,3699,10616832
tdl_mix,tdl_mix_normalized,tdl_D_300ns,16.0,3,0.00012272964289158952,7.200458612744891e-06,0.00010484271210909978,0.00014061657367407925,0.00032569259933496386,0.00012272964289158952,1303,10616832
tdl_mix,tdl_mix_normalized,tdl_D_300ns,18.0,3,6.376666787229937e-05,3.89837610439251e-06,5.40825647764274e-05,7.345077096817135e-05,0.00016381683846343494,6.376666787229939e-05,677,10616832
tdl_mix,tdl_mix_normalized,tdl_D_300ns,20.0,3,4.389256606867284e-05,3.453064488507184e-06,3.5314678351343685e-05,5.247045378600199e-05,0.00010679386638384816,4.389256606867284e-05,466,10616832
tdl_mix,tdl_mix_normalized,tdl_D_30ns,-10.0,3,0.38073137071397567,1.1085253254057185e-05,0.3807038334183219,0.3807589080096294,0.6494913042327504,0.38073137071397567,4042161,10616832
tdl_mix,tdl_mix_normalized,tdl_D_30ns,-8.0,3,0.3498300623010706,7.363108441841298e-06,0.34981177132571384,0.3498483532764274,0.6242480815192799,0.3498300623010706,3714087,10616832
tdl_mix,tdl_mix_normalized,tdl_D_30ns,-6.0,3,0.31252401846426503,5.312995476802541e-05,0.31239203633999724,0.3126560005885328,0.5867487688859304,0.31252401846426503,3318015,10616832
tdl_mix,tdl_mix_normalized,tdl_D_30ns,-4.0,3,0.26860960030261377,7.303295532911286e-05,0.26842817638407335,0.2687910242211542,0.532893795658041,0.2686096003026138,2851783,10616832
tdl_mix,tdl_mix_normalized,tdl_D_30ns,-2.0,3,0.21841100998866705,6.140447616433596e-05,0.21825847281375121,0.2185635471635829,0.45936915425606717,0.21841100998866705,2318833,10616832
tdl_mix,tdl_mix_normalized,tdl_D_30ns,0.0,3,0.1638418126989294,9.104900161469174e-05,0.16361563444039262,0.16406799095746616,0.3660411683865535,0.1638418126989294,1739481,10616832
tdl_mix,tdl_mix_normalized,tdl_D_30ns,2.0,3,0.10942181245780286,0.00011093221592379996,0.10914624155676815,0.10969738335883757,0.2593103489022196,0.10942181245780286,1161713,10616832
tdl_mix,tdl_mix_normalized,tdl_D_30ns,4.0,3,0.061572227948977626,0.0001448417672619706,0.06121242105267207,0.06193203484528318,0.15431597681693088,0.061572227948977626,653702,10616832
tdl_mix,tdl_mix_normalized,tdl_D_30ns,6.0,3,0.02703565432701582,7.07043036340783e-05,0.026860015099968756,0.027211293554062883,0.07113746020161076,0.027035654327015816,287033,10616832
tdl_mix,tdl_mix_normalized,tdl_D_30ns,8.0,3,0.008218176570939428,3.381921470458481e-05,0.008134164984306828,0.008302188157572029,0.022734493569091515,0.008218176570939428,87251,10616832
tdl_mix,tdl_mix_normalized,tdl_D_30ns,10.0,3,0.0015397248444733796,1.951780693826081e-05,0.0014912399242055603,0.001588209764741199,0.004441905760976635,0.0015397248444733796,16347,10616832
tdl_mix,tdl_mix_normalized,tdl_D_30ns,12.0,3,0.00017123752170138888,1.2316948060044713e-06,0.0001681778221843111,0.00017429722121846666,0.0005428195941077982,0.00017123752170138888,1818,10616832
tdl_mix,tdl_mix_normalized,tdl_D_30ns,14.0,3,1.8272870852623457e-05,1.5562751338495615e-06,1.4406869102623077e-05,2.2138872602623836e-05,7.506411227187067e-05,1.8272870852623457e-05,194,10616832
tdl_mix,tdl_mix_normalized,tdl_D_30ns,16.0,3,6.781684027777777e-06,5.651403356481481e-07,5.377797607510176e-06,8.185570448045378e-06,2.4815576187303336e-05,6.781684027777777e-06,72,10616832
tdl_mix,tdl_mix_normalized,tdl_D_30ns,18.0,3,3.861792293595679e-06,4.3163306106339835e-07,2.7895563289295343e-06,4.934028258261824e-06,1.1761313888279273e-05,3.861792293595679e-06,41,10616832
tdl_mix,tdl_mix_normalized,tdl_D_30ns,20.0,3,1.9779911747685184e-06,4.894258873745606e-07,7.621898707887793e-07,3.1937924787482577e-06,5.730310663463491e-06,1.9779911747685184e-06,21,10616832
tdl_mix,tdl_mix_normalized,tdl_E_100ns,-10.0,3,0.3822542355384355,0.0001018763755418211,0.3820011605920061,0.3825073104848649,0.6503475080301732,0.38225423553843557,4058329,10616832
tdl_mix,tdl_mix_normalized,tdl_E_100ns,-8.0,3,0.3515388582959587,4.372295903726999e-05,0.35143024444454085,0.35164747214737657,0.6254838278264175,0.3515388582959587,3732229,10616832
tdl_mix,tdl_mix_normalized,tdl_E_100ns,-6.0,3,0.31474972948615937,8.413776849081402e-05,0.31454071968246095,0.3149587392898578,0.5885259939564599,0.3147497294861593,3341645,10616832
tdl_mix,tdl_mix_normalized,tdl_E_100ns,-4.0,3,0.2712939227068866,4.803942173157344e-05,0.27117458616770806,0.2714132592460652,0.5354710732713158,0.27129392270688657,2880282,10616832
tdl_mix,tdl_mix_normalized,tdl_E_100ns,-2.0,3,0.22161714530285495,4.5805428967277714e-05,0.22150335830935017,0.22173093229635973,0.4631317776662332,0.22161714530285495,2352872,10616832
tdl_mix,tdl_mix_normalized,tdl_E_100ns,0.0,3,0.16774128101490163,5.378342919459692e-05,0.16760767557016706,0.1678748864596362,0.3714946276611752,0.16774128101490163,1780881,10616832
tdl_mix,tdl_mix_normalized,tdl_E_100ns,2.0,3,0.1138103155442226,5.3432168274845744e-05,0.11367758267998548,0.11394304840845973,0.2668300771418913,0.1138103155442226,1208305,10616832
tdl_mix,tdl_mix_normalized,tdl_E_100ns,4.0,3,0.0661243391625675,0.0001266032083947095,0.0658098393581538,0.06643883896698122,0.16351999452820531,0.06612433916256752,702031,10616832
tdl_mix,tdl_mix_normalized,tdl_E_100ns,6.0,3,0.031032703540943285,6.120041920687487e-05,0.03088067327161084,0.03118473381027573,0.08036175388612865,0.03103270354094329,329469,10616832
tdl_mix,tdl_mix_normalized,tdl_E_100ns,8.0,3,0.011038415225935572,9.218603615931504e-06,0.011015514945042697,0.011061315506828446,0.02956392386077363,0.011038415225935572,117193,10616832
tdl_mix,tdl_mix_normalized,tdl_E_100ns,10.0,3,0.0028484956717785494,1.9949400482837487e-05,0.0027989386137104587,0.00289805272984664,0.007808167608109889,0.0028484956717785494,30242,10616832
tdl_mix,tdl_mix_normalized,tdl_E_100ns,12.0,3,0.0005730523003472221,1.6954210069444384e-06,0.0005688406410864193,0.0005772639596080249,0.001615897322613976,0.0005730523003472222,6084,10616832
tdl_mix,tdl_mix_normalized,tdl_E_100ns,14.0,3,0.00012122260199652777,1.2316948060044588e-06,0.00011816290247945002,0.0001242823015136055,0.0003570803315529634,0.00012122260199652778,1287,10616832
tdl_mix,tdl_mix_normalized,tdl_E_100ns,16.0,3,3.3908420138888884e-05,1.231694806004469e-06,3.0848720621811104e-05,3.696811965596666e-05,0.00010719539994080364,3.390842013888889e-05,360,10616832
tdl_mix,tdl_mix_normalized,tdl_E_100ns,18.0,3,1.478783878279321e-05,2.13958677910709e-06,9.472810577050978e-06,2.010286698853544e-05,4.3461487792475604e-05,1.478783878279321e-05,157,10616832
tdl_mix,tdl_mix_normalized,tdl_E_100ns,20.0,3,5.839783468364197e-06,1.7032520925286493e-06,1.6086707125369952e-06,1.00708962241914e-05,2.1806384306672288e-05,5.839783468364197e-06,62,10616832
tdl_mix,tdl_mix_normalized,tdl_E_10ns,-10.0,3,0.38030440719039355,4.4937541659834926e-05,0.3801927761484788,0.3804160382323083,0.6491708336053071,0.38030440719039355,4037628,10616832
tdl_mix,tdl_mix_normalized,tdl_E_10ns,-8.0,3,0.34924947479624807,0.00015509636181293475,0.34886419407489877,0.3496347555175974,0.6237717705008424,0.34924947479624807,3707923,10616832
tdl_mix,tdl_mix_normalized,tdl_E_10ns,-6.0,3,0.31186327522183643,5.7871952447338435e-05,0.31171951332230396,0.3120070371213689,0.5860355544237442,0.31186327522183643,3311000,10616832
tdl_mix,tdl_mix_normalized,tdl_E_10ns,-4.0,3,0.26773108965084874,9.226352301328586e-05,0.26750189435390387,0.2679602849477936,0.5318264545481882,0.26773108965084874,2842456,10616832
tdl_mix,tdl_mix_normalized,tdl_E_10ns,-2.0,3,0.21727121612172065,3.5168730462380605e-05,0.21718385215210137,0.21735858009133993,0.4577550406073347,0.21727121612172068,2306732,10616832
tdl_mix,tdl_mix_normalized,tdl_E_10ns,0.0,3,0.16235596456645449,0.00011060820523764353,0.1620811985525843,0.16263073058032468,0.3636621074911989,0.16235596456645449,1723706,10616832
tdl_mix,tdl_mix_normalized,tdl_E_10ns,2.0,3,0.10763587480709876,9.957715515681765e-05,0.10738851144073559,0.10788323817346192,0.25604713643774574,0.10763587480709877,1142752,10616832
tdl_mix,tdl_mix_normalized,tdl_E_10ns,4.0,3,0.0597217701099537,0.0001376551818181083,0.05937981568156863,0.06006372453833877,0.15043076661265928,0.059721770109953706,634056,10616832
tdl_mix,tdl_mix_normalized,tdl_E_10ns,6.0,3,0.025449587975019294,0.00011853349825966741,0.025155134441875688,0.0257440415081629,0.0674779976223722,0.02544958797501929,270194,10616832
tdl_mix,tdl_mix_normalized,tdl_E_10ns,8.0,3,0.0072961501133294755,9.773551626398937e-06,0.007271871265155686,0.007320428961503265,0.020298225057805763,0.0072961501133294755,77462,10616832
tdl_mix,tdl_mix_normalized,tdl_E_10ns,10.0,3,0.0011896204065393518,7.64507675649498e-06,0.0011706289830586026,0.001208611830020101,0.003438832997171967,0.0011896204065393518,12630,10616832
tdl_mix,tdl_mix_normalized,tdl_E_10ns,12.0,3,8.957474320023148e-05,5.094106145030817e-06,7.692028201722542e-05,0.00010222920438323753,0.0003051083751617827,8.957474320023148e-05,951,10616832
tdl_mix,tdl_mix_normalized,tdl_E_10ns,14.0,3,6.21654369212963e-06,1.0188212290061636e-06,3.685651455528419e-06,8.747435928730841e-06,3.0209961865401975e-05,6.216543692129629e-06,66,10616832
tdl_mix,tdl_mix_normalized,tdl_E_10ns,16.0,3,1.6012309510030861e-06,4.316330610633982e-07,5.289949863369412e-07,2.673466915669231e-06,7.242846437787383e-06,1.6012309510030863e-06,17,10616832
tdl_mix,tdl_mix_normalized,tdl_E_10ns,18.0,3,1.8838011188271604e-07,1.631419624581869e-07,-2.1688698944386376e-07,5.936472132092959e-07,2.8302907190259757e-06,1.8838011188271604e-07,2,10616832
tdl_mix,tdl_mix_normalized,tdl_E_10ns,20.0,3,9.419005594135802e-08,1.631419624581869e-07,-3.110770453852218e-07,4.994571572679379e-07,1.8014900882760373e-06,9.419005594135802e-08,1,10616832
tdl_mix,tdl_mix_normalized,tdl_E_300ns,-10.0,3,0.38389804039472414,6.344083099866333e-05,0.38374044463396967,0.3840556361554786,0.6514472343303539,0.38389804039472414,4075781,10616832
tdl_mix,tdl_mix_normalized,tdl_E_300ns,-8.0,3,0.35368403682002314,4.1271692226529846e-05,0.3535815122529316,0.3537865613871147,0.6271028305277412,0.35368403682002314,3755004,10616832
tdl_mix,tdl_mix_normalized,tdl_E_300ns,-6.0,3,0.3173826241198881,6.643364266513002e-05,0.3172175938028085,0.3175476544369677,0.5908960435125562,0.3173826241198881,3369598,10616832
tdl_mix,tdl_mix_normalized,tdl_E_300ns,-4.0,3,0.2745463995285976,3.482077832150953e-05,0.2744598999200134,0.2746328991371818,0.5389357389491282,0.2745463995285976,2914813,10616832
tdl_mix,tdl_mix_normalized,tdl_E_300ns,-2.0,3,0.22588131751543208,7.970499220589528e-05,0.22568331933847122,0.22607931569239295,0.4681969145197928,0.2258813175154321,2398144,10616832
tdl_mix,tdl_mix_normalized,tdl_E_300ns,0.0,3,0.17279599036699458,2.551020772582315e-05,0.1727326194979459,0.17285936123604326,0.37879581031975923,0.1727959903669946,1834546,10616832
tdl_mix,tdl_mix_normalized,tdl_E_300ns,2.0,3,0.11980136824242864,0.00012279367253559568,0.11949633184970718,0.1201064046351501,0.2767930303090884,0.11980136824242862,1271911,10616832
tdl_mix,tdl_mix_normalized,tdl_E_300ns,4.0,3,0.07229689609857252,0.00011367694014921563,0.07201450692458085,0.0725792852725642,0.17559847861160463,0.07229689609857252,767564,10616832
tdl_mix,tdl_mix_normalized,tdl_E_300ns,6.0,3,0.036431865927613806,0.00010427158259831728,0.03617284095700769,0.03669089089821992,0.09248776522315579,0.03643186592761381,386791,10616832
tdl_mix,tdl_mix_normalized,tdl_E_300ns,8.0,3,0.014819486641589505,6.583905122728205e-05,0.0146559333715238,0.01498303991165521,0.038990587593964586,0.014819486641589507,157336,10616832
tdl_mix,tdl_mix_normalized,tdl_E_300ns,10.0,3,0.004905418113425926,2.0098268751450415e-05,0.004855491246077677,0.004955344980774174,0.013182393712118082,0.004905418113425926,52080,10616832
tdl_mix,tdl_mix_normalized,tdl_E_300ns,12.0,3,0.0013987223307291667,1.4204597447777376e-05,0.0013634361545275834,0.00143400850693075,0.0038572351109052512,0.0013987223307291667,14850,10616832
tdl_mix,tdl_mix_normalized,tdl_E_300ns,14.0,3,0.0004053940007716049,4.9938498195361955e-06,0.00039298859010761093,0.00041779941143559886,0.0011409526794321006,0.00040539400077160495,4304,10616832
tdl_mix,tdl_mix_normalized,tdl_E_300ns,16.0,3,0.00013704653139467592,6.235780077535534e-06,0.00012155599494130594,0.0001525370678480459,0.00038727076003223045,0.00013704653139467592,1455,10616832
tdl_mix,tdl_mix_normalized,tdl_E_300ns,18.0,3,5.152196059992284e-05,2.1581653053169904e-06,4.6160780776592114e-05,5.688314042325356e-05,0.00015085919118446102,5.152196059992284e-05,547,10616832
tdl_mix,tdl_mix_normalized,tdl_E_300ns,20.0,3,2.119276258680555e-05,2.242831175964857e-06,1.562126108129238e-05,2.6764264092318723e-05,7.074686145305923e-05,2.1192762586805555e-05,225,10616832
tdl_mix,tdl_mix_normalized,tdl_E_30ns,-10.0,3,0.3807346673659337,7.496706019772625e-05,0.3805484388645505,0.3809208958673169,0.6494364672236972,0.38073466736593364,4042196,10616832
tdl_mix,tdl_mix_normalized,tdl_E_30ns,-8.0,3,0.34979210370852626,9.616952314877215e-05,0.34955320536934237,0.35003100204771015,0.6241608490178615,0.34979210370852626,3713684,10616832
tdl_mix,tdl_mix_normalized,tdl_E_30ns,-6.0,3,0.31248511797116124,0.00010033681642567659,0.3122358675015919,0.3127343684407306,0.5866053321479279,0.31248511797116124,3317602,10616832
tdl_mix,tdl_mix_normalized,tdl_E_30ns,-4.0,3,0.2685361320589796,4.324831576841362e-05,0.2684286972868055,0.26864356683115365,0.5326691906393309,0.2685361320589795,2851003,10616832
tdl_mix,tdl_mix_normalized,tdl_E_30ns,-2.0,3,0.21820539309654707,2.4390132603034803e-05,0.218144804648351,0.21826598154474314,0.45901055799590224,0.21820539309654707,2316650,10616832
tdl_mix,tdl_mix_normalized,tdl_E_30ns,0.0,3,0.1635862750771605,8.227467689336439e-05,0.16338189344955995,0.16379065670476106,0.36550004541138076,0.1635862750771605,1736768,10616832
tdl_mix,tdl_mix_normalized,tdl_E_30ns,2.0,3,0.10904684184510031,0.00010475441830698067,0.10878661744410169,0.10930706624609894,0.2585777656899558,0.10904684184510031,1157732,10616832
tdl_mix,tdl_mix_normalized,tdl_E_30ns,4.0,3,0.06123286117742091,8.370009473620365e-05,0.06102493861560181,0.06144078373924001,0.15346017259138603,0.06123286117742091,650099,10616832
tdl_mix,tdl_mix_normalized,tdl_E_30ns,6.0,3,0.026678862395109953,6.946457557083802e-05,0.026506302823297214,0.02685142196692269,0.07034900048632681,0.026678862395109953,283245,10616832
tdl_mix,tdl_mix_normalized,tdl_E_30ns,8.0,3,0.00805108341169946,2.2556699414353276e-05,0.007995049464029541,0.008107117359369378,0.022203876004542832,0.00805108341169946,85477,10616832
tdl_mix,tdl_mix_normalized,tdl_E_30ns,10.0,3,0.0014692706826292439,1.755198269463454e-05,0.0014256691404998733,0.0015128722247586145,0.004212803667250239,0.0014692706826292439,15599,10616832
tdl_mix,tdl_mix_normalized,tdl_E_30ns,12.0,3,0.00014778419777199074,4.7535659906629475e-06,0.000135975685228847,0.00015959271031513447,0.0004732763410163583,0.00014778419777199074,1569,10616832
tdl_mix,tdl_mix_normalized,tdl_E_30ns,14.0,3,1.290403766396605e-05,1.3051356996654952e-06,9.661900853353412e-06,1.614617447457869e-05,5.585172182713624e-05,1.2904037663966049e-05,137,10616832
tdl_mix,tdl_mix_normalized,tdl_E_30ns,16.0,3,3.3908420138888887e-06,4.894258873745606e-07,2.17504070990915e-06,4.606643317868628e-06,1.2360565845898956e-05,3.3908420138888887e-06,36,10616832
tdl_mix,tdl_mix_normalized,tdl_E_30ns,18.0,3,2.8257016782407406e-07,0.0,2.8257016782407406e-07,2.8257016782407406e-07,4.278576197358223e-06,2.8257016782407406e-07,3,10616832
tdl_mix,tdl_mix_normalized,tdl_E_30ns,20.0,3,2.8257016782407406e-07,0.0,2.8257016782407406e-07,2.8257016782407406e-07,2.5271092313850214e-06,2.8257016782407406e-07,3,10616832
tdl_mix,tdl_mix_normalized,tdl_a,-10.0,3,0.3893890380859375,0.00010129876958252461,0.38913739799225416,0.38964067817962084,0.6544209687430181,0.3893890380859375,16536312,42467328
tdl_mix,tdl_mix_normalized,tdl_a,-8.0,3,0.35924866758746865,7.594958157146456e-05,0.3590599983676882,0.3594373368072491,0.630537665920493,0.35924866758746865,15256331,42467328
tdl_mix,tdl_mix_normalized,tdl_a,-6.0,3,0.3228501213921441,2.6678855324479982e-05,0.3227838474415237,0.32291639534276445,0.5946447553090107,0.3228501213921441,13710582,42467328
tdl_mix,tdl_mix_normalized,tdl_a,-4.0,3,0.2800410706319927,8.040317184155464e-05,0.27984133808066924,0.2802408031833161,0.542965527669883,0.2800410706319927,11892596,42467328
tdl_mix,tdl_mix_normalized,tdl_a,-2.0,3,0.23135941116898148,4.008514545876992e-05,0.23125983414746262,0.23145898819050034,0.47278708495475624,0.23135941116898148,9825216,42467328
tdl_mix,tdl_mix_normalized,tdl_a,0.0,3,0.1786934181495949,8.947013896003798e-05,0.1784711620033204,0.17891567429586944,0.38459728474234356,0.1786934181495949,7588632,42467328
tdl_mix,tdl_mix_normalized,tdl_a,2.0,3,0.1260629818763262,4.717850057565887e-05,0.12594578398385797,0.12618017976879442,0.284598934981558,0.1260629818763262,5353558,42467328
tdl_mix,tdl_mix_normalized,tdl_a,4.0,3,0.07936607172459732,4.614128004945691e-05,0.07925145043075373,0.07948069301844092,0.1859333435602394,0.07936607172459732,3370465,42467328
tdl_mix,tdl_mix_normalized,tdl_a,6.0,3,0.04396688202281057,7.05305671983039e-05,0.043791674380995536,0.04414208966462561,0.105120031370057,0.04396688202281057,1867156,42467328
tdl_mix,tdl_mix_normalized,tdl_a,8.0,3,0.02212750470196759,3.111858097227505e-05,0.0220502018614353,0.022204807542499882,0.05269869742340144,0.02212750470196759,939696,42467328
tdl_mix,tdl_mix_normalized,tdl_a,10.0,3,0.011214903843255691,3.168019382875496e-05,0.011136205879047161,0.01129360180746422,0.026030576524157995,0.011214903843255691,476267,42467328
tdl_mix,tdl_mix_normalized,tdl_a,12.0,3,0.0062781675362292635,2.273782871490128e-05,0.006221683638433133,0.006334651434025394,0.014216870076869568,0.0062781675362292635,266617,42467328
tdl_mix,tdl_mix_normalized,tdl_a,14.0,3,0.0038409291962046683,3.536111444686357e-05,0.0037530873182743917,0.003928771074134945,0.008595920259531452,0.0038409291962046683,163114,42467328
tdl_mix,tdl_mix_normalized,tdl_a,16.0,3,0.0024838859652295524,4.828779899179013e-05,0.002363932422732116,0.002603839507726989,0.005536790049072132,0.0024838859652295524,105484,42467328
tdl_mix,tdl_mix_normalized,tdl_a,18.0,3,0.0016807980007595487,5.7147720704354885e-05,0.0015388351926119467,0.0018227608089071508,0.0037818644170573425,0.0016807980007595485,71379,42467328
tdl_mix,tdl_mix_normalized,tdl_a,20.0,3,0.0012180422559196567,7.554216081355686e-05,0.0010303851254085347,0.0014056993864307787,0.0027893182755094497,0.0012180422559196567,51727,42467328
tdl_mix,tdl_mix_normalized,tdl_all,-10.0,3,0.38626094865210264,4.313488296020436e-05,0.38615379566264524,0.38636810164156005,0.6525981934718144,0.38626094865210264,82017352,212336640
tdl_mix,tdl_mix_normalized,tdl_all,-8.0,3,0.3558847733485846,3.3357424269284614e-05,0.3558019089129873,0.3559676377841819,0.6282640400492115,0.3558847733485846,75567377,212336640
tdl_mix,tdl_mix_normalized,tdl_all,-6.0,3,0.31929138089403697,7.731203618971906e-06,0.31927217551956916,0.3193105862685048,0.5918857273680193,0.3192913808940369,67797259,212336640
tdl_mix,tdl_mix_normalized,tdl_all,-4.0,3,0.276158391693492,1.5564848320727753e-05,0.27611972646679933,0.27619705692018465,0.5395889135606495,0.276158391693492,58638545,212336640
tdl_mix,tdl_mix_normalized,tdl_all,-2.0,3,0.22702387115101755,1.6619368284097525e-05,0.226982586351516,0.2270651559505191,0.4684492481159575,0.22702387115101755,48205486,212336640
tdl_mix,tdl_mix_normalized,tdl_all,0.0,3,0.17380422427330489,4.2017386626205295e-05,0.1736998472986336,0.17390860124797616,0.37872464691783175,0.17380422427330489,36905005,212336640
tdl_mix,tdl_mix_normalized,tdl_all,2.0,3,0.12066015549647956,4.684182115618461e-05,0.12054379396205404,0.12077651703090507,0.27665848778905694,0.12066015549647956,25620572,212336640
tdl_mix,tdl_mix_normalized,tdl_all,4.0,3,0.07356883390450183,5.6398326845375984e-05,0.07342873269390035,0.07370893511510332,0.17597944434318277,0.07356883390450183,15621359,212336640
tdl_mix,tdl_mix_normalized,tdl_all,6.0,3,0.038375213999807097,4.766054432048208e-05,0.03825681864429359,0.038493609355320604,0.09427641557506573,0.038375213999807097,8148464,212336640
tdl_mix,tdl_mix_normalized,tdl_all,8.0,3,0.017433142956392266,2.1001643181892035e-05,0.017380971982553443,0.01748531393023109,0.04285087632877683,0.017433142956392266,3701695,212336640
tdl_mix,tdl_mix_normalized,tdl_all,10.0,3,0.007792324490017361,1.029570881326543e-05,0.007766748531484166,0.007817900448550555,0.018578623479697853,0.0077923244900173615,1654596,212336640
tdl_mix,tdl_mix_normalized,tdl_all,12.0,3,0.003997727382330247,8.665537616449659e-06,0.003976200993543824,0.00401925377111667,0.009220900207610275,0.003997727382330247,848864,212336640
tdl_mix,tdl_mix_normalized,tdl_all,14.0,3,0.002359084141107253,1.5492071050698155e-05,0.002320599703175651,0.002397568579038855,0.005343874986298639,0.002359084141107253,500920,212336640
tdl_mix,tdl_mix_normalized,tdl_all,16.0,3,0.0014992890534577547,2.3924145809914388e-05,0.0014398581806276977,0.0015587199262878117,0.003375714946269645,0.0014992890534577547,318354,212336640
tdl_mix,tdl_mix_normalized,tdl_all,18.0,3,0.0010037975546754437,3.0312830268178347e-05,0.000928496309853543,0.0010790987994973443,0.0022733226359869965,0.0010037975546754437,213143,212336640
tdl_mix,tdl_mix_normalized,tdl_all,20.0,3,0.0007194236472800927,4.078575898219202e-05,0.0006181062052862593,0.000820741089273926,0.0016549379349614644,0.0007194236472800925,152760,212336640
tdl_mix,tdl_mix_normalized,tdl_b,-10.0,3,0.3894179779806255,7.689161891647221e-05,0.3892269686103504,0.3896089873509006,0.6542917664772199,0.3894179779806255,16537541,42467328
tdl_mix,tdl_mix_normalized,tdl_b,-8.0,3,0.35932074652777785,3.484568248403877e-05,0.3592341850538243,0.3594073080017314,0.6303866823882233,0.3593207465277778,15259392,42467328
tdl_mix,tdl_mix_normalized,tdl_b,-6.0,3,0.32312755820191935,2.5562678385191497e-05,0.32306405698852697,0.32319105941531173,0.594536470686212,0.32312755820191935,13722364,42467328
tdl_mix,tdl_mix_normalized,tdl_b,-4.0,3,0.2804905691264588,2.532535950165493e-05,0.28042765744585474,0.2805534808070629,0.543015466336115,0.2804905691264588,11911685,42467328
tdl_mix,tdl_mix_normalized,tdl_b,-2.0,3,0.23194407239372347,2.0780477635212026e-05,0.2318924508255597,0.23199569396188724,0.47316338324252466,0.23194407239372347,9850045,42467328
tdl_mix,tdl_mix_normalized,tdl_b,0.0,3,0.17956373426649305,2.1811392476905185e-05,0.17950955176389335,0.17961791676909275,0.3854973550747942,0.17956373426649305,7625592,42467328
tdl_mix,tdl_mix_normalized,tdl_b,2.0,3,0.12730621997221017,2.4196522959503864e-05,0.12724611247703096,0.12736632746738938,0.2862180926733547,0.12730621997221017,5406355,42467328
tdl_mix,tdl_mix_normalized,tdl_b,4.0,3,0.08083522466965663,1.3934737561084314e-05,0.08080060886257649,0.08086984047673677,0.18832027512016122,0.08083522466965663,3432856,42467328
tdl_mix,tdl_mix_normalized,tdl_b,6.0,3,0.045473451967592594,3.066276946008136e-05,0.04539728142562723,0.045549622509557956,0.10801109937192115,0.045473451967592594,1931136,42467328
tdl_mix,tdl_mix_normalized,tdl_b,8.0,3,0.023514735845871913,2.1596908972820276e-05,0.023461086149833273,0.023568385541910552,0.05555316924841867,0.023514735845871913,998608,42467328
tdl_mix,tdl_mix_normalized,tdl_b,10.0,3,0.012285138353889372,1.837281103593029e-05,0.012239497761122438,0.012330778946656306,0.02837352856079599,0.012285138353889372,521717,42467328
tdl_mix,tdl_mix_normalized,tdl_b,12.0,3,0.0070221041455680935,1.2092949550775788e-05,0.006992063593541587,0.0070521446975946,0.015900525857836734,0.007022104145568094,298210,42467328
tdl_mix,tdl_mix_normalized,tdl_b,14.0,3,0.004323935803071953,1.7319432650060785e-05,0.004280911947278199,0.004366959658865707,0.00969954793447835,0.004323935803071952,183626,42467328
tdl_mix,tdl_mix_normalized,tdl_b,16.0,3,0.0027724842966338737,3.25601839375386e-05,0.002691600315810065,0.0028533682774576825,0.006217961929797795,0.0027724842966338733,117740,42467328
tdl_mix,tdl_mix_normalized,tdl_b,18.0,3,0.001854861224139178,4.935902133398552e-05,0.0017322466178237243,0.001977475830454632,0.0041807382242762476,0.0018548612241391783,78771,42467328
tdl_mix,tdl_mix_normalized,tdl_b,20.0,3,0.0013110313886477622,6.758469616756707e-05,0.001143141696154407,0.0014789210811411175,0.003019261739421923,0.0013110313886477622,55676,42467328
tdl_mix,tdl_mix_normalized,tdl_c,-10.0,3,0.3891786645959925,2.6217711552578303e-05,0.3891135361900065,0.3892437930019785,0.6541682996867615,0.3891786645959925,16527378,42467328
tdl_mix,tdl_mix_normalized,tdl_c,-8.0,3,0.3589473065034843,4.647540210823303e-05,0.3588318552044341,0.35906275780253444,0.6302560266153312,0.3589473065034843,15243533,42467328
tdl_mix,tdl_mix_normalized,tdl_c,-6.0,3,0.3225555419921875,2.1896339331492116e-05,0.3225011484699028,0.3226099355144722,0.5943645152412814,0.3225555419921875,13698072,42467328
tdl_mix,tdl_mix_normalized,tdl_c,-4.0,3,0.27958775744026093,1.3764665009051872e-05,0.27955356411682103,0.27962195076370083,0.5426970583237248,0.2795877574402609,11873345,42467328
tdl_mix,tdl_mix_normalized,tdl_c,-2.0,3,0.23072089677975502,2.7118027038633265e-05,0.23065353186611756,0.23078826169339248,0.4724795078789746,0.23072089677975502,9798100,42467328
tdl_mix,tdl_mix_normalized,tdl_c,0.0,3,0.1779181397991416,4.1018099915173885e-05,0.17781624519027414,0.17802003440800904,0.3841094358099832,0.1779181397991416,7555708,42467328
tdl_mix,tdl_mix_normalized,tdl_c,2.0,3,0.12524119718575183,4.477591207718082e-05,0.1251299676539787,0.12535242671752495,0.28378150345366676,0.12524119718575183,5318659,42467328
tdl_mix,tdl_mix_normalized,tdl_c,4.0,3,0.07835293993537808,2.381820272686399e-05,0.07829377223975593,0.07841210763100022,0.18470135450731087,0.07835293993537809,3327440,42467328
tdl_mix,tdl_mix_normalized,tdl_c,6.0,3,0.04293832661193094,4.65182256257908e-05,0.04282276893336586,0.043053884290496024,0.1035642956877932,0.04293832661193094,1823476,42467328
tdl_mix,tdl_mix_normalized,tdl_c,8.0,3,0.021207573973102332,2.685088853643027e-05,0.02114087266829247,0.021274275277912192,0.051081196393495724,0.021207573973102335,900629,42467328
tdl_mix,tdl_mix_normalized,tdl_c,10.0,3,0.010431077745225692,2.3955739047349733e-05,0.010371568390443084,0.010490587100008301,0.024580112300571746,0.010431077745225694,442980,42467328
tdl_mix,tdl_mix_normalized,tdl_c,12.0,3,0.00565615995430652,1.4630739555223126e-05,0.005619815182425226,0.005692504726187814,0.01306455539766538,0.00565615995430652,240202,42467328
tdl_mix,tdl_mix_normalized,tdl_c,14.0,3,0.003385614465784144,2.3206800800743484e-05,0.0033279655767437712,0.0034432633548245163,0.007718665638218047,0.0033856144657841434,143778,42467328
tdl_mix,tdl_mix_normalized,tdl_c,16.0,3,0.0021604137656129436,3.6774877163253244e-05,0.0020690599064032847,0.0022517676248226025,0.004895173089809962,0.0021604137656129436,91747,42467328
tdl_mix,tdl_mix_normalized,tdl_c,18.0,3,0.0014486195128641012,4.3945926105896e-05,0.0013394517805425461,0.0015577872451856562,0.0033051253420085455,0.0014486195128641012,61519,42467328
tdl_mix,tdl_mix_normalized,tdl_c,20.0,3,0.001049324318214699,6.162374512261326e-05,0.000896242449010568,0.00120240618741883,0.0024112497890411287,0.001049324318214699,44562,42467328
tdl_mix,tdl_mix_normalized,tdl_d,-10.0,3,0.38152122497558594,1.623810681080071e-05,0.3814808872820883,0.3815615626690836,0.6500094216546894,0.38152122497558594,16202187,42467328
tdl_mix,tdl_mix_normalized,tdl_d,-8.0,3,0.3508410277190032,3.894249817628703e-05,0.3507442891906901,0.3509377662473163,0.6250100058537943,0.35084102771900316,14899281,42467328
tdl_mix,tdl_mix_normalized,tdl_d,-6.0,3,0.31380349618417247,2.333739215346179e-05,0.313745522888228,0.31386146948011695,0.5878671645934199,0.31380349618417247,13326396,42467328
tdl_mix,tdl_mix_normalized,tdl_d,-4.0,3,0.27014567528241945,3.8532015360243435e-05,0.2700499564499497,0.2702413941148892,0.534540901121534,0.27014567528241945,11472365,42467328
tdl_mix,tdl_mix_normalized,tdl_d,-2.0,3,0.2203512074034891,1.1112530664942566e-05,0.2203236023469903,0.2203788124599879,0.4617926918062163,0.2203512074034891,9357727,42467328
tdl_mix,tdl_mix_normalized,tdl_d,0.0,3,0.16622595139491705,6.348270457774096e-05,0.16606825161442565,0.16638365117540846,0.36955601124115933,0.16622595139491705,7059172,42467328
tdl_mix,tdl_mix_normalized,tdl_d,2.0,3,0.11211677833839699,0.00011795229463875183,0.11182376859508636,0.11240978808170762,0.26413190544203474,0.11211677833839699,4761300,42467328
tdl_mix,tdl_mix_normalized,tdl_d,4.0,3,0.06444596655574845,0.00010750426350769595,0.064178911160585,0.06471302195091191,0.16018989544223858,0.06444596655574845,2736848,42467328
tdl_mix,tdl_mix_normalized,tdl_d,6.0,3,0.029599154437029804,0.00010215842188642332,0.029345378848639296,0.02985293002542031,0.07701752214106145,0.029599154437029804,1256997,42467328
tdl_mix,tdl_mix_normalized,tdl_d,8.0,3,0.01001461641288098,3.979591866848346e-05,0.009915757870539133,0.010113474955222827,0.02715716544929662,0.01001461641288098,425294,42467328
tdl_mix,tdl_mix_normalized,tdl_d,10.0,3,0.0024273012891227815,2.1454214813614672e-05,0.0023740060650262844,0.0024805965132192785,0.006748350516800987,0.0024273012891227815,103081,42467328
tdl_mix,tdl_mix_normalized,tdl_d,12.0,3,0.0004799218825352045,2.7362778655056973e-06,0.00047312459149941846,0.0004867191735709905,0.0013596704182553502,0.0004799218825352045,20381,42467328
tdl_mix,tdl_mix_normalized,tdl_d,14.0,3,0.00010850694444444445,2.1762030991094163e-06,0.0001031009562573155,0.0001139129326315734,0.00030921742559594686,0.00010850694444444444,4608,42467328
tdl_mix,tdl_mix_normalized,tdl_d,16.0,3,3.5674483687789356e-05,1.7829371507607847e-06,3.124542227373724e-05,4.010354510184147e-05,0.00010013226960415557,3.567448368778935e-05,1515,42467328
tdl_mix,tdl_mix_normalized,tdl_d,18.0,3,1.8013848198784723e-05,9.183530454282404e-07,1.573253276584987e-05,2.0295163631719575e-05,4.852781011951591e-05,1.8013848198784723e-05,765,42467328
tdl_mix,tdl_mix_normalized,tdl_d,20.0,3,1.1867947048611111e-05,8.477105034722226e-07,9.76211741820971e-06,1.3973776679012513e-05,3.063940956497076e-05,1.1867947048611111e-05,504,42467328
tdl_mix,tdl_mix_normalized,tdl_e,-10.0,3,0.3817978376223717,5.6136349804700044e-05,0.38165838719881656,0.3819372880459268,0.6501005107973828,0.38179783762237174,16213934,42467328
tdl_mix,tdl_mix_normalized,tdl_e,-8.0,3,0.35106611840518903,7.03573238251733e-05,0.3508913411237705,0.35124089568660755,0.6251298194682157,0.35106611840518903,14908840,42467328
tdl_mix,tdl_mix_normalized,tdl_e,-6.0,3,0.3141201866997613,6.082002870355914e-05,0.31396910137282336,0.3142712720266992,0.588015731010172,0.3141201866997613,13339845,42467328
tdl_mix,tdl_mix_normalized,tdl_e,-4.0,3,0.2705268859863281,2.93008198968723e-05,0.2704540987146344,0.27059967325802187,0.5347256143519908,0.2705268859863281,11488554,42467328
tdl_mix,tdl_mix_normalized,tdl_e,-2.0,3,0.22074376800913867,3.741790367550233e-05,0.22065081678352022,0.22083671923475712,0.46202357269731564,0.2207437680091387,9374398,42467328
tdl_mix,tdl_mix_normalized,tdl_e,0.0,3,0.1666198777563778,4.924166919806401e-05,0.16649755466892874,0.16674220084382685,0.3698631477208785,0.1666198777563778,7075901,42467328
tdl_mix,tdl_mix_normalized,tdl_e,2.0,3,0.11257360010971258,9.282801855585032e-05,0.11234300252810227,0.1128041976913229,0.26456200239467037,0.11257360010971258,4780700,42467328
tdl_mix,tdl_mix_normalized,tdl_e,4.0,3,0.06484396663712866,0.0001148665617170081,0.0645586222793376,0.06512931099491971,0.1607523530859638,0.06484396663712866,2753750,42467328
tdl_mix,tdl_mix_normalized,tdl_e,6.0,3,0.029898254959671588,8.010453100191692e-05,0.029699264273320168,0.030097245646023008,0.07766912930449586,0.029898254959671584,1269699,42467328
tdl_mix,tdl_mix_normalized,tdl_e,8.0,3,0.010301283848138503,2.6482977274727094e-05,0.010235496485568454,0.010367071210708553,0.027764153129271704,0.010301283848138503,437468,42467328
tdl_mix,tdl_mix_normalized,tdl_e,10.0,3,0.002603201218593268,1.3170303713768024e-05,0.002570484370461461,0.002635918066725075,0.007160549496162545,0.002603201218593268,110551,42467328
tdl_mix,tdl_mix_normalized,tdl_e,12.0,3,0.0005522833930121529,5.092636479333575e-06,0.0005396325826811291,0.0005649342033431766,0.001562879287424342,0.0005522833930121528,23454,42467328
tdl_mix,tdl_mix_normalized,tdl_e,14.0,3,0.00013643429603105712,1.7105611752794079e-06,0.00013218502650712977,0.00014068356555498447,0.0003960236736694006,0.0001364342960310571,5794,42467328
tdl_mix,tdl_mix_normalized,tdl_e,16.0,3,4.39867561246142e-05,1.6632281066904232e-06,3.985506846138604e-05,4.811844378784237e-05,0.0001285173930641801,4.3986756124614196e-05,1868,42467328
tdl_mix,tdl_mix_normalized,tdl_e,18.0,3,1.669518741560571e-05,9.407224469332358e-07,1.4358303308800927e-05,1.9032071522410495e-05,5.0357386473330205e-05,1.669518741560571e-05,709,42467328
tdl_mix,tdl_mix_normalized,tdl_e,20.0,3,6.852326569733797e-06,6.957483504822417e-07,5.1239918543477755e-06,8.580661285119819e-06,2.4220461269848146e-05,6.852326569733796e-06,291,42467328
tdl_mix,tdl_mix_normalized,uma,-10.0,3,0.4036207787784529,0.00011298473139627974,0.4033401091463289,0.40390144841057696,0.6614781780007445,0.4036207787784529,4285174,10616832
tdl_mix,tdl_mix_normalized,uma,-8.0,3,0.3741141425238715,0.0001563302694547117,0.37372579660601635,0.3745024884417266,0.6393904112003468,0.37411414252387154,3971907,10616832
tdl_mix,tdl_mix_normalized,uma,-6.0,3,0.338529798719618,0.00022795182558949176,0.33796353499318754,0.3390960624460485,0.6059323836255956,0.3385297987196181,3594114,10616832
tdl_mix,tdl_mix_normalized,uma,-4.0,3,0.2973273006486304,0.00018945467553316492,0.29685666914445336,0.2977979321528074,0.5580938668162735,0.2973273006486304,3156674,10616832
tdl_mix,tdl_mix_normalized,uma,-2.0,3,0.25117002887490353,0.0001834927936220035,0.25071420750641554,0.2516258502433915,0.4941621316067966,0.25117002887490353,2666630,10616832
tdl_mix,tdl_mix_normalized,uma,0.0,3,0.2018122731903453,0.00021219351458470946,0.20128515527855675,0.20233939110213386,0.4153669818683907,0.20181227319034528,2142607,10616832
tdl_mix,tdl_mix_normalized,uma,2.0,3,0.1525783774293499,0.00023244008570888892,0.15200096424669626,0.15315579061200355,0.32750994040642256,0.15257837742934993,1619899,10616832
tdl_mix,tdl_mix_normalized,uma,4.0,3,0.10845853075569058,0.00031997342152670583,0.1076636727124884,0.10925338879889275,0.24117457167601883,0.10845853075569059,1151486,10616832
tdl_mix,tdl_mix_normalized,uma,6.0,3,0.07323050793306328,0.0003187068742170397,0.07243879616779689,0.07402221969832967,0.1684401344369959,0.07323050793306327,777476,10616832
tdl_mix,tdl_mix_normalized,uma,8.0,3,0.048356609579957556,0.0003603585491826953,0.04746142931814752,0.04925178984176759,0.11663820438178969,0.04835660957995756,513394,10616832
tdl_mix,tdl_mix_normalized,uma,10.0,3,0.03259682360990548,0.00026557452091810425,0.031937099927187976,0.03325654729262298,0.08440779080545462,0.03259682360990548,346075,10616832
tdl_mix,tdl_mix_normalized,uma,12.0,3,0.022987836672935958,0.00029374311753365524,0.022258138317076053,0.023717535028795863,0.06515034605507497,0.022987836672935958,244058,10616832
tdl_mix,tdl_mix_normalized,uma,14.0,3,0.017057536560812114,0.0002758096660947939,0.016372387367975003,0.017742685753649224,0.05328559650131214,0.017057536560812114,181097,10616832
tdl_mix,tdl_mix_normalized,uma,16.0,3,0.013336746780960649,0.0003316178528627316,0.012512962366743685,0.014160531195177612,0.045636466738802416,0.013336746780960649,141594,10616832
tdl_mix,tdl_mix_normalized,uma,18.0,3,0.010945167070553626,0.0003701691128176259,0.010025616017643617,0.011864718123463635,0.0402169375921841,0.010945167070553626,116203,10616832
tdl_mix,tdl_mix_normalized,uma,20.0,3,0.00948399673273534,0.0004095583683830247,0.008466597344633871,0.010501396120836807,0.03613467455876094,0.00948399673273534,100690,10616832
tdl_mix,tdl_mix_normalized,uma_normalized,-10.0,3,0.4036207787784529,0.00011298473139627974,0.4033401091463289,0.40390144841057696,0.6614781780007445,0.4036207787784529,4285174,10616832
tdl_mix,tdl_mix_normalized,uma_normalized,-8.0,3,0.3741141425238715,0.0001563302694547117,0.37372579660601635,0.3745024884417266,0.6393904112003468,0.37411414252387154,3971907,10616832
tdl_mix,tdl_mix_normalized,uma_normalized,-6.0,3,0.338529798719618,0.00022795182558949176,0.33796353499318754,0.3390960624460485,0.6059323836255956,0.3385297987196181,3594114,10616832
tdl_mix,tdl_mix_normalized,uma_normalized,-4.0,3,0.2973273006486304,0.00018945467553316492,0.29685666914445336,0.2977979321528074,0.5580938668162735,0.2973273006486304,3156674,10616832
tdl_mix,tdl_mix_normalized,uma_normalized,-2.0,3,0.25117002887490353,0.0001834927936220035,0.25071420750641554,0.2516258502433915,0.4941621316067966,0.25117002887490353,2666630,10616832
tdl_mix,tdl_mix_normalized,uma_normalized,0.0,3,0.2018122731903453,0.00021219351458470946,0.20128515527855675,0.20233939110213386,0.4153669818683907,0.20181227319034528,2142607,10616832
tdl_mix,tdl_mix_normalized,uma_normalized,2.0,3,0.1525783774293499,0.00023244008570888892,0.15200096424669626,0.15315579061200355,0.32750994040642256,0.15257837742934993,1619899,10616832
tdl_mix,tdl_mix_normalized,uma_normalized,4.0,3,0.10845853075569058,0.00031997342152670583,0.1076636727124884,0.10925338879889275,0.24117457167601883,0.10845853075569059,1151486,10616832
tdl_mix,tdl_mix_normalized,uma_normalized,6.0,3,0.07323050793306328,0.0003187068742170397,0.07243879616779689,0.07402221969832967,0.1684401344369959,0.07323050793306327,777476,10616832
tdl_mix,tdl_mix_normalized,uma_normalized,8.0,3,0.048356609579957556,0.0003603585491826953,0.04746142931814752,0.04925178984176759,0.11663820438178969,0.04835660957995756,513394,10616832
tdl_mix,tdl_mix_normalized,uma_normalized,10.0,3,0.03259682360990548,0.00026557452091810425,0.031937099927187976,0.03325654729262298,0.08440779080545462,0.03259682360990548,346075,10616832
tdl_mix,tdl_mix_normalized,uma_normalized,12.0,3,0.022987836672935958,0.00029374311753365524,0.022258138317076053,0.023717535028795863,0.06515034605507497,0.022987836672935958,244058,10616832
tdl_mix,tdl_mix_normalized,uma_normalized,14.0,3,0.017057536560812114,0.0002758096660947939,0.016372387367975003,0.017742685753649224,0.05328559650131214,0.017057536560812114,181097,10616832
tdl_mix,tdl_mix_normalized,uma_normalized,16.0,3,0.013336746780960649,0.0003316178528627316,0.012512962366743685,0.014160531195177612,0.045636466738802416,0.013336746780960649,141594,10616832
tdl_mix,tdl_mix_normalized,uma_normalized,18.0,3,0.010945167070553626,0.0003701691128176259,0.010025616017643617,0.011864718123463635,0.0402169375921841,0.010945167070553626,116203,10616832
tdl_mix,tdl_mix_normalized,uma_normalized,20.0,3,0.00948399673273534,0.0004095583683830247,0.008466597344633871,0.010501396120836807,0.03613467455876094,0.00948399673273534,100690,10616832
tdl_mix,tdl_mix_normalized,umi,-10.0,3,0.39096493191189235,6.259742430758418e-05,0.3908094312895056,0.3911204325342791,0.6550880280541785,0.39096493191189235,4150809,10616832
tdl_mix,tdl_mix_normalized,umi,-8.0,3,0.3607080718617381,6.839151571878378e-05,0.3605381779183709,0.3608779658051053,0.6313268969088425,0.36070807186173803,3829577,10616832
tdl_mix,tdl_mix_normalized,umi,-6.0,3,0.32449482105396416,3.604957509090416e-05,0.3244052689449849,0.3245843731629434,0.5956483273594467,0.3244948210539641,3445107,10616832
tdl_mix,tdl_mix_normalized,umi,-4.0,3,0.2819114025728202,5.478971675488061e-05,0.28177529737120816,0.28204750777443227,0.5443885414688676,0.2819114025728202,2993006,10616832
tdl_mix,tdl_mix_normalized,umi,-2.0,3,0.23361366177782603,6.279821337954878e-05,0.23345766236773347,0.2337696611879186,0.4749709018218664,0.233613661777826,2480237,10616832
tdl_mix,tdl_mix_normalized,umi,0.0,3,0.18141560495635609,4.814014966192406e-05,0.18129601819512708,0.1815351917175851,0.38796979152126077,0.18141560495635609,1926059,10616832
tdl_mix,tdl_mix_normalized,umi,2.0,3,0.12937550485869984,9.072761493460237e-05,0.12915012496893516,0.1296008847484645,0.2895261086063621,0.12937550485869984,1373558,10616832
tdl_mix,tdl_mix_normalized,umi,4.0,3,0.08312884672188464,5.122267936073217e-05,0.08300160253238296,0.08325609091138632,0.19237880335177904,0.08312884672188464,882565,10616832
tdl_mix,tdl_mix_normalized,umi,6.0,3,0.04767749927662037,4.960454709413795e-05,0.047554274750504895,0.047800723802735846,0.11228812559519286,0.04767749927662037,506184,10616832
tdl_mix,tdl_mix_normalized,umi,8.0,3,0.025305194619261187,3.3487048710006914e-05,0.02522200817870231,0.025388381059820064,0.05932997461454368,0.025305194619261187,268661,10616832
tdl_mix,tdl_mix_normalized,umi,10.0,3,0.013644559883777005,1.4055794935430893e-05,0.013609643353507958,0.013679476414046052,0.031280234502053555,0.013644559883777007,144862,10616832
tdl_mix,tdl_mix_normalized,umi,12.0,3,0.008021413544077932,2.109331573447326e-05,0.0079690148429941,0.008073812245161764,0.018055190688666,0.008021413544077932,85162,10616832
tdl_mix,tdl_mix_normalized,umi,14.0,3,0.0050448193962191355,4.2306646096851345e-05,0.0049397238611883195,0.0051499149312499515,0.011366143644453935,0.0050448193962191355,53560,10616832
tdl_mix,tdl_mix_normalized,umi,16.0,3,0.0033379072024498457,5.520276604513999e-05,0.0032007759295190254,0.003475038475380666,0.007543862797319889,0.0033379072024498457,35438,10616832
tdl_mix,tdl_mix_normalized,umi,18.0,3,0.0022911731107735337,7.035732382514787e-05,0.002116395829355081,0.0024659503921919865,0.0052307635778561234,0.002291173110773534,24325,10616832
tdl_mix,tdl_mix_normalized,umi,20.0,3,0.0016375883125964504,9.90553877951952e-05,0.0013915210882130987,0.0018836555369798021,0.0038630504723074902,0.0016375883125964506,17386,10616832
tdl_mix,tdl_mix_normalized,umi_normalized,-10.0,3,0.39096493191189235,6.259742430758418e-05,0.3908094312895056,0.3911204325342791,0.6550880280541785,0.39096493191189235,4150809,10616832
tdl_mix,tdl_mix_normalized,umi_normalized,-8.0,3,0.3607080718617381,6.839151571878378e-05,0.3605381779183709,0.3608779658051053,0.6313268969088425,0.36070807186173803,3829577,10616832
tdl_mix,tdl_mix_normalized,umi_normalized,-6.0,3,0.32449482105396416,3.604957509090416e-05,0.3244052689449849,0.3245843731629434,0.5956483273594467,0.3244948210539641,3445107,10616832
tdl_mix,tdl_mix_normalized,umi_normalized,-4.0,3,0.2819114025728202,5.478971675488061e-05,0.28177529737120816,0.28204750777443227,0.5443885414688676,0.2819114025728202,2993006,10616832
tdl_mix,tdl_mix_normalized,umi_normalized,-2.0,3,0.23361366177782603,6.279821337954878e-05,0.23345766236773347,0.2337696611879186,0.4749709018218664,0.233613661777826,2480237,10616832
tdl_mix,tdl_mix_normalized,umi_normalized,0.0,3,0.18141560495635609,4.814014966192406e-05,0.18129601819512708,0.1815351917175851,0.38796979152126077,0.18141560495635609,1926059,10616832
tdl_mix,tdl_mix_normalized,umi_normalized,2.0,3,0.12937550485869984,9.072761493460237e-05,0.12915012496893516,0.1296008847484645,0.2895261086063621,0.12937550485869984,1373558,10616832
tdl_mix,tdl_mix_normalized,umi_normalized,4.0,3,0.08312884672188464,5.122267936073217e-05,0.08300160253238296,0.08325609091138632,0.19237880335177904,0.08312884672188464,882565,10616832
tdl_mix,tdl_mix_normalized,umi_normalized,6.0,3,0.04767749927662037,4.960454709413795e-05,0.047554274750504895,0.047800723802735846,0.11228812559519286,0.04767749927662037,506184,10616832
tdl_mix,tdl_mix_normalized,umi_normalized,8.0,3,0.025305194619261187,3.3487048710006914e-05,0.02522200817870231,0.025388381059820064,0.05932997461454368,0.025305194619261187,268661,10616832
tdl_mix,tdl_mix_normalized,umi_normalized,10.0,3,0.013644559883777005,1.4055794935430893e-05,0.013609643353507958,0.013679476414046052,0.031280234502053555,0.013644559883777007,144862,10616832
tdl_mix,tdl_mix_normalized,umi_normalized,12.0,3,0.008021413544077932,2.109331573447326e-05,0.0079690148429941,0.008073812245161764,0.018055190688666,0.008021413544077932,85162,10616832
tdl_mix,tdl_mix_normalized,umi_normalized,14.0,3,0.0050448193962191355,4.2306646096851345e-05,0.0049397238611883195,0.0051499149312499515,0.011366143644453935,0.0050448193962191355,53560,10616832
tdl_mix,tdl_mix_normalized,umi_normalized,16.0,3,0.0033379072024498457,5.520276604513999e-05,0.0032007759295190254,0.003475038475380666,0.007543862797319889,0.0033379072024498457,35438,10616832
tdl_mix,tdl_mix_normalized,umi_normalized,18.0,3,0.0022911731107735337,7.035732382514787e-05,0.002116395829355081,0.0024659503921919865,0.0052307635778561234,0.002291173110773534,24325,10616832
tdl_mix,tdl_mix_normalized,umi_normalized,20.0,3,0.0016375883125964504,9.90553877951952e-05,0.0013915210882130987,0.0018836555369798021,0.0038630504723074902,0.0016375883125964506,17386,10616832
tdl_mix,tdl_mix_normalized,urban_all,-10.0,3,0.39729285534517267,7.782901866344342e-05,0.397099517344835,0.39748619334551033,0.6582831030274615,0.39729285534517267,8435983,21233664
tdl_mix,tdl_mix_normalized,urban_all,-8.0,3,0.3674111071928048,8.757730417761583e-05,0.36719355310879553,0.36762866127681404,0.6353586540545946,0.3674111071928048,7801484,21233664
tdl_mix,tdl_mix_normalized,urban_all,-6.0,3,0.3315123098867911,0.000127795228585572,0.33119484894006795,0.3318297708335142,0.6007903554925212,0.3315123098867911,7039221,21233664
tdl_mix,tdl_mix_normalized,urban_all,-4.0,3,0.2896193516107253,0.0001073389501441747,0.28935270687672243,0.2898859963447281,0.5512412041425705,0.28961935161072533,6149680,21233664
tdl_mix,tdl_mix_normalized,urban_all,-2.0,3,0.2423918453263648,0.00012081174537478367,0.2420917323136456,0.24269195833908397,0.48456651671433154,0.24239184532636476,5146867,21233664
tdl_mix,tdl_mix_normalized,urban_all,0.0,3,0.19161393907335067,0.00010238276028137544,0.19135960619749304,0.1918682719492083,0.4016683866948257,0.1916139390733507,4068666,21233664
tdl_mix,tdl_mix_normalized,urban_all,2.0,3,0.1409769411440249,0.0001562614944228819,0.14058876607281995,0.14136511621522985,0.3085180245063923,0.1409769411440249,2993457,21233664
tdl_mix,tdl_mix_normalized,urban_all,4.0,3,0.09579368873878762,0.00016426971913366083,0.0953856201345737,0.09620175734300153,0.21677668751389892,0.09579368873878762,2034051,21233664
tdl_mix,tdl_mix_normalized,urban_all,6.0,3,0.06045400360484182,0.0001720852515377951,0.06002652014184467,0.060881487067838976,0.14036413001609438,0.06045400360484182,1283660,21233664
tdl_mix,tdl_mix_normalized,urban_all,8.0,3,0.036830902099609375,0.00019446273857320464,0.036347829877171264,0.037313974322047486,0.08798408949816668,0.036830902099609375,782055,21233664
tdl_mix,tdl_mix_normalized,urban_all,10.0,3,0.023120691746841244,0.00013906761454216695,0.022775228641060897,0.02346615485262159,0.057844012653754086,0.023120691746841244,490937,21233664
tdl_mix,tdl_mix_normalized,urban_all,12.0,3,0.015504625108506942,0.00015265047493178834,0.015125420306998028,0.015883829910015856,0.04160276837187049,0.015504625108506944,329220,21233664
tdl_mix,tdl_mix_normalized,urban_all,14.0,3,0.011051177978515625,0.00015871522619411577,0.01065690749968301,0.01144544845734824,0.03232587007288303,0.011051177978515625,234657,21233664
tdl_mix,tdl_mix_normalized,urban_all,16.0,3,0.008337326991705247,0.00019313336789558564,0.00785755710910043,0.008817096874310064,0.026590164768061152,0.008337326991705247,177032,21233664
tdl_mix,tdl_mix_normalized,urban_all,18.0,3,0.00661817009066358,0.00022019185517958313,0.00607118319937114,0.007165156981956021,0.022723850585020116,0.00661817009066358,140528,21233664
tdl_mix,tdl_mix_normalized,urban_all,20.0,3,0.005560792522665895,0.0002541517732047224,0.0049294445183160835,0.006192140527015707,0.019998862515534215,0.005560792522665895,118076,21233664
umi,umi_normalized,in_domain,-10.0,3,0.3907928466796875,0.00014409942693002542,0.39043488385899555,0.39115080950037945,0.6548870794567061,0.3907928466796875,4148982,10616832
umi,umi_normalized,in_domain,-8.0,3,0.3603577790436921,0.00025473712383502735,0.3597249769477669,0.3609905811396173,0.6307850251963109,0.36035777904369215,3825858,10616832
umi,umi_normalized,in_domain,-6.0,3,0.32386864556206596,0.00021648692535928597,0.32333086222665985,0.32440642889747207,0.5947619367528845,0.32386864556206596,3438459,10616832
umi,umi_normalized,in_domain,-4.0,3,0.2811501585407022,0.00018076924519085517,0.28070110284158206,0.2815992142398223,0.5432184986126276,0.28115015854070213,2984924,10616832
umi,umi_normalized,in_domain,-2.0,3,0.23280004807460455,0.0002720454227013036,0.23212424978073778,0.23347584636847132,0.4736106484024613,0.23280004807460455,2471599,10616832
umi,umi_normalized,in_domain,0.0,3,0.1806635915497203,0.00027277467846165994,0.17998598168411764,0.18134120141532298,0.386487000518375,0.18066359154972028,1918075,10616832
umi,umi_normalized,in_domain,2.0,3,0.1286748250325521,0.00025981477977816275,0.12802940934001078,0.1293202407250934,0.28800353610221247,0.1286748250325521,1366119,10616832
umi,umi_normalized,in_domain,4.0,3,0.08256285867573303,0.00024233787163359404,0.08196085802980006,0.083164859321666,0.19094895709443974,0.08256285867573303,876556,10616832
umi,umi_normalized,in_domain,6.0,3,0.04725194860387732,0.00012684001686038483,0.04693686053462354,0.0475670366731311,0.11106715884841518,0.04725194860387732,501666,10616832
umi,umi_normalized,in_domain,8.0,3,0.025009437843605323,5.5446430704313303e-05,0.024871701274105606,0.02514717441310504,0.058398228552606374,0.025009437843605323,265521,10616832
umi,umi_normalized,in_domain,10.0,3,0.013434045108748072,1.700437056386952e-05,0.013391803910564198,0.013476286306931946,0.03061985737287704,0.013434045108748072,142627,10616832
umi,umi_normalized,in_domain,12.0,3,0.007842735007957175,1.638176025462487e-05,0.007802040459522278,0.007883429556392072,0.017531324580403757,0.007842735007957177,83265,10616832
umi,umi_normalized,in_domain,14.0,3,0.004898165479118441,2.6761249785930407e-05,0.004831686849309141,0.004964644108927742,0.01089867218799981,0.004898165479118441,52003,10616832
umi,umi_normalized,in_domain,16.0,3,0.003190970715181327,3.6998712416964e-05,0.003099060818376685,0.003282880611985969,0.0071098541231526995,0.0031909707151813274,33878,10616832
umi,umi_normalized,in_domain,18.0,3,0.002148098415798611,5.9513731749485046e-05,0.0020002581103871625,0.0022959387212100595,0.0048131368117246,0.002148098415798611,22806,10616832
umi,umi_normalized,in_domain,20.0,3,0.0015149528597608024,4.1694502569631653e-05,0.0014113779735510142,0.0016185277459705907,0.003430980066179562,0.0015149528597608024,16084,10616832
umi,umi_normalized,tdl_A_100ns,-10.0,3,0.39066126317153743,0.0002981122412909332,0.38992071131058437,0.3914018150324905,0.6548060303852882,0.39066126317153743,4147585,10616832
umi,umi_normalized,tdl_A_100ns,-8.0,3,0.36064571804470485,0.00024929079450823545,0.36002644538085143,0.3612649907085583,0.6308546706482216,0.36064571804470485,3828915,10616832
umi,umi_normalized,tdl_A_100ns,-6.0,3,0.3245794979142554,0.0003301929239561444,0.32375925321967197,0.3253997426088388,0.5950298993675797,0.3245794979142554,3446006,10616832
umi,umi_normalized,tdl_A_100ns,-4.0,3,0.28227827284071183,0.0003670540798660994,0.28136645995863035,0.2831900857227933,0.5437397206271136,0.28227827284071183,2996901,10616832
umi,umi_normalized,tdl_A_100ns,-2.0,3,0.23430492259837962,0.0004293404270507043,0.23323838185232387,0.23537146334443537,0.4745150488099934,0.23430492259837962,2487576,10616832
umi,umi_normalized,tdl_A_100ns,0.0,3,0.18236089635778355,0.00034719549568508023,0.18149841493356997,0.18322337778199713,0.3880477978123558,0.18236089635778358,1936095,10616832
umi,umi_normalized,tdl_A_100ns,2.0,3,0.13061137258270641,0.0002776768218481863,0.1299215851178484,0.13130116004756442,0.2905335757467482,0.13061137258270641,1386679,10616832
umi,umi_normalized,tdl_A_100ns,4.0,3,0.0844596580222801,0.00022902900419271703,0.08389071843585895,0.08502859760870125,0.1945175857823572,0.08445965802228009,896694,10616832
umi,umi_normalized,tdl_A_100ns,6.0,3,0.049122751494984566,0.0002293561901857547,0.04855299913349932,0.04969250385646981,0.11522529559370913,0.049122751494984566,521528,10616832
umi,umi_normalized,tdl_A_100ns,8.0,3,0.02646863019024884,8.088469254027162e-05,0.026267701475198666,0.026669558905299016,0.062001810443622095,0.02646863019024884,281013,10616832
umi,umi_normalized,tdl_A_100ns,10.0,3,0.014203201105565201,4.091547078227621e-05,0.014101561441597108,0.014304840769533294,0.03267427110745583,0.014203201105565201,150793,10616832
umi,umi_normalized,tdl_A_100ns,12.0,3,0.008055416154272762,3.716236398931436e-05,0.007963099724425642,0.008147732584119882,0.01822862836221854,0.008055416154272762,85523,10616832
umi,umi_normalized,tdl_A_100ns,14.0,3,0.004955244653018905,2.0612778751017528e-05,0.0049040396719776105,0.005006449634060199,0.011051615792108171,0.004955244653018905,52609,10616832
umi,umi_normalized,tdl_A_100ns,16.0,3,0.0032067946445794755,2.5238014136591523e-05,0.0031440999418907226,0.0032694893472682285,0.007144942707209675,0.0032067946445794755,34046,10616832
umi,umi_normalized,tdl_A_100ns,18.0,3,0.0021797462745949073,5.89373906995249e-05,0.002033337679720548,0.0023261548694692665,0.004874465972714034,0.0021797462745949073,23142,10616832
umi,umi_normalized,tdl_A_100ns,20.0,3,0.0015854070216049382,7.622553964243332e-05,0.0013960522839735286,0.0017747617592363478,0.0035391427730325103,0.0015854070216049384,16832,10616832
umi,umi_normalized,tdl_A_10ns,-10.0,3,0.38259586287133485,5.6942855197187336e-05,0.38245440897731947,0.3827373167653502,0.6510738281556118,0.3825958628713349,4061956,10616832
umi,umi_normalized,tdl_A_10ns,-8.0,3,0.3516442569685571,7.881141514016163e-05,0.35144847856008365,0.35184003537703057,0.6261450250943502,0.3516442569685571,3733348,10616832
umi,umi_normalized,tdl_A_10ns,-6.0,3,0.3144040519808546,2.416319172270213e-05,0.3143440272850577,0.31446407667665144,0.5890350764916267,0.3144040519808545,3337975,10616832
umi,umi_normalized,tdl_A_10ns,-4.0,3,0.2706478731131848,9.70176322579459e-05,0.270406867954179,0.27088887827219055,0.5356952514913347,0.2706478731131848,2873423,10616832
umi,umi_normalized,tdl_A_10ns,-2.0,3,0.22075794361255788,0.00011812244193414885,0.22046451119993418,0.22105137602518157,0.462836664399983,0.22075794361255788,2343750,10616832
umi,umi_normalized,tdl_A_10ns,0.0,3,0.166595458984375,7.339811102226498e-05,0.1664131279688065,0.1667777899999435,0.3702736831741569,0.166595458984375,1768716,10616832
umi,umi_normalized,tdl_A_10ns,2.0,3,0.11218704412012924,5.5206381954745514e-05,0.112049903864781,0.11232418437547748,0.2642241867236149,0.11218704412012924,1191071,10616832
umi,umi_normalized,tdl_A_10ns,4.0,3,0.06430703622323496,9.011817882522471e-05,0.06408317025669254,0.06453090218977738,0.15952688142841245,0.06430703622323496,682737,10616832
umi,umi_normalized,tdl_A_10ns,6.0,3,0.02932729838806906,0.00010726593336296466,0.029060835037806,0.02959376173833212,0.07609591182367302,0.029327298388069058,311363,10616832
umi,umi_normalized,tdl_A_10ns,8.0,3,0.010087754991319444,8.05741289887463e-05,0.009887597758899537,0.010287912223739351,0.027015274045643984,0.010087754991319444,107100,10616832
umi,umi_normalized,tdl_A_10ns,10.0,3,0.0029411786868248457,1.9683468212142032e-05,0.002892282241139186,0.0029900751325105056,0.007767084169626972,0.0029411786868248457,31226,10616832
umi,umi_normalized,tdl_A_10ns,12.0,3,0.0011265130690586418,2.1087636922494336e-05,0.001074128474925805,0.0011788976631914787,0.00292178307463024,0.001126513069058642,11960,10616832
umi,umi_normalized,tdl_A_10ns,14.0,3,0.0006931446216724537,1.9972734292571217e-05,0.0006435295992076426,0.0007427596441372647,0.0018462212431103705,0.0006931446216724537,7359,10616832
umi,umi_normalized,tdl_A_10ns,16.0,3,0.0005014678578317901,2.4083754504670625e-05,0.00044164049502395096,0.0005612952206396292,0.001439638841486472,0.0005014678578317901,5324,10616832
umi,umi_normalized,tdl_A_10ns,18.0,3,0.0003978587962962963,2.4821179714624186e-05,0.0003361995677147472,0.00045951802487784535,0.0011993521637819352,0.0003978587962962963,4224,10616832
umi,umi_normalized,tdl_A_10ns,20.0,3,0.00033380955825617286,2.7370437459041434e-05,0.00026581762237450713,0.0004018014941378386,0.0010098101468816753,0.00033380955825617286,3544,10616832
umi,umi_normalized,tdl_A_300ns,-10.0,3,0.3996513272509163,0.000383041798478843,0.39869979867410255,0.40060285582773003,0.6594728878986689,0.3996513272509163,4243031,10616832
umi,umi_normalized,tdl_A_300ns,-8.0,3,0.3696932380582079,0.0005031263472938983,0.36844340292507294,0.3709430731913429,0.6363546347912447,0.369693238058208,3924971,10616832
umi,umi_normalized,tdl_A_300ns,-6.0,3,0.33390308898172255,0.0005310196699276252,0.3325839629939245,0.3352222149695206,0.6014305963928317,0.3339030889817226,3544993,10616832
umi,umi_normalized,tdl_A_300ns,-4.0,3,0.29197626938054594,0.0005923680613127114,0.29050474554014727,0.2934477932209446,0.5514522927042879,0.2919762693805459,3099863,10616832
umi,umi_normalized,tdl_A_300ns,-2.0,3,0.24466290886019482,0.00043160013237099207,0.24359075469493527,0.24573506302545436,0.4845712608025398,0.24466290886019482,2597545,10616832
umi,umi_normalized,tdl_A_300ns,0.0,3,0.19416093237606094,0.0003932571098565219,0.19318402755901568,0.1951378371931062,0.40209035336235416,0.19416093237606097,2061374,10616832
umi,umi_normalized,tdl_A_300ns,2.0,3,0.14416334364149305,0.0003193969242102745,0.1433699176970154,0.1449567695859707,0.31011836101979384,0.14416334364149305,1530558,10616832
umi,umi_normalized,tdl_A_300ns,4.0,3,0.099058457362799,0.00020309254532705284,0.09855394751195773,0.09956296721364027,0.21967175198190003,0.099058457362799,1051687,10616832
umi,umi_normalized,tdl_A_300ns,6.0,3,0.06344500883125964,9.312577070880309e-05,0.06321367159229739,0.06367634607022189,0.14309041514808749,0.06344500883125964,673585,10616832
umi,umi_normalized,tdl_A_300ns,8.0,3,0.03872699502073688,4.719880526200682e-05,0.038609746688631555,0.0388442433528422,0.08760087376023516,0.038726995020736885,411158,10616832
umi,umi_normalized,tdl_A_300ns,10.0,3,0.023172920132860726,6.382855006847792e-05,0.02301436122454331,0.02333147904117814,0.05233756829926997,0.023172920132860726,246023,10616832
umi,umi_normalized,tdl_A_300ns,12.0,3,0.014088948567708334,4.694748360175263e-05,0.013972324553217053,0.014205572582199615,0.03161016990787085,0.014088948567708334,149580,10616832
umi,umi_normalized,tdl_A_300ns,14.0,3,0.008795844184027778,5.090342953570391e-05,0.008669393055055956,0.0089222953129996,0.01962196624573366,0.008795844184027778,93384,10616832
umi,umi_normalized,tdl_A_300ns,16.0,3,0.0056543232482156635,8.291271944382185e-05,0.0054483566350537445,0.005860289861377582,0.0125895979595773,0.0056543232482156635,60031,10616832
umi,umi_normalized,tdl_A_300ns,18.0,3,0.0037735362111786263,0.00010742882743619514,0.003506668209605219,0.004040404212752034,0.008424365584002693,0.0037735362111786267,40063,10616832
umi,umi_normalized,tdl_A_300ns,20.0,3,0.0026685926649305555,9.478576098290676e-05,0.0024331317815271085,0.0029040535483340025,0.006017122064130726,0.0026685926649305555,28332,10616832
umi,umi_normalized,tdl_A_30ns,-10.0,3,0.38413784827715086,0.0001930269336590093,0.38365834279184696,0.38461735376245476,0.6517916491002212,0.38413784827715086,4078327,10616832
umi,umi_normalized,tdl_A_30ns,-8.0,3,0.35337085488401815,0.00011445115050503697,0.3530865424648847,0.3536551673031516,0.6270911877537951,0.35337085488401815,3751679,10616832
umi,umi_normalized,tdl_A_30ns,-6.0,3,0.3164265008620274,0.00010682585032909125,0.3161611307386251,0.31669187098542967,0.5903051002525989,0.3164265008620274,3359447,10616832
umi,umi_normalized,tdl_A_30ns,-4.0,3,0.27305565351321376,0.0001633564347333145,0.27264985363322036,0.27346145339320715,0.5374932495164283,0.27305565351321376,2898986,10616832
umi,umi_normalized,tdl_A_30ns,-2.0,3,0.22364515139732832,0.00016886123076813078,0.22322567684590885,0.2240646259487478,0.46554121485462896,0.22364515139732832,2374403,10616832
umi,umi_normalized,tdl_A_30ns,0.0,3,0.17001484058521413,0.00013287018986486292,0.169684772735791,0.17034490843463726,0.37443618715545274,0.17001484058521413,1805019,10616832
umi,umi_normalized,tdl_A_30ns,2.0,3,0.11611345079210068,0.0001306742678318046,0.11578883791541213,0.11643806366878924,0.27032109561525747,0.1161134507921007,1232757,10616832
umi,umi_normalized,tdl_A_30ns,4.0,3,0.06855519612630208,0.00013238073093067824,0.06822634416027575,0.06888404809232841,0.16742340300554112,0.06855519612630208,727839,10616832
umi,umi_normalized,tdl_A_30ns,6.0,3,0.03334111343195409,0.00015535201405826748,0.03295519763522107,0.03372702922868711,0.0844896427459187,0.03334111343195409,353977,10616832
umi,umi_normalized,tdl_A_30ns,8.0,3,0.013109089415750385,7.971300594593979e-05,0.01291107133155565,0.013307107499945119,0.03383935987949371,0.013109089415750386,139177,10616832
umi,umi_normalized,tdl_A_30ns,10.0,3,0.004707430615837191,3.215883562546765e-05,0.004627543639490983,0.0047873175921834,0.011910272417245087,0.004707430615837191,49978,10616832
umi,umi_normalized,tdl_A_30ns,12.0,3,0.002039874041521991,5.558809512924253e-06,0.0020260651931779798,0.002053682889866002,0.004989036782874645,0.002039874041521991,21657,10616832
umi,umi_normalized,tdl_A_30ns,14.0,3,0.0011607982494212963,2.7289608038838835e-05,0.0010930071049505823,0.0012285893938920104,0.002866487384897392,0.0011607982494212963,12324,10616832
umi,umi_normalized,tdl_A_30ns,16.0,3,0.000765294204523534,2.418301025567103e-05,0.0007052202767615174,0.0008253681322855506,0.0019825897341231922,0.000765294204523534,8125,10616832
umi,umi_normalized,tdl_A_30ns,18.0,3,0.0005478093653549383,2.494685466958966e-05,0.00048583794287832514,0.0006097807878315514,0.0014976006455352617,0.0005478093653549383,5816,10616832
umi,umi_normalized,tdl_A_30ns,20.0,3,0.0004282821843653549,3.464952472765802e-05,0.000342207993291917,0.0005143563754387928,0.0011781323193229773,0.00042828218436535495,4547,10616832
umi,umi_normalized,tdl_B_100ns,-10.0,3,0.3912189624927662,0.00026610414508980207,0.3905579231506707,0.3918800018348617,0.6550512291766979,0.3912189624927662,4153506,10616832
umi,umi_normalized,tdl_B_100ns,-8.0,3,0.3610426349404417,0.00032487586735869287,0.36023559854666803,0.36184967133421536,0.6311117903685863,0.36104263494044175,3833129,10616832
umi,umi_normalized,tdl_B_100ns,-6.0,3,0.3249368549864969,0.0003147832092316468,0.32415489014538934,0.3257188198276044,0.595317464183878,0.32493685498649694,3449800,10616832
umi,umi_normalized,tdl_B_100ns,-4.0,3,0.2824905772268036,0.00035801454410308835,0.28160121979640856,0.28337993465719863,0.5440989044713386,0.28249057722680365,2999155,10616832
umi,umi_normalized,tdl_B_100ns,-2.0,3,0.23436181339216822,0.00032979465479105613,0.23354255805303725,0.23518106873129918,0.47500957567014807,0.23436181339216822,2488180,10616832
umi,umi_normalized,tdl_B_100ns,0.0,3,0.18258469193070023,0.0002643852792023312,0.18192792248817738,0.18324146137322309,0.38876424785013547,0.18258469193070023,1938471,10616832
umi,umi_normalized,tdl_B_100ns,2.0,3,0.13105359489535107,0.0002961877710837669,0.13031782368341494,0.1317893661072872,0.2915299564232061,0.13105359489535107,1391374,10616832
umi,umi_normalized,tdl_B_100ns,4.0,3,0.08495735827787422,0.00032519362007073357,0.08414953254260552,0.08576518401314293,0.19574537082218826,0.08495735827787423,901978,10616832
umi,umi_normalized,tdl_B_100ns,6.0,3,0.04952211733217593,0.00020727422278088908,0.04900721961867282,0.05003701504567904,0.11642053557766807,0.04952211733217592,525768,10616832
umi,umi_normalized,tdl_B_100ns,8.0,3,0.026680463626060955,0.00015214306636492276,0.026302519297308303,0.027058407954813606,0.06282276388855627,0.026680463626060958,283262,10616832
umi,umi_normalized,tdl_B_100ns,10.0,3,0.014131428282937888,5.617700558757764e-05,0.01399187686481933,0.014270979701056447,0.033000127216916024,0.014131428282937886,150031,10616832
umi,umi_normalized,tdl_B_100ns,12.0,3,0.007894068588445215,2.605219305787806e-05,0.007829351353193906,0.007958785823696524,0.01816878309128461,0.007894068588445217,83810,10616832
umi,umi_normalized,tdl_B_100ns,14.0,3,0.004680209689670139,2.228007986316982e-05,0.004624862903059148,0.00473555647628113,0.010695326130515263,0.004680209689670139,49689,10616832
umi,umi_normalized,tdl_B_100ns,16.0,3,0.0029292165497202933,2.958407548657334e-05,0.002855725632134064,0.0030027074673065223,0.006666658569794194,0.0029292165497202933,31099,10616832
umi,umi_normalized,tdl_B_100ns,18.0,3,0.0019316496672453704,4.350938332168667e-05,0.001823566367316903,0.002039732967173838,0.004367914635768551,0.0019316496672453704,20508,10616832
umi,umi_normalized,tdl_B_100ns,20.0,3,0.0013265727478780865,5.028346524054789e-05,0.001201661695591857,0.001451483800164316,0.003036932927774794,0.0013265727478780863,14084,10616832
umi,umi_normalized,tdl_B_10ns,-10.0,3,0.3827425167884355,3.879487053177424e-05,0.3826461449875214,0.3828388885893496,0.6511884567178327,0.38274251678843557,4063513,10616832
umi,umi_normalized,tdl_B_10ns,-8.0,3,0.35182934042848185,0.00012532117024418682,0.3515180253833859,0.3521406554735778,0.6262608722404197,0.35182934042848185,3735313,10616832
umi,umi_normalized,tdl_B_10ns,-6.0,3,0.31458744001977235,8.226836853379939e-05,0.3143830740630057,0.314791805976539,0.589151954209363,0.3145874400197724,3339922,10616832
umi,umi_normalized,tdl_B_10ns,-4.0,3,0.2707738052179784,8.455712597875142e-05,0.27056375367252944,0.27098385676342734,0.5357998458691585,0.2707738052179784,2874760,10616832
umi,umi_normalized,tdl_B_10ns,-2.0,3,0.22077480363257138,8.188897764297528e-05,0.22057138013502414,0.2209782271301186,0.4628901110019213,0.22077480363257138,2343929,10616832
umi,umi_normalized,tdl_B_10ns,0.0,3,0.1664488050672743,9.027530918907686e-05,0.16622454876726936,0.16667306136727925,0.3702597154511346,0.1664488050672743,1767159,10616832
umi,umi_normalized,tdl_B_10ns,2.0,3,0.11194149064429011,8.31684860042175e-05,0.11173488867177009,0.11214809261681014,0.2641270333602105,0.11194149064429013,1188464,10616832
umi,umi_normalized,tdl_B_10ns,4.0,3,0.06406948890215085,0.00012741512600501816,0.06375297218258245,0.06438600562171924,0.15934024769582866,0.06406948890215085,680215,10616832
umi,umi_normalized,tdl_B_10ns,6.0,3,0.0291524816442419,0.00015741364979884366,0.028761444460417628,0.029543518828066172,0.0758569040508182,0.029152481644241897,309507,10616832
umi,umi_normalized,tdl_B_10ns,8.0,3,0.009997709297839505,7.384458336550624e-05,0.00981426918348586,0.01018114941219315,0.02670503196157055,0.009997709297839507,106144,10616832
umi,umi_normalized,tdl_B_10ns,10.0,3,0.0028033786349826394,3.408105490705627e-05,0.0027187166012286033,0.0028880406687366755,0.0074046064846585566,0.002803378634982639,29763,10616832
umi,umi_normalized,tdl_B_10ns,12.0,3,0.0009992623034818674,1.6238158031470796e-05,0.0009589244827450123,0.0010396001242187224,0.002593788501223043,0.0009992623034818674,10609,10616832
umi,umi_normalized,tdl_B_10ns,14.0,3,0.0005885936595775463,2.19442616954141e-05,0.0005340810915413998,0.0006431062276136928,0.0015397078884829463,0.0005885936595775463,6249,10616832
umi,umi_normalized,tdl_B_10ns,16.0,3,0.0004149071964216821,2.2366519112210102e-05,0.00035934568281236693,0.00047046871003099725,0.0011240739689431696,0.0004149071964216821,4405,10616832
umi,umi_normalized,tdl_B_10ns,18.0,3,0.00031129813488618826,1.858601564599045e-05,0.00026512791250706534,0.0003574683572653112,0.0008664687708190926,0.00031129813488618826,3305,10616832
umi,umi_normalized,tdl_B_10ns,20.0,3,0.00024715470679012347,2.0887905866836334e-05,0.00019526627210487296,0.000299043141475374,0.0006818092173781213,0.00024715470679012347,2624,10616832
umi,umi_normalized,tdl_B_300ns,-10.0,3,0.39982190544222607,0.00042642116552088976,0.3987626165438273,0.40088119434062486,0.6588724145182857,0.39982190544222607,4244842,10616832
umi,umi_normalized,tdl_B_300ns,-8.0,3,0.3703153633777006,0.0003765855077959576,0.36937987311605086,0.37125085363935034,0.6357085336873561,0.3703153633777006,3931576,10616832
umi,umi_normalized,tdl_B_300ns,-6.0,3,0.33481042179060566,0.000494712365908911,0.3335814881459359,0.3360393554352754,0.6009343310638711,0.3348104217906057,3554626,10616832
umi,umi_normalized,tdl_B_300ns,-4.0,3,0.2936219580379533,0.0004339365522348662,0.29254399988399926,0.2946999161919074,0.5514877173635694,0.2936219580379533,3117335,10616832
umi,umi_normalized,tdl_B_300ns,-2.0,3,0.24722987045476466,0.00040351666362445745,0.24622747949329776,0.24823226141623156,0.48572841139487277,0.24722987045476466,2624798,10616832
umi,umi_normalized,tdl_B_300ns,0.0,3,0.19763296621817128,0.0003358989209407034,0.19679854704129485,0.1984673853950477,0.4051082487459536,0.1976329662181713,2098236,10616832
umi,umi_normalized,tdl_B_300ns,2.0,3,0.14873881398895641,0.00027877195213751963,0.1480463060696473,0.14943132190826552,0.31571247879369757,0.14873881398895641,1579135,10616832
umi,umi_normalized,tdl_B_300ns,4.0,3,0.10463074107228974,0.0001829131357171532,0.10417635965386317,0.10508512249071632,0.22807243687135204,0.10463074107228974,1110847,10616832
umi,umi_normalized,tdl_B_300ns,6.0,3,0.06933791549117478,0.0001395656366530768,0.0689912152298874,0.06968461575246217,0.15349418458379346,0.06933791549117477,736149,10616832
umi,umi_normalized,tdl_B_300ns,8.0,3,0.04407812047887732,9.050321504483494e-05,0.04385329802934134,0.044302942928413296,0.09832876166443766,0.04407812047887732,467970,10616832
umi,umi_normalized,tdl_B_300ns,10.0,3,0.02767878402898341,6.32378736050219e-05,0.027521692442344366,0.027835875615622455,0.061667479896619,0.02767878402898341,293861,10616832
umi,umi_normalized,tdl_B_300ns,12.0,3,0.017434767734857252,1.672264800214944e-05,0.017393226374313224,0.01747630909540128,0.03870833803106238,0.017434767734857252,185102,10616832
umi,umi_normalized,tdl_B_300ns,14.0,3,0.01114032886646412,4.125234128199902e-05,0.011037852369783658,0.011242805363144584,0.024640299115375974,0.01114032886646412,118275,10616832
umi,umi_normalized,tdl_B_300ns,16.0,3,0.007197721504870756,7.565408383397633e-05,0.0070097863421637865,0.007385656667577726,0.015999214574234723,0.007197721504870756,76417,10616832
umi,umi_normalized,tdl_B_300ns,18.0,3,0.004806330174575618,7.26003729274795e-05,0.004625980850292546,0.00498667949885869,0.010717666127293565,0.004806330174575617,51028,10616832
umi,umi_normalized,tdl_B_300ns,20.0,3,0.0033822707187982255,6.945154727464705e-05,0.0032097435110673756,0.0035547979265290754,0.00761316638485885,0.0033822707187982255,35909,10616832
umi,umi_normalized,tdl_B_30ns,-10.0,3,0.38434120460792826,4.311487437002253e-05,0.3842341013225643,0.3844483078932922,0.6519743939976633,0.38434120460792826,4080486,10616832
umi,umi_normalized,tdl_B_30ns,-8.0,3,0.35367697256582753,8.573199381352335e-05,0.3534640024868838,0.35388994264477125,0.6272904909687278,0.35367697256582753,3754929,10616832
umi,umi_normalized,tdl_B_30ns,-6.0,3,0.31676162908106675,5.580909847434783e-05,0.3166229915948826,0.3169002665672509,0.5905173365716582,0.31676162908106675,3363005,10616832
umi,umi_normalized,tdl_B_30ns,-4.0,3,0.2732375345112365,0.0001747529915181255,0.27280342401474883,0.2736716450077242,0.537692067063885,0.2732375345112365,2900917,10616832
umi,umi_normalized,tdl_B_30ns,-2.0,3,0.22369055100429205,0.00018184665516399428,0.22323881887042654,0.22414228313815757,0.46568268979037253,0.22369055100429205,2374885,10616832
umi,umi_normalized,tdl_B_30ns,0.0,3,0.16991980281876928,0.00014582655826067754,0.16955754956600555,0.17028205607153302,0.3745046813546875,0.16991980281876928,1804010,10616832
umi,umi_normalized,tdl_B_30ns,2.0,3,0.11609640239197531,8.617664361415333e-05,0.11588232774169328,0.11631047704225735,0.2703275250064002,0.11609640239197531,1232576,10616832
umi,umi_normalized,tdl_B_30ns,4.0,3,0.06848210464289159,0.00019314747546200808,0.068002299715149,0.06896190957063418,0.16737956452516864,0.06848210464289159,727063,10616832
umi,umi_normalized,tdl_B_30ns,6.0,3,0.03321037763430749,0.00018061613105799538,0.03276170229177901,0.03365905297683597,0.084372932896202,0.03321037763430749,352589,10616832
umi,umi_normalized,tdl_B_30ns,8.0,3,0.013000111521026236,8.078212769844313e-05,0.012799437591167556,0.013200785450884916,0.033589585672742055,0.013000111521026234,138020,10616832
umi,umi_normalized,tdl_B_30ns,10.0,3,0.004563037260079089,1.5662478070658873e-05,0.00452412950764284,0.004601945012515338,0.011544417860101403,0.004563037260079089,48445,10616832
umi,umi_normalized,tdl_B_30ns,12.0,3,0.0018735344027295524,9.617076853369263e-06,0.0018496442594403983,0.0018974245460187066,0.004599130669332765,0.0018735344027295524,19891,10616832
umi,umi_normalized,tdl_B_30ns,14.0,3,0.0010193247853973765,7.060485588134155e-06,0.0010017855668839632,0.0010368640039107898,0.0024999842952425234,0.0010193247853973765,10822,10616832
umi,umi_normalized,tdl_B_30ns,16.0,3,0.0006621560932677469,9.691511409424573e-06,0.0006380810442908314,0.0006862311422446625,0.0016424921421186115,0.0006621560932677469,7030,10616832
umi,umi_normalized,tdl_B_30ns,18.0,3,0.00045945909288194444,5.413265669269718e-06,0.0004460117954886824,0.00047290639027520645,0.0011785695541232004,0.00045945909288194444,4878,10616832
umi,umi_normalized,tdl_B_30ns,20.0,3,0.00034614845558449077,6.1584740300223375e-06,0.0003308499579991019,0.00036144695316987964,0.0008876991654474688,0.00034614845558449077,3675,10616832
umi,umi_normalized,tdl_C_100ns,-10.0,3,0.38966266019844714,8.944331553705608e-05,0.3894404706852492,0.3898848497116451,0.654302097397086,0.38966266019844714,4136983,10616832
umi,umi_normalized,tdl_C_100ns,-8.0,3,0.3594027860665027,0.00014532689312310562,0.35904177405075055,0.3597637980822549,0.6302414036091463,0.3594027860665027,3815719,10616832
umi,umi_normalized,tdl_C_100ns,-6.0,3,0.32317342875916283,0.00019244881712186546,0.3226953593949507,0.32365149812337496,0.5942939229217576,0.32317342875916283,3431078,10616832
umi,umi_normalized,tdl_C_100ns,-4.0,3,0.2804861186463156,0.00026039930797277296,0.2798392509052424,0.2811329863873888,0.5427770489527856,0.28048611864631556,2977874,10616832
umi,umi_normalized,tdl_C_100ns,-2.0,3,0.23186313958815585,0.0002851893693605312,0.23115468992071042,0.23257158925560129,0.47303956195160196,0.23186313958815585,2461652,10616832
umi,umi_normalized,tdl_C_100ns,0.0,3,0.17957852210527583,0.00039538365890729837,0.17859633464753744,0.18056070956301423,0.3856268418423923,0.17957852210527586,1906555,10616832
umi,umi_normalized,tdl_C_100ns,2.0,3,0.1272913614908854,0.0003783617712624222,0.12635145874617243,0.12823126423559839,0.2867051011618273,0.1272913614908854,1351431,10616832
umi,umi_normalized,tdl_C_100ns,4.0,3,0.08074018690321182,0.00029197539399940855,0.08001487981604745,0.08146549399037618,0.18906890518135497,0.0807401869032118,857205,10616832
umi,umi_normalized,tdl_C_100ns,6.0,3,0.045245982982494215,0.00018276589524896582,0.04479196732966737,0.04569999863532106,0.1085383356721313,0.045245982982494215,480369,10616832
umi,umi_normalized,tdl_C_100ns,8.0,3,0.022853144892939815,0.00012169132872905812,0.022550846874039587,0.023155442911840043,0.05518109654938733,0.022853144892939815,242628,10616832
umi,umi_normalized,tdl_C_100ns,10.0,3,0.011346699279031635,4.741821540394028e-05,0.011228905901918376,0.011464492656144893,0.02686553648500531,0.011346699279031636,120466,10616832
umi,umi_normalized,tdl_C_100ns,12.0,3,0.005969106415171683,3.830919279490145e-05,0.005873941104639575,0.00606427172570379,0.013904064019889008,0.005969106415171682,63373,10616832
umi,umi_normalized,tdl_C_100ns,14.0,3,0.003468737190152392,1.3133687933981981e-05,0.0034361113006600003,0.0035013630796447838,0.007980027894294006,0.003468737190152392,36827,10616832
umi,umi_normalized,tdl_C_100ns,16.0,3,0.0021798404646508488,2.2122435101761856e-05,0.0021248852893367464,0.002234795639964951,0.005000215750992482,0.0021798404646508488,23143,10616832
umi,umi_normalized,tdl_C_100ns,18.0,3,0.001443839367525077,3.0263163836007496e-05,0.0013686615009603446,0.0015190172340898093,0.0033410970462244695,0.0014438393675250771,15329,10616832
umi,umi_normalized,tdl_C_100ns,20.0,3,0.001026577419704861,3.860884746172927e-05,0.0009306677257143564,0.0011224871136953655,0.0023852381600141755,0.001026577419704861,10899,10616832
umi,umi_normalized,tdl_C_10ns,-10.0,3,0.38290198055314434,0.00016451125805053311,0.3824933119329981,0.38331064917329055,0.6511521979614541,0.3829019805531443,4065206,10616832
umi,umi_normalized,tdl_C_10ns,-8.0,3,0.3519340797706887,0.00010165027319190255,0.35168156649363347,0.3521865930477439,0.6262275804708034,0.35193407977068863,3736425,10616832
umi,umi_normalized,tdl_C_10ns,-6.0,3,0.3147735595703125,6.824171932680983e-05,0.3146040377418117,0.3149430813988133,0.5891150949913778,0.3147735595703125,3341898,10616832
umi,umi_normalized,tdl_C_10ns,-4.0,3,0.2708546202859761,4.5222116265677026e-05,0.2707422823215512,0.27096695825040107,0.535753952132331,0.27085462028597607,2875618,10616832
umi,umi_normalized,tdl_C_10ns,-2.0,3,0.22082171028043018,5.324054898491764e-05,0.22068945342489749,0.22095396713596288,0.46284436995600475,0.22082171028043018,2344427,10616832
umi,umi_normalized,tdl_C_10ns,0.0,3,0.16646331033588926,9.590014097815054e-05,0.1662250811791143,0.16670153949266422,0.3702195687794391,0.16646331033588926,1767313,10616832
umi,umi_normalized,tdl_C_10ns,2.0,3,0.11205951078438464,0.00018428283843150198,0.11160172683579134,0.11251729473297795,0.2641231314635571,0.11205951078438464,1189717,10616832
umi,umi_normalized,tdl_C_10ns,4.0,3,0.0640406667450328,0.00018385187172715589,0.06358395337708231,0.06449738011298328,0.15941330992881161,0.0640406667450328,679909,10616832
umi,umi_normalized,tdl_C_10ns,6.0,3,0.029127427089361498,0.0001166950933701174,0.028837540407133662,0.029417313771589335,0.0760098662181401,0.029127427089361498,309241,10616832
umi,umi_normalized,tdl_C_10ns,8.0,3,0.01001871368031443,8.124092988235256e-05,0.009816900022648425,0.010220527337980435,0.026913599306602535,0.010018713680314428,106367,10616832
umi,umi_normalized,tdl_C_10ns,10.0,3,0.0027738971474729943,1.8795341863555584e-05,0.0027272069299427402,0.0028205873650032484,0.00746568851172924,0.002773897147472994,29450,10616832
umi,umi_normalized,tdl_C_10ns,12.0,3,0.000934176974826389,1.1776770688756164e-05,0.0009049218546347136,0.0009634320950180643,0.0025011305424189312,0.0009341769748263889,9918,10616832
umi,umi_normalized,tdl_C_10ns,14.0,3,0.0004957222644193672,1.3832475956488766e-05,0.0004613604892476815,0.000530084039591053,0.0013425539532981032,0.0004957222644193672,5263,10616832
umi,umi_normalized,tdl_C_10ns,16.0,3,0.0003197752399209105,1.4775835177760798e-05,0.00028307003053184735,0.00035648044930997367,0.0009153774408220255,0.0003197752399209105,3395,10616832
umi,umi_normalized,tdl_C_10ns,18.0,3,0.00023170753761574074,1.3361715152923456e-05,0.00019851519710944947,0.000264899878122032,0.0006972675842709218,0.00023170753761574074,2460,10616832
umi,umi_normalized,tdl_C_10ns,20.0,3,0.00018621374059606482,1.6086657858943557e-05,0.00014625226715113545,0.0002261752140409942,0.0005641596104525867,0.00018621374059606482,1977,10616832
umi,umi_normalized,tdl_C_300ns,-10.0,3,0.40005106984833144,0.00033275349864316753,0.399224464333604,0.4008776753630589,0.6595064835783876,0.4000510698483314,4247275,10616832
umi,umi_normalized,tdl_C_300ns,-8.0,3,0.3701305624879437,0.00034457648719580673,0.3692745870414859,0.37098653793440145,0.6364787743415361,0.3701305624879437,3929614,10616832
umi,umi_normalized,tdl_C_300ns,-6.0,3,0.33423548568913963,0.00046661056884254436,0.333076360778333,0.33539461059994624,0.6017368980395941,0.33423548568913963,3548522,10616832
umi,umi_normalized,tdl_C_300ns,-4.0,3,0.2921397833176601,0.00039989223261376793,0.29114639594195085,0.29313317069336936,0.5520534684628616,0.2921397833176601,3101599,10616832
umi,umi_normalized,tdl_C_300ns,-2.0,3,0.24481577932098766,0.000309495911385971,0.24404694885585232,0.245584609786123,0.4854949723791193,0.24481577932098766,2599168,10616832
umi,umi_normalized,tdl_C_300ns,0.0,3,0.19436664345823687,0.0002760446370652952,0.19368091056515074,0.195052376351323,0.4032334563908753,0.19436664345823687,2063558,10616832
umi,umi_normalized,tdl_C_300ns,2.0,3,0.14421420627170137,0.00026342815121247067,0.14355981446691318,0.14486859807648955,0.3112663152041259,0.1442142062717014,1531098,10616832
umi,umi_normalized,tdl_C_300ns,4.0,3,0.09923139030550733,8.895097641141673e-05,0.0990104238304984,0.09945235678051625,0.2205706027186947,0.09923139030550733,1053523,10616832
umi,umi_normalized,tdl_C_300ns,6.0,3,0.06349200966917438,1.253966474416624e-05,0.06346085941508953,0.06352315992325924,0.14355668655516188,0.06349200966917438,674084,10616832
umi,umi_normalized,tdl_C_300ns,8.0,3,0.03861085868176119,5.6367141651125445e-05,0.03847083493947679,0.038750882424045584,0.08774496435567185,0.03861085868176119,409925,10616832
umi,umi_normalized,tdl_C_300ns,10.0,3,0.02302541850525656,3.406152578176882e-05,0.02294080498453913,0.023110032025973993,0.05230856420081339,0.023025418505256558,244457,10616832
umi,umi_normalized,tdl_C_300ns,12.0,3,0.01386882640697338,5.9232665655502735e-05,0.013721684308445514,0.014015968505501245,0.03143179789185524,0.01386882640697338,147243,10616832
umi,umi_normalized,tdl_C_300ns,14.0,3,0.008575156882957175,5.056742962921535e-05,0.008449540424024236,0.008700773341890114,0.019378228205037706,0.008575156882957177,91041,10616832
umi,umi_normalized,tdl_C_300ns,16.0,3,0.005482708966290509,7.314311191462685e-05,0.005301011403621776,0.005664406528959241,0.012338961164156595,0.00548270896629051,58209,10616832
umi,umi_normalized,tdl_C_300ns,18.0,3,0.0036328162676022378,7.431237268048373e-05,0.003448214100170061,0.0038174184350344147,0.008211621574850546,0.0036328162676022378,38569,10616832
umi,umi_normalized,tdl_C_300ns,20.0,3,0.0025646068431712963,7.15237509552342e-05,0.0023869319961308784,0.0027422816902117142,0.005836790970837076,0.0025646068431712963,27228,10616832
umi,umi_normalized,tdl_C_30ns,-10.0,3,0.3844685495635609,0.00010240833053563593,0.3842141531676704,0.38472294595945145,0.6519002612726187,0.38446854956356097,4081838,10616832
umi,umi_normalized,tdl_C_30ns,-8.0,3,0.35374243465470673,5.389342320165392e-05,0.35360855596971114,0.3538763133397023,0.6272156179687123,0.3537424346547068,3755624,10616832
umi,umi_normalized,tdl_C_30ns,-6.0,3,0.31690875394844714,2.0937540564625668e-05,0.3168567422143373,0.316960765682557,0.5904394693580675,0.31690875394844714,3364567,10616832
umi,umi_normalized,tdl_C_30ns,-4.0,3,0.27341960388937114,2.197759001465664e-05,0.2733650085292003,0.27347419924954197,0.5376198920938704,0.27341960388937114,2902850,10616832
umi,umi_normalized,tdl_C_30ns,-2.0,3,0.22383419083960263,0.0001411528734041681,0.22348354766364423,0.22418483401556102,0.46563329188912,0.22383419083960263,2376410,10616832
umi,umi_normalized,tdl_C_30ns,0.0,3,0.17008275161554784,0.0001668342545729269,0.1696683123521359,0.1704971908789598,0.37450275340198,0.17008275161554784,1805740,10616832
umi,umi_normalized,tdl_C_30ns,2.0,3,0.11618211534288196,0.00023981518888885786,0.11558638138829022,0.1167778492974737,0.27039821795475333,0.11618211534288195,1233486,10616832
umi,umi_normalized,tdl_C_30ns,4.0,3,0.06851865038459683,0.00016084928818427933,0.06811907860189503,0.06891822216729862,0.16754068305462966,0.06851865038459684,727451,10616832
umi,umi_normalized,tdl_C_30ns,6.0,3,0.03331935552903164,0.00016570429594523986,0.03290772323845955,0.03373098781960373,0.08467315486919734,0.03331935552903163,353746,10616832
umi,umi_normalized,tdl_C_30ns,8.0,3,0.013173044463734568,7.457515152031352e-05,0.012987789517476495,0.013358299409992641,0.03400939351154698,0.013173044463734568,139856,10616832
umi,umi_normalized,tdl_C_30ns,10.0,3,0.004658357596691744,4.453895091426137e-05,0.004547716709079669,0.004768998484303818,0.011867337975145123,0.004658357596691744,49457,10616832
umi,umi_normalized,tdl_C_30ns,12.0,3,0.0019313670970775463,5.714627983985205e-06,0.001917171174193371,0.0019455630199617217,0.004794126034449832,0.0019313670970775463,20505,10616832
umi,umi_normalized,tdl_C_30ns,14.0,3,0.0010314753026138118,9.955670589286044e-06,0.0010067440458562727,0.001056206559371351,0.0025603985059992006,0.0010314753026138116,10951,10616832
umi,umi_normalized,tdl_C_30ns,16.0,3,0.000644542552806713,1.22486915880518e-05,0.0006141151161120901,0.0006749699895013358,0.0016243339275127781,0.000644542552806713,6843,10616832
umi,umi_normalized,tdl_C_30ns,18.0,3,0.0004462724850501543,1.2950019488887974e-05,0.0004141028532686961,0.00047844211683161246,0.0011511975381712726,0.00044627248505015434,4738,10616832
umi,umi_normalized,tdl_C_30ns,20.0,3,0.00034096800250771607,8.919256215910818e-06,0.0003188113417801752,0.00036312466323525696,0.0008725471138045521,0.00034096800250771607,3620,10616832
umi,umi_normalized,tdl_D_100ns,-10.0,3,0.38306361068913963,0.00011347376697561795,0.38278172622529055,0.3833454951529887,0.651244612387669,0.38306361068913963,4066922,10616832
umi,umi_normalized,tdl_D_100ns,-8.0,3,0.3523362713095583,9.666598376087124e-05,0.35209613969384546,0.35257640292527115,0.6263926088074108,0.35233627130955825,3740695,10616832
umi,umi_normalized,tdl_D_100ns,-6.0,3,0.3153665801625193,0.00011632571055762165,0.3150776110780661,0.3156555492469725,0.5894124526300547,0.3153665801625193,3348194,10616832
umi,umi_normalized,tdl_D_100ns,-4.0,3,0.271665785047743,0.00015283911892916208,0.27128611162856614,0.2720454584669199,0.5362968338124546,0.2716657850477431,2884230,10616832
umi,umi_normalized,tdl_D_100ns,-2.0,3,0.22193984043451,0.00011209752420740716,0.22166137474722208,0.22221830612179794,0.4638268682691786,0.22193984043451004,2356298,10616832
umi,umi_normalized,tdl_D_100ns,0.0,3,0.1677220662434896,0.00012158498844975725,0.16742003238848746,0.16802410009849172,0.3719085867022291,0.1677220662434896,1780677,10616832
umi,umi_normalized,tdl_D_100ns,2.0,3,0.11358049180772568,0.00013834140217436705,0.113236832713475,0.11392415090197637,0.26673402370494087,0.1135804918077257,1205865,10616832
umi,umi_normalized,tdl_D_100ns,4.0,3,0.06564133255570022,0.00017860848808657086,0.06519764447478897,0.06608502063661147,0.16276702818311292,0.06564133255570023,696903,10616832
umi,umi_normalized,tdl_D_100ns,6.0,3,0.03052172248746142,0.00011842937906893575,0.030227527600726035,0.030815917374196804,0.07909274689945174,0.03052172248746142,324044,10616832
umi,umi_normalized,tdl_D_100ns,8.0,3,0.01045019832658179,3.7587497460890316e-05,0.010356825806645362,0.010543570846518219,0.02831508672255793,0.01045019832658179,110948,10616832
umi,umi_normalized,tdl_D_100ns,10.0,3,0.002513744212962963,2.419071307805315e-05,0.002453651150329379,0.0025738372755965467,0.007045385054094189,0.002513744212962963,26688,10616832
umi,umi_normalized,tdl_D_100ns,12.0,3,0.0004340277777777778,1.239449519374214e-05,0.0004032381448477368,0.0004648174107078188,0.001272507832546569,0.00043402777777777775,4608,10616832
umi,umi_normalized,tdl_D_100ns,14.0,3,6.612141927083333e-05,2.589798366380386e-06,5.968800348283647e-05,7.255483505883019e-05,0.00021346051240178906,6.612141927083333e-05,702,10616832
umi,umi_normalized,tdl_D_100ns,16.0,3,1.2527277440200617e-05,1.5562751338495615e-06,8.661275690200238e-06,1.6393279190200998e-05,4.79538487491448e-05,1.2527277440200617e-05,133,10616832
umi,umi_normalized,tdl_D_100ns,18.0,3,4.2385525173611105e-06,2.8257016782407406e-07,3.53660930722731e-06,4.940495727494911e-06,1.736104680860058e-05,4.238552517361111e-06,45,10616832
umi,umi_normalized,tdl_D_100ns,20.0,3,1.3186607831790123e-06,3.262839249163738e-07,5.081265805258527e-07,2.129194985832172e-06,9.20482843698496e-06,1.3186607831790123e-06,14,10616832
umi,umi_normalized,tdl_D_10ns,-10.0,3,0.381609504605517,8.553074271779467e-05,0.38139703446200973,0.3818219747490243,0.6505062727280605,0.38160950460551696,4051484,10616832
umi,umi_normalized,tdl_D_10ns,-8.0,3,0.3505814163773148,0.00016689805492827204,0.3501668186250341,0.3509960141295955,0.6253498012636914,0.3505814163773148,3722064,10616832
umi,umi_normalized,tdl_D_10ns,-6.0,3,0.3131731763298129,9.342025020911299e-05,0.3129411075632186,0.3134052450964072,0.5879142155617844,0.3131731763298129,3324907,10616832
umi,umi_normalized,tdl_D_10ns,-4.0,3,0.269044569980951,6.819568201797421e-05,0.2688751625154652,0.26921397744643677,0.5340743635171726,0.269044569980951,2856401,10616832
umi,umi_normalized,tdl_D_10ns,-2.0,3,0.21874199384524498,0.00016751533961096093,0.21832586267280507,0.2191581250176849,0.4604058398140802,0.21874199384524498,2322347,10616832
umi,umi_normalized,tdl_D_10ns,0.0,3,0.16390868763864777,7.217957971410317e-05,0.16372938362265493,0.1640879916546406,0.3666237618452237,0.16390868763864777,1740191,10616832
umi,umi_normalized,tdl_D_10ns,2.0,3,0.10887786488474151,0.00010327440324407575,0.10862131704497474,0.10913441272450827,0.2590115092418812,0.10887786488474151,1155938,10616832
umi,umi_normalized,tdl_D_10ns,4.0,3,0.06073384226104359,0.00018055113431887846,0.0602853283793659,0.061182356142721286,0.1528965735141142,0.06073384226104359,644801,10616832
umi,umi_normalized,tdl_D_10ns,6.0,3,0.026039406105324073,8.523929457131918e-05,0.0258276599591485,0.026251152251499647,0.06905035982713287,0.026039406105324073,276456,10616832
umi,umi_normalized,tdl_D_10ns,8.0,3,0.0075597880799093365,3.763632390073041e-05,0.007466294268372366,0.007653281891446307,0.021055550854883077,0.0075597880799093365,80261,10616832
umi,umi_normalized,tdl_D_10ns,10.0,3,0.001273072796103395,2.5790365646273373e-05,0.001209005976199248,0.0013371396160075423,0.0036907559979339074,0.001273072796103395,13516,10616832
umi,umi_normalized,tdl_D_10ns,12.0,3,0.00010539867259837963,1.8529365043080629e-06,0.00010079572315037603,0.00011000162204638323,0.0003504541901624359,0.00010539867259837963,1119,10616832
umi,umi_normalized,tdl_D_10ns,14.0,3,4.144362461419753e-06,1.7265322442535927e-06,-1.4458139724482685e-07,8.433306320084333e-06,2.8222800985396908e-05,4.144362461419753e-06,44,10616832
umi,umi_normalized,tdl_D_10ns,16.0,3,0.0,0.0,0.0,0.0,6.258107268764928e-06,0.0,0,10616832
umi,umi_normalized,tdl_D_10ns,18.0,3,0.0,0.0,0.0,0.0,3.6395928345657997e-06,0.0,0,10616832
umi,umi_normalized,tdl_D_10ns,20.0,3,0.0,0.0,0.0,0.0,3.0665395244773492e-06,0.0,0,10616832
umi,umi_normalized,tdl_D_300ns,-10.0,3,0.3847129727587288,0.00018364285714947827,0.38425677861177304,0.38516916690568453,0.6521284123997629,0.3847129727587288,4084433,10616832
umi,umi_normalized,tdl_D_300ns,-8.0,3,0.3541993506160783,9.336382324200172e-05,0.35396742202184095,0.3544312792103157,0.6276948142934728,0.3541993506160783,3760475,10616832
umi,umi_normalized,tdl_D_300ns,-6.0,3,0.3176100931049865,0.00010580218511841189,0.3173472659069384,0.3178729203030346,0.5913495601695261,0.3176100931049865,3372013,10616832
umi,umi_normalized,tdl_D_300ns,-4.0,3,0.2746077172550154,0.0001384237199771081,0.2742638536720066,0.27495158083802423,0.5392111473613316,0.2746077172550154,2915464,10616832
umi,umi_normalized,tdl_D_300ns,-2.0,3,0.22547507580415702,9.06360423042293e-05,0.22524992339341682,0.2257002282148972,0.46825028275266106,0.22547507580415702,2393831,10616832
umi,umi_normalized,tdl_D_300ns,0.0,3,0.1721928914388021,0.0001842715006133187,0.1717351356549105,0.1726506472226937,0.37852512759926876,0.1721928914388021,1828143,10616832
umi,umi_normalized,tdl_D_300ns,2.0,3,0.1189372686692226,7.857347790072436e-05,0.11874208132961869,0.11913245600882652,0.27608516646756065,0.1189372686692226,1262737,10616832
umi,umi_normalized,tdl_D_300ns,4.0,3,0.07153329731505594,0.0001607166942135319,0.07113405491403724,0.07193253971607463,0.1745117582656719,0.07153329731505594,759457,10616832
umi,umi_normalized,tdl_D_300ns,6.0,3,0.03577460771725501,8.700056624783618e-05,0.035558486329687,0.035990729104823024,0.0912063612062254,0.03577460771725501,379813,10616832
umi,umi_normalized,tdl_D_300ns,8.0,3,0.014367845323350696,0.00013223680057972714,0.014039350900137033,0.014696339746564358,0.0378030048062404,0.014367845323350694,152541,10616832
umi,umi_normalized,tdl_D_300ns,10.0,3,0.004575470347463349,8.785084856031614e-05,0.004357236741537193,0.004793703953389504,0.012357657395855143,0.004575470347463349,48577,10616832
umi,umi_normalized,tdl_D_300ns,12.0,3,0.0012763694480613427,4.600690118142087e-05,0.0011620819698315063,0.001390656926291179,0.003434547677314208,0.0012763694480613427,13551,10616832
umi,umi_normalized,tdl_D_300ns,14.0,3,0.00034953929759837964,1.4933505883929008e-05,0.000312442412462071,0.00038663618273468826,0.0009429165514985124,0.00034953929759837964,3711,10616832
umi,umi_normalized,tdl_D_300ns,16.0,3,0.00011933880087770061,3.6333440186273937e-06,0.00011031307398092638,0.00012836452777447485,0.00032057990253555165,0.00011933880087770061,1267,10616832
umi,umi_normalized,tdl_D_300ns,18.0,3,6.018744574652778e-05,8.477105034722226e-07,5.808161611612638e-05,6.229327537692918e-05,0.0001568764185063673,6.018744574652778e-05,639,10616832
umi,umi_normalized,tdl_D_300ns,20.0,3,4.144362461419753e-05,1.9847076327199547e-06,3.651333753677375e-05,4.637391169162131e-05,9.966684203593306e-05,4.144362461419753e-05,440,10616832
umi,umi_normalized,tdl_D_30ns,-10.0,3,0.3821159645363137,0.00010345811905502646,0.38185896032117267,0.3823729687514547,0.6507475111219618,0.38211596453631363,4056861,10616832
umi,umi_normalized,tdl_D_30ns,-8.0,3,0.351175473060137,9.721577388784108e-05,0.35093397569003615,0.3514169704302379,0.6256867720757001,0.35117547306013697,3728371,10616832
umi,umi_normalized,tdl_D_30ns,-6.0,3,0.31383815812475885,8.979968493295096e-05,0.3136150833409052,0.3140612329086125,0.588393501661442,0.31383815812475885,3331967,10616832
umi,umi_normalized,tdl_D_30ns,-4.0,3,0.26987363085334687,7.834399101798713e-05,0.26967901359076274,0.270068248115931,0.5347849634694465,0.2698736308533468,2865203,10616832
umi,umi_normalized,tdl_D_30ns,-2.0,3,0.21974719012225116,0.000143371157812259,0.21939103642233904,0.2201033438221633,0.4614965080479045,0.21974719012225116,2333019,10616832
umi,umi_normalized,tdl_D_30ns,0.0,3,0.16506279839409724,0.0001092465384918582,0.16479141494794122,0.16533418184025325,0.3683153729379913,0.1650627983940972,1752444,10616832
umi,umi_normalized,tdl_D_30ns,2.0,3,0.11040393217110339,0.00012949803687685663,0.11008224121408786,0.11072562312811893,0.26148438380088335,0.11040393217110339,1172140,10616832
umi,umi_normalized,tdl_D_30ns,4.0,3,0.06227611023702739,0.00019060595376843535,0.061802618799169276,0.06274960167488551,0.15604988752323903,0.06227611023702739,661175,10616832
umi,umi_normalized,tdl_D_30ns,6.0,3,0.027436244634934413,9.068360117323803e-05,0.027210974081414173,0.027661515188454652,0.07222454893736192,0.027436244634934413,291286,10616832
umi,umi_normalized,tdl_D_30ns,8.0,3,0.00841446864752122,6.089130328559372e-05,0.008263206264706162,0.008565731030336279,0.023283145608909334,0.008414468647521219,89335,10616832
umi,umi_normalized,tdl_D_30ns,10.0,3,0.0016185619212962963,2.4755146546448983e-05,0.0015570667281980437,0.001680057114394549,0.0046444252754251165,0.0016185619212962963,17184,10616832
umi,umi_normalized,tdl_D_30ns,12.0,3,0.00019016972294560184,8.649601612805385e-06,0.00016868292138680742,0.00021165652450439625,0.0005919367177728104,0.00019016972294560186,2019,10616832
umi,umi_normalized,tdl_D_30ns,14.0,3,2.0439242139274694e-05,2.436229028843549e-06,1.4387313734035953e-05,2.6491170544513435e-05,8.438102807382547e-05,2.043924213927469e-05,217,10616832
umi,umi_normalized,tdl_D_30ns,16.0,3,7.441014419367283e-06,1.6314196245818713e-07,7.035747318040703e-06,7.846281520693863e-06,3.007141333876428e-05,7.441014419367284e-06,79,10616832
umi,umi_normalized,tdl_D_30ns,18.0,3,3.861792293595679e-06,4.3163306106339835e-07,2.7895563289295343e-06,4.934028258261824e-06,1.5558444719890422e-05,3.861792293595679e-06,41,10616832
umi,umi_normalized,tdl_D_30ns,20.0,3,2.3547513985339505e-06,5.88216710822814e-07,8.935400844423068e-07,3.815962712625595e-06,8.488385277152342e-06,2.3547513985339505e-06,25,10616832
umi,umi_normalized,tdl_E_100ns,-10.0,3,0.3834635416666667,0.00011580310185711096,0.38317587081419496,0.3837512125191384,0.6513975556985832,0.3834635416666667,4071168,10616832
umi,umi_normalized,tdl_E_100ns,-8.0,3,0.3527346952461902,8.320495990392386e-05,0.3525280026674804,0.35294138782490003,0.6265984368912968,0.3527346952461902,3744925,10616832
umi,umi_normalized,tdl_E_100ns,-6.0,3,0.31580484649281443,0.00013450468608684882,0.3154707183296864,0.3161389746559425,0.5896821231753737,0.31580484649281443,3352847,10616832
umi,umi_normalized,tdl_E_100ns,-4.0,3,0.2721984298140914,0.00013978315228982416,0.27185118921400786,0.272545670414175,0.5366623055787735,0.2721984298140914,2889885,10616832
umi,umi_normalized,tdl_E_100ns,-2.0,3,0.22243471498842593,0.00011301287796251395,0.22215397543635526,0.2227154545404966,0.4643492098943687,0.22243471498842593,2361552,10616832
umi,umi_normalized,tdl_E_100ns,0.0,3,0.16849612012321566,5.37316913771383e-05,0.16836264320234456,0.16862959704408675,0.37269177628152167,0.16849612012321566,1788895,10616832
umi,umi_normalized,tdl_E_100ns,2.0,3,0.11436810905550733,0.00014902364170335647,0.11399791380719573,0.11473830430381893,0.26787491510679695,0.11436810905550733,1214227,10616832
umi,umi_normalized,tdl_E_100ns,4.0,3,0.06643573148750964,0.0001909167378023613,0.06596146801931262,0.06690999495570667,0.16428060792846444,0.06643573148750964,705337,10616832
umi,umi_normalized,tdl_E_100ns,6.0,3,0.031248398769048998,0.00012840640526259469,0.030929419575293896,0.0315673779628041,0.0808204201820456,0.031248398769048998,331759,10616832
umi,umi_normalized,tdl_E_100ns,8.0,3,0.011146827980324075,7.601452641951474e-05,0.010957997428597415,0.011335658532050735,0.029823659493783374,0.011146827980324073,118344,10616832
umi,umi_normalized,tdl_E_100ns,10.0,3,0.0028953081295814043,2.8491051789969017e-05,0.0028245324333798488,0.00296608382578296,0.007952230901997766,0.0028953081295814043,30739,10616832
umi,umi_normalized,tdl_E_100ns,12.0,3,0.000583507396556713,9.56991363631415e-06,0.0005597344131936572,0.0006072803799197687,0.0016647150156513593,0.000583507396556713,6195,10616832
umi,umi_normalized,tdl_E_100ns,14.0,3,0.00012395411361882717,2.194850629214258e-06,0.00011850180239893204,0.0001294064248387223,0.00036486284187520614,0.00012395411361882717,1316,10616832
umi,umi_normalized,tdl_E_100ns,16.0,3,3.4190990306712966e-05,4.3866686492524395e-06,2.3293901285742282e-05,4.508807932768365e-05,0.00010837410962177486,3.4190990306712966e-05,363,10616832
umi,umi_normalized,tdl_E_100ns,18.0,3,1.337498794367284e-05,1.1419937372073074e-06,1.0538118234386784e-05,1.6211857652958897e-05,4.302761683981244e-05,1.337498794367284e-05,142,10616832
umi,umi_normalized,tdl_E_100ns,20.0,3,5.839783468364197e-06,8.157098122909342e-07,3.813447961731299e-06,7.866118974997096e-06,2.0922835094299647e-05,5.839783468364197e-06,62,10616832
umi,umi_normalized,tdl_E_10ns,-10.0,3,0.3817591726044078,8.088140194963074e-05,0.3815582520636379,0.38196009314517765,0.6505243601622405,0.3817591726044078,4053073,10616832
umi,umi_normalized,tdl_E_10ns,-8.0,3,0.35066901312934023,7.57620102353903e-05,0.3504808098625894,0.3508572163960911,0.6253766976756814,0.3506690131293403,3722994,10616832
umi,umi_normalized,tdl_E_10ns,-6.0,3,0.31333160400390625,0.0001509752600728291,0.31295656066680394,0.31370664734100856,0.5879406031267143,0.31333160400390625,3326589,10616832
umi,umi_normalized,tdl_E_10ns,-4.0,3,0.2691488383728781,0.00017236093099393647,0.2687206700841476,0.26957700666160866,0.5340951085090637,0.26914883837287806,2857508,10616832
umi,umi_normalized,tdl_E_10ns,-2.0,3,0.21875216637128667,0.00018054450068291205,0.21830366896847425,0.21920066377409908,0.46041265350800975,0.21875216637128664,2322455,10616832
umi,umi_normalized,tdl_E_10ns,0.0,3,0.16394278443889854,7.639452283637108e-05,0.1637530099237424,0.16413255895405468,0.36660221844543645,0.16394278443889854,1740553,10616832
umi,umi_normalized,tdl_E_10ns,2.0,3,0.10886213514539929,0.00014518470621711725,0.1085014763415024,0.10922279394929618,0.25895184609625077,0.1088621351453993,1155771,10616832
umi,umi_normalized,tdl_E_10ns,4.0,3,0.06068486343195409,0.00013140160977464398,0.06035844373771592,0.06101128312619226,0.15280160473452675,0.06068486343195409,644281,10616832
umi,umi_normalized,tdl_E_10ns,6.0,3,0.026003425503954476,7.295583795861148e-05,0.02582219315558233,0.026184657852326623,0.06897626766636049,0.026003425503954476,276074,10616832
umi,umi_normalized,tdl_E_10ns,8.0,3,0.007605941207320602,3.3856575974641444e-05,0.007521836810148092,0.007690045604493112,0.021027158830820777,0.007605941207320602,80751,10616832
umi,umi_normalized,tdl_E_10ns,10.0,3,0.0012627118899498457,2.4627953015959185e-05,0.0012015326630973853,0.0013238911168023061,0.0036865195868835774,0.0012627118899498457,13406,10616832
umi,umi_normalized,tdl_E_10ns,12.0,3,0.0001050219123746142,1.4222386556122863e-06,0.00010148887569496576,0.00010855494905426263,0.00035819932972914597,0.0001050219123746142,1115,10616832
umi,umi_normalized,tdl_E_10ns,14.0,3,8.477105034722223e-06,1.0188212290061638e-06,5.946212798121011e-06,1.1007997271323434e-05,4.08299422108232e-05,8.477105034722223e-06,90,10616832
umi,umi_normalized,tdl_E_10ns,16.0,3,2.7315116222993826e-06,4.316330610633982e-07,1.6592756576332376e-06,3.8037475869655275e-06,1.1966810936069067e-05,2.7315116222993826e-06,29,10616832
umi,umi_normalized,tdl_E_10ns,18.0,3,3.767602237654321e-07,3.262839249163738e-07,-4.337739788877275e-07,1.1872944264185918e-06,5.044392995011021e-06,3.767602237654321e-07,4,10616832
umi,umi_normalized,tdl_E_10ns,20.0,3,9.419005594135802e-08,1.631419624581869e-07,-3.110770453852218e-07,4.994571572679379e-07,3.3979460840221436e-06,9.419005594135802e-08,1,10616832
umi,umi_normalized,tdl_E_300ns,-10.0,3,0.38491227891710067,0.00017767597819552566,0.38447090731917644,0.3853536505150249,0.6522325961678116,0.38491227891710067,4086549,10616832
umi,umi_normalized,tdl_E_300ns,-8.0,3,0.3545638661325714,0.0002038544176517466,0.35405746368595675,0.35507026857918605,0.6278184725914472,0.35456386613257135,3764345,10616832
umi,umi_normalized,tdl_E_300ns,-6.0,3,0.3180713418089313,0.00019985609544592988,0.31757487174529225,0.3185678118725704,0.591484601115003,0.3180713418089313,3376910,10616832
umi,umi_normalized,tdl_E_300ns,-4.0,3,0.27509157157238623,0.0002013268985655182,0.27459144783125106,0.2755916953135214,0.539361376453329,0.2750915715723862,2920601,10616832
umi,umi_normalized,tdl_E_300ns,-2.0,3,0.2262208726671007,0.00018225206294486155,0.22576813344447805,0.22667361188972335,0.46847041080027446,0.2262208726671007,2401749,10616832
umi,umi_normalized,tdl_E_300ns,0.0,3,0.17311887387876157,0.00017297333813688583,0.17268918428635224,0.1735485634711709,0.3789400381070596,0.17311887387876157,1837974,10616832
umi,umi_normalized,tdl_E_300ns,2.0,3,0.1199030935028453,0.00018353021224299152,0.1194471791813498,0.1203590078243408,0.27682468203114874,0.1199030935028453,1272991,10616832
umi,umi_normalized,tdl_E_300ns,4.0,3,0.0723423898955922,0.00014194175795668808,0.0719897870217666,0.07269499276941781,0.17557634909947714,0.0723423898955922,768047,10616832
umi,umi_normalized,tdl_E_300ns,6.0,3,0.03645748562282986,8.207824376234642e-05,0.036253591962177915,0.03666137928348181,0.09248194972306123,0.03645748562282986,387063,10616832
umi,umi_normalized,tdl_E_300ns,8.0,3,0.01487383430386767,7.625224609588297e-05,0.014684413223728095,0.015063255384007244,0.03901283307299938,0.01487383430386767,157913,10616832
umi,umi_normalized,tdl_E_300ns,10.0,3,0.004912953317901234,4.763326256334954e-05,0.0047946257340294625,0.005031280901773006,0.013238516452227844,0.004912953317901234,52160,10616832
umi,umi_normalized,tdl_E_300ns,12.0,3,0.0014228349850501545,3.113447989277479e-05,0.0013454926494098716,0.0015001773206904374,0.0038998013054722066,0.0014228349850501543,15106,10616832
umi,umi_normalized,tdl_E_300ns,14.0,3,0.0004052998107156636,1.3145841256694144e-05,0.00037264373069599826,0.000437955890735329,0.0011508985624481913,0.00040529981071566357,4303,10616832
umi,umi_normalized,tdl_E_300ns,16.0,3,0.00013422082971643518,7.866420552048881e-06,0.0001146795577658678,0.00015376210166700256,0.0003865896373840601,0.00013422082971643518,1425,10616832
umi,umi_normalized,tdl_E_300ns,18.0,3,4.8319498697916664e-05,5.391095204766991e-06,3.492727579161497e-05,6.171172160421836e-05,0.00014656520422395709,4.8319498697916664e-05,513,10616832
umi,umi_normalized,tdl_E_300ns,20.0,3,1.912058135609568e-05,2.2839874744146164e-06,1.3446841937523561e-05,2.4794320774667798e-05,6.666944090070894e-05,1.912058135609568e-05,203,10616832
umi,umi_normalized,tdl_E_30ns,-10.0,3,0.38209995222680365,0.00012148589453063451,0.381798164534743,0.3824017399188643,0.6507172194527991,0.38209995222680365,4056691,10616832
umi,umi_normalized,tdl_E_30ns,-8.0,3,0.3511371377073688,8.535973494890849e-05,0.35092509237070924,0.3513491830440284,0.6256472026860272,0.3511371377073688,3727964,10616832
umi,umi_normalized,tdl_E_30ns,-6.0,3,0.3139139811197917,0.00018098635793045522,0.31346438608272736,0.314363576156856,0.5883278180787593,0.3139139811197917,3332772,10616832
umi,umi_normalized,tdl_E_30ns,-4.0,3,0.26982399269386576,0.00015329451136942627,0.2694431880171543,0.27020479737057723,0.5346679330607991,0.26982399269386576,2864676,10616832
umi,umi_normalized,tdl_E_30ns,-2.0,3,0.21951133822217397,0.00013232653654911844,0.21918262088245463,0.21984005556189332,0.46129305973465057,0.219511338222174,2330515,10616832
umi,umi_normalized,tdl_E_30ns,0.0,3,0.16495928352261766,4.0210770760066776e-05,0.16485939443055028,0.16505917261468503,0.36796787528344144,0.16495928352261768,1751345,10616832
umi,umi_normalized,tdl_E_30ns,2.0,3,0.11005599410445603,0.00013489374199861568,0.10972089947286555,0.11039108873604651,0.26095387505160433,0.11005599410445602,1168446,10616832
umi,umi_normalized,tdl_E_30ns,4.0,3,0.06192751283998843,0.00013119657121906858,0.061601602489758545,0.062253423190218315,0.1553619939971853,0.06192751283998842,657474,10616832
umi,umi_normalized,tdl_E_30ns,6.0,3,0.027139922718942902,8.54756464362038e-05,0.026927589442186504,0.0273522559956993,0.07154077641022058,0.027139922718942902,288140,10616832
umi,umi_normalized,tdl_E_30ns,8.0,3,0.008304737232349537,5.3359394102404826e-05,0.00817218514917862,0.008437289315520454,0.022811843381251817,0.008304737232349537,88170,10616832
umi,umi_normalized,tdl_E_30ns,10.0,3,0.001539819034529321,2.7212451001828802e-05,0.0014722195587639779,0.0016074185102946642,0.004437713513012837,0.001539819034529321,16348,10616832
umi,umi_normalized,tdl_E_30ns,12.0,3,0.00016473840784143518,1.8529365043080618e-06,0.00016013545839343158,0.00016934135728943877,0.0005299383386348685,0.00016473840784143518,1749,10616832
umi,umi_normalized,tdl_E_30ns,14.0,3,1.5635549286265434e-05,1.6314196245818565e-07,1.5230282184938858e-05,1.6040816387592012e-05,6.746849160180442e-05,1.5635549286265434e-05,166,10616832
umi,umi_normalized,tdl_E_30ns,16.0,3,3.6734121817129628e-06,4.89425887374561e-07,2.4576108777332226e-06,4.889213485692703e-06,1.6778774806880392e-05,3.6734121817129628e-06,39,10616832
umi,umi_normalized,tdl_E_30ns,18.0,3,7.535204475308642e-07,1.631419624581869e-07,3.4825334620428436e-07,1.158787548857444e-06,6.424064187381134e-06,7.535204475308642e-07,8,10616832
umi,umi_normalized,tdl_E_30ns,20.0,3,2.8257016782407406e-07,0.0,2.8257016782407406e-07,2.8257016782407406e-07,4.050270396514805e-06,2.8257016782407406e-07,3,10616832
umi,umi_normalized,tdl_a,-10.0,3,0.38926157539273487,0.00021666745164575048,0.3887233436051726,0.38979980718029716,0.6542860988849475,0.38926157539273487,16530899,42467328
umi,umi_normalized,tdl_a,-8.0,3,0.358838516988872,0.000211376903170885,0.35831342765229246,0.3593636063254515,0.6301113795719029,0.35883851698887204,15238913,42467328
umi,umi_normalized,tdl_a,-6.0,3,0.322328284934715,0.00024549192009770953,0.3217184491980473,0.32293812067138267,0.5939501681261592,0.322328284934715,13688421,42467328
umi,umi_normalized,tdl_a,-4.0,3,0.27948951721191406,0.00029285311167794785,0.2787620297531641,0.280217004670664,0.5420951285847911,0.27948951721191406,11869173,42467328
umi,umi_normalized,tdl_a,-2.0,3,0.2308427316171152,0.00028176366540857696,0.2301427918700464,0.23154267136418397,0.4718660472167863,0.23084273161711516,9803274,42467328
umi,umi_normalized,tdl_a,0.0,3,0.1782830320758584,0.0002355110082270281,0.17769799029876732,0.1788680738529495,0.3837120053760799,0.1782830320758584,7571204,42467328
umi,umi_normalized,tdl_a,2.0,3,0.12576880278410735,0.00018943067324508846,0.12529823090491926,0.12623937466329543,0.2837993047763536,0.12576880278410735,5341065,42467328
umi,umi_normalized,tdl_a,4.0,3,0.07909508693365402,0.00015299426905743689,0.07871502810019247,0.07947514576711558,0.18528490554955268,0.07909508693365404,3358957,42467328
umi,umi_normalized,tdl_a,6.0,3,0.043809043036566846,0.00014598056956840316,0.043446407198505545,0.04417167887462815,0.10472531632784708,0.04380904303656684,1860453,42467328
umi,umi_normalized,tdl_a,8.0,3,0.02209811740451389,6.724991901413089e-05,0.02193105934457245,0.022265175464455333,0.05261432953224874,0.022098117404513888,938448,42467328
umi,umi_normalized,tdl_a,10.0,3,0.011256182635271991,3.1227839103113264e-05,0.011178608382496558,0.011333756888047424,0.026172298998399467,0.011256182635271991,478020,42467328
umi,umi_normalized,tdl_a,12.0,3,0.006327687958140433,6.464596757325549e-06,0.0063116290095436975,0.006343746906737168,0.014437404531898568,0.006327687958140432,268720,42467328
umi,umi_normalized,tdl_a,14.0,3,0.0039012579270351084,2.062863025366849e-05,0.0038500135686782896,0.003952502285391927,0.008846572666462398,0.003901257927035108,165676,42467328
umi,umi_normalized,tdl_a,16.0,3,0.002531969988787616,2.900966756439788e-05,0.0024599059795828446,0.002604033997992387,0.00578919231059916,0.002531969988787616,107526,42467328
umi,umi_normalized,tdl_a,18.0,3,0.001724737661856192,4.7938967947905944e-05,0.00160565066370993,0.0018438246600024541,0.003998946091508481,0.001724737661856192,73245,42467328
umi,umi_normalized,tdl_a,20.0,3,0.0012540228572892555,5.519196210416e-05,0.0011169184228356603,0.0013911272917428506,0.002936051825841972,0.0012540228572892555,53255,42467328
umi,umi_normalized,tdl_all,-10.0,3,0.3867996074535229,0.0001093463016502538,0.38652797618194285,0.3870712387251029,0.6530295235139353,0.3867996074535229,82131729,212336640
umi,umi_normalized,tdl_all,-8.0,3,0.356241273291317,0.00011331182230083315,0.35595979112034176,0.35652275546229223,0.6285772694113814,0.35624127329131705,75643075,212336640
umi,umi_normalized,tdl_all,-6.0,3,0.31953052473656923,0.0001417142934808683,0.3191784869158261,0.31988256255731234,0.5920906009681431,0.31953052473656923,67848038,212336640
umi,umi_normalized,tdl_all,-4.0,3,0.27632183027856144,0.0001769070487562463,0.2758823688072551,0.2767612917498678,0.5397408721255668,0.27632183027856144,58673249,212336640
umi,umi_normalized,tdl_all,-2.0,3,0.2271792988718292,0.00016691570397983817,0.22676465727687392,0.22759394046678447,0.46861460028607166,0.2271792988718292,48238489,212336640
umi,umi_normalized,tdl_all,0.0,3,0.17398065637659144,0.0001529531098115772,0.17360069978836473,0.17436061296481814,0.37893211462615445,0.17398065637659144,36942468,212336640
umi,umi_normalized,tdl_all,2.0,3,0.12078207981439283,0.00015902532167133936,0.12038703901569098,0.12117712061309469,0.27686536899871295,0.12078207981439285,25646461,212336640
umi,umi_normalized,tdl_all,4.0,3,0.07363130074960213,0.0001433096560614857,0.07327529982850843,0.07398730167069582,0.17612582731210155,0.07363130074960214,15634623,212336640
umi,umi_normalized,tdl_all,6.0,3,0.03841325265389902,0.00011263146135667246,0.038133460593202835,0.038693044714595205,0.09436086482931803,0.03841325265389901,8156541,212336640
umi,umi_normalized,tdl_all,8.0,3,0.017476413868091723,5.252472661518258e-05,0.017345935213902666,0.01760689252228078,0.04294423989054782,0.017476413868091723,3710883,212336640
umi,umi_normalized,tdl_all,10.0,3,0.007829868646315586,2.4404986571366918e-05,0.007769243298816613,0.007890493993814559,0.018693307940100812,0.007829868646315586,1662568,212336640
umi,umi_normalized,tdl_all,12.0,3,0.004024896503966532,4.653887200324129e-06,0.00401333560726554,0.004036457400667524,0.009327643865819685,0.004024896503966532,854633,212336640
umi,umi_normalized,tdl_all,14.0,3,0.0023799095624758874,8.068607122336732e-06,0.0023598660312412396,0.0023999530937105352,0.005445792869259543,0.0023799095624758874,505342,212336640
umi,umi_normalized,tdl_all,16.0,3,0.0015136436179832176,1.4903379910911933e-05,0.0014766215699125868,0.0015506656660538485,0.0034698334692806116,0.0015136436179832176,321402,212336640
umi,umi_normalized,tdl_all,18.0,3,0.0010146717966338734,1.9340221620552433e-05,0.0009666280227508433,0.0010627155705169036,0.0023461041989335566,0.0010146717966338734,215452,212336640
umi,umi_normalized,tdl_all,20.0,3,0.000725352911301601,2.2304509035618502e-05,0.0006699454392620613,0.0007807603833411406,0.0016919008970842804,0.0007253529113016011,154019,212336640
umi,umi_normalized,tdl_b,-10.0,3,0.38953114733283906,0.00018133039692953405,0.3890806976555228,0.38998159701015533,0.6542716236026199,0.389531147332839,16542347,42467328
umi,umi_normalized,tdl_b,-8.0,3,0.359216077828113,0.0001750524517812561,0.3587812234310925,0.3596509322251335,0.6300929218162725,0.35921607782811293,15254947,42467328
umi,umi_normalized,tdl_b,-6.0,3,0.32277408646948547,0.00018566172206998304,0.32231287718404555,0.3232352957549254,0.5939802715071926,0.3227740864694854,13707353,42467328
umi,umi_normalized,tdl_b,-4.0,3,0.280030968748493,0.00024223966618135845,0.2794292120584274,0.28063272543855855,0.5422696336919879,0.280030968748493,11892167,42467328
umi,umi_normalized,tdl_b,-2.0,3,0.23151425962094907,0.00024418343397949235,0.2309076743439931,0.23212084489790505,0.4723276969643287,0.23151425962094907,9831792,42467328
umi,umi_normalized,tdl_b,0.0,3,0.17914656650872876,0.00020338194349357432,0.1786413377529883,0.17965179526446923,0.3846592233504778,0.1791465665087288,7607876,42467328
umi,umi_normalized,tdl_b,2.0,3,0.12695757548014322,0.0001749177383736225,0.12652305572977887,0.12739209523050757,0.2854242483958786,0.12695757548014322,5391549,42467328
umi,umi_normalized,tdl_b,4.0,3,0.0805349232238016,0.00020622035814702645,0.08002264345517865,0.08104720299242454,0.1876344049786344,0.0805349232238016,3420103,42467328
umi,umi_normalized,tdl_b,6.0,3,0.045305723025475024,0.00016796986251113987,0.04488846275555789,0.04572298329539216,0.10753613927712043,0.04530572302547502,1924013,42467328
umi,umi_normalized,tdl_b,8.0,3,0.023439101230951002,9.924551419103062e-05,0.023192561706417737,0.023685640755484266,0.05536153579682664,0.023439101230951002,995396,42467328
umi,umi_normalized,tdl_b,10.0,3,0.012294157051745755,3.312783743661536e-05,0.01221186294145763,0.012376451162033881,0.028404157864573745,0.012294157051745757,522100,42467328
umi,umi_normalized,tdl_b,12.0,3,0.007050408257378473,9.108231981792403e-06,0.007027782154824281,0.007073034359932665,0.0160175100732257,0.007050408257378472,299412,42467328
umi,umi_normalized,tdl_b,14.0,3,0.004357114250277295,5.035645638221708e-06,0.004344605013043907,0.004369623487510683,0.009843829357404176,0.004357114250277296,185035,42467328
umi,umi_normalized,tdl_b,16.0,3,0.0028010003360701193,2.403926710310349e-05,0.002741283486094215,0.0028607171860460237,0.006358109813772674,0.0028010003360701198,118951,42467328
umi,umi_normalized,tdl_b,18.0,3,0.0018771842673972802,2.5650053090059333e-05,0.0018134660032054694,0.0019409025315890909,0.004282654772001102,0.0018771842673972802,79719,42467328
umi,umi_normalized,tdl_b,20.0,3,0.0013255366572627314,2.8714694392879148e-05,0.001254205402037312,0.0013968679124881508,0.0030549019238648085,0.0013255366572627314,56292,42467328
umi,umi_normalized,tdl_c,-10.0,3,0.389271065040871,7.740498381276677e-05,0.38907878040149707,0.38946334968024493,0.6542152600523866,0.38927106504087094,16531302,42467328
umi,umi_normalized,tdl_c,-8.0,3,0.35880246574496044,0.00010509208533702917,0.35854140253255845,0.35906352895736243,0.6300408440975495,0.35880246574496044,15237382,42467328
umi,umi_normalized,tdl_c,-6.0,3,0.3222728069917655,0.00014774604069562336,0.3219057854802979,0.32263982850323314,0.5938963463276993,0.3222728069917655,13686065,42467328
umi,umi_normalized,tdl_c,-4.0,3,0.27922503153483075,0.00018126467437552408,0.27877474512138944,0.27967531794827205,0.5420510904104622,0.27922503153483075,11857941,42467328
umi,umi_normalized,tdl_c,-2.0,3,0.23033370500729408,0.00018700793242950413,0.229869151549932,0.23079825846465615,0.4717530490439615,0.23033370500729408,9781657,42467328
umi,umi_normalized,tdl_c,0.0,3,0.17762280687873747,0.0002283390143776592,0.1770555813220367,0.17819003243543824,0.3833956551036717,0.17762280687873747,7543166,42467328
umi,umi_normalized,tdl_c,2.0,3,0.12493679847246335,0.00026092352740924413,0.12428862849811875,0.12558496844680794,0.2831231914460659,0.12493679847246335,5305732,42467328
umi,umi_normalized,tdl_c,4.0,3,0.07813272358458719,0.00016735744993348275,0.07771698463184942,0.07854846253732495,0.18414837522087277,0.07813272358458719,3318088,42467328
umi,umi_normalized,tdl_c,6.0,3,0.042796193817515434,0.00011621838969241437,0.04250749133287075,0.043084896302160114,0.10319451082865766,0.042796193817515434,1817440,42467328
umi,umi_normalized,tdl_c,8.0,3,0.0211639404296875,6.487351214301108e-05,0.02100278569167329,0.02132509516770171,0.05096226343080218,0.0211639404296875,898776,42467328
umi,umi_normalized,tdl_c,10.0,3,0.010451093132113232,2.0041120244240956e-05,0.010401308229526918,0.010500878034699545,0.024626781793173264,0.010451093132113233,443830,42467328
umi,umi_normalized,tdl_c,12.0,3,0.0056758692235122496,3.7309250669766754e-06,0.00566660109185331,0.005685137355171189,0.013157779622153254,0.0056758692235122496,241039,42467328
umi,umi_normalized,tdl_c,14.0,3,0.0033927729100356866,1.3129697673739961e-05,0.003360156932899242,0.0034253888871721315,0.007815302139657252,0.0033927729100356866,144082,42467328
umi,umi_normalized,tdl_c,16.0,3,0.002156716805917245,2.0852477044713424e-05,0.0021049163813051165,0.002208517230529374,0.004969722070870971,0.002156716805917245,91590,42467328
umi,umi_normalized,tdl_c,18.0,3,0.0014386589144483024,2.2615030470044524e-05,0.0013824800644031694,0.0014948377644934355,0.0033502959358793025,0.0014386589144483024,61096,42467328
umi,umi_normalized,tdl_c,20.0,3,0.0010295915014949845,2.7570720153049856e-05,0.0009611020358201028,0.0010980809671698663,0.0024146839637770976,0.0010295915014949845,43724,42467328
umi,umi_normalized,tdl_d,-10.0,3,0.3828755131474248,0.00011926488534910939,0.38257924274803035,0.38317178354681924,0.6511567021593635,0.3828755131474248,16259700,42467328
umi,umi_normalized,tdl_d,-8.0,3,0.35207312784077205,0.00010783940552951846,0.35180523990667334,0.35234101577487076,0.6262809991100687,0.3520731278407721,14951605,42467328
umi,umi_normalized,tdl_d,-6.0,3,0.3149970019305194,9.59939354136285e-05,0.3147585397754501,0.31523546408558867,0.5892674325057018,0.3149970019305194,13377081,42467328
umi,umi_normalized,tdl_d,-4.0,3,0.2712979257842641,0.00010531332565275147,0.2710363129804504,0.2715595385880778,0.5360918270401013,0.2712979257842641,11521298,42467328
umi,umi_normalized,tdl_d,-2.0,3,0.22147602505154082,0.00012573914077029642,0.2211636717100985,0.22178837839298315,0.463494874720956,0.2214760250515408,9405495,42467328
umi,umi_normalized,tdl_d,0.0,3,0.16722161092875917,0.00010956419895037908,0.1669494383702786,0.16749378348723976,0.3713432122711782,0.16722161092875917,7101455,42467328
umi,umi_normalized,tdl_d,2.0,3,0.11294988938319832,0.00011196462567791669,0.11267175383415934,0.1132280249322373,0.2658287708038165,0.1129498893831983,4796680,42467328
umi,umi_normalized,tdl_d,4.0,3,0.0650461455922068,0.0001766293028062737,0.06460737408008907,0.06548491710432452,0.16155631187153452,0.06504614559220678,2762336,42467328
umi,umi_normalized,tdl_d,6.0,3,0.029942995236243733,9.257478944051079e-05,0.029713026710628566,0.0301729637618589,0.07789350421754299,0.02994299523624373,1271599,42467328
umi,umi_normalized,tdl_d,8.0,3,0.01019807509434076,5.696738860523703e-05,0.010056560255961232,0.010339589932720288,0.027614196998147683,0.01019807509434076,433085,42467328
umi,umi_normalized,tdl_d,10.0,3,0.002495212319456501,3.9922245763155454e-05,0.002396039963214752,0.00259438467569825,0.006934555930827088,0.002495212319456501,105965,42467328
umi,umi_normalized,tdl_d,12.0,3,0.0005014914053457755,1.6462743865323053e-05,0.0004605956824695021,0.0005423871282220488,0.0014123616044490056,0.0005014914053457755,21297,42467328
umi,umi_normalized,tdl_d,14.0,3,0.00011006108036747685,4.41897192298986e-06,9.908374556599903e-05,0.00012103841516895466,0.0003172452232398809,0.00011006108036747685,4674,42467328
umi,umi_normalized,tdl_d,16.0,3,3.482677318431712e-05,1.2735265362577063e-06,3.16631578885656e-05,3.7990388480068644e-05,0.00010121581797305641,3.482677318431713e-05,1479,42467328
umi,umi_normalized,tdl_d,18.0,3,1.707194763937114e-05,2.854984343018267e-07,1.6362730212049627e-05,1.7781165066692656e-05,4.8358875717356025e-05,1.707194763937114e-05,725,42467328
umi,umi_normalized,tdl_d,20.0,3,1.1279259198977623e-05,2.854984343018274e-07,1.0570041771656108e-05,1.1988476626299138e-05,3.010664881863693e-05,1.1279259198977623e-05,479,42467328
umi,umi_normalized,tdl_e,-10.0,3,0.3830587363537447,0.00010809214614132525,0.38279022057716094,0.3833272521303285,0.6512179328703586,0.3830587363537447,16267481,42467328
umi,umi_normalized,tdl_e,-8.0,3,0.3522761780538677,0.00010607349543254898,0.3520126768836366,0.3525396792240988,0.6263602024611131,0.3522761780538677,14960228,42467328
umi,umi_normalized,tdl_e,-6.0,3,0.3152804433563609,0.0001662760126680228,0.31486739084271725,0.31569349587000456,0.5893587863739626,0.3152804433563609,13389118,42467328
umi,umi_normalized,tdl_e,-4.0,3,0.2715657081133054,0.0001586339008604879,0.27117163965780094,0.2719597765688098,0.5361966809004913,0.2715657081133054,11532670,42467328
umi,umi_normalized,tdl_e,-2.0,3,0.2217297730622468,0.00013064961426404823,0.22140522142841565,0.22205432469607797,0.46363133348432584,0.2217297730622468,9416271,42467328
umi,umi_normalized,tdl_e,0.0,3,0.16762926549087334,6.500213077567009e-05,0.1674677912464633,0.16779073973528338,0.3715504770293648,0.16762926549087337,7118767,42467328
umi,umi_normalized,tdl_e,2.0,3,0.11329733295205198,0.00014322998515041836,0.112941529944473,0.11365313595963096,0.2661513295714502,0.113297332952052,4811435,42467328
umi,umi_normalized,tdl_e,4.0,3,0.06534762441376109,0.00014785511595348215,0.06498033194433202,0.06571491688319016,0.1620051389399134,0.06534762441376109,2775139,42467328
umi,umi_normalized,tdl_e,6.0,3,0.03021230815369406,9.007936123921923e-05,0.029988538615380922,0.0304360776920072,0.07845485349542197,0.030212308153694058,1283036,42467328
umi,umi_normalized,tdl_e,8.0,3,0.01048283518096547,5.8691851493134924e-05,0.01033703653929344,0.010628633822637498,0.028168873694713836,0.010482835180965471,445178,42467328
umi,umi_normalized,tdl_e,10.0,3,0.002652698092990452,3.1676465557898906e-05,0.0025740093903201555,0.0027313867956607484,0.007328745113530506,0.0026526980929904515,112653,42467328
umi,umi_normalized,tdl_e,12.0,3,0.0005690256754557291,1.0168355314401057e-05,0.0005437660805517986,0.0005942852703596596,0.0016131634973718951,0.0005690256754557291,24165,42467328
umi,umi_normalized,tdl_e,14.0,3,0.00013834164466386962,3.042007082354548e-06,0.0001307848801508969,0.00014589840917684233,0.00040601495953400624,0.0001383416446638696,5875,42467328
umi,umi_normalized,tdl_e,16.0,3,4.370418595679012e-05,1.6375260200701758e-06,3.963634581620839e-05,4.777202609737185e-05,0.0001309273331871961,4.370418595679012e-05,1856,42467328
umi,umi_normalized,tdl_e,18.0,3,1.570619182822145e-05,1.2016155876040111e-06,1.2721213231915036e-05,1.8691170424527864e-05,5.0265319561540425e-05,1.570619182822145e-05,667,42467328
umi,umi_normalized,tdl_e,20.0,3,6.334281262056327e-06,7.781375669247807e-07,4.401280387056138e-06,8.267282137056516e-06,2.3760123118886386e-05,6.334281262056327e-06,269,42467328
umi,umi_normalized,uma,-10.0,3,0.40169412118417247,0.00032460892952664505,0.4008877479007341,0.4025004944676108,0.6601566503077377,0.40169412118417247,4264719,10616832
umi,umi_normalized,uma,-8.0,3,0.3720854770990066,0.0002836425119425404,0.37138087003840803,0.37279008415960513,0.637506976539706,0.3720854770990066,3950369,10616832
umi,umi_normalized,uma,-6.0,3,0.336576767909674,0.00025869361880500864,0.33593413733538713,0.3372193984839609,0.6034717913027162,0.336576767909674,3573379,10616832
umi,umi_normalized,uma,-4.0,3,0.2953678649148823,0.0002740045389724574,0.29468719990640446,0.29604852992336017,0.5550173738120514,0.2953678649148823,3135871,10616832
umi,umi_normalized,uma,-2.0,3,0.24914013897931134,0.000296101583235097,0.2484045818698604,0.24987569608876228,0.4903037930712288,0.24914013897931134,2645079,10616832
umi,umi_normalized,uma,0.0,3,0.19943755349995176,0.0004036452619470239,0.1984348430825421,0.20044026391736142,0.4103446746314014,0.19943755349995176,2117395,10616832
umi,umi_normalized,uma,2.0,3,0.14990677068262925,0.00046256022993447683,0.14875770737144992,0.1510558339938086,0.32078058557745853,0.14990677068262925,1591535,10616832
umi,umi_normalized,uma,4.0,3,0.10536806083019869,0.0005198907402898648,0.10407658063620627,0.1066595410241911,0.2321817663348751,0.10536806083019869,1118675,10616832
umi,umi_normalized,uma,6.0,3,0.06978673110773534,0.0003897233050368814,0.06881860474850883,0.07075485746696185,0.15667480865010508,0.06978673110773534,740914,10616832
umi,umi_normalized,uma,8.0,3,0.04464307243441359,0.00037836054024876977,0.04370317274770804,0.045582972121119135,0.10171459780799018,0.04464307243441358,473968,10616832
umi,umi_normalized,uma,10.0,3,0.028680966224199456,0.00027810680712568977,0.027990110616698073,0.02937182183170084,0.06655445598341801,0.02868096622419946,304501,10616832
umi,umi_normalized,uma,12.0,3,0.01897844856168017,0.00019917094799738362,0.0184836804986562,0.01947321662470414,0.0452587133112513,0.01897844856168017,201491,10616832
umi,umi_normalized,uma,14.0,3,0.013047018168885031,0.0001326101325945559,0.012717596337534295,0.013376440000235768,0.032274420787062906,0.013047018168885031,138518,10616832
umi,umi_normalized,uma,16.0,3,0.009353072554976851,6.56706687721364e-05,0.009189937570117988,0.009516207539835715,0.024242848548808215,0.009353072554976851,99300,10616832
umi,umi_normalized,uma,18.0,3,0.007079418794608411,4.440069684117971e-05,0.0069691213491530945,0.007189716240063727,0.019258744008609174,0.007079418794608411,75161,10616832
umi,umi_normalized,uma,20.0,3,0.005708199960214121,6.127213363405125e-05,0.005555991542368644,0.005860408378059598,0.016127586232521283,0.005708199960214121,60603,10616832
umi,umi_normalized,uma_normalized,-10.0,3,0.40169412118417247,0.00032460892952664505,0.4008877479007341,0.4025004944676108,0.6601566503077377,0.40169412118417247,4264719,10616832
umi,umi_normalized,uma_normalized,-8.0,3,0.3720854770990066,0.0002836425119425404,0.37138087003840803,0.37279008415960513,0.637506976539706,0.3720854770990066,3950369,10616832
umi,umi_normalized,uma_normalized,-6.0,3,0.336576767909674,0.00025869361880500864,0.33593413733538713,0.3372193984839609,0.6034717913027162,0.336576767909674,3573379,10616832
umi,umi_normalized,uma_normalized,-4.0,3,0.2953678649148823,0.0002740045389724574,0.29468719990640446,0.29604852992336017,0.5550173738120514,0.2953678649148823,3135871,10616832
umi,umi_normalized,uma_normalized,-2.0,3,0.24914013897931134,0.000296101583235097,0.2484045818698604,0.24987569608876228,0.4903037930712288,0.24914013897931134,2645079,10616832
umi,umi_normalized,uma_normalized,0.0,3,0.19943755349995176,0.0004036452619470239,0.1984348430825421,0.20044026391736142,0.4103446746314014,0.19943755349995176,2117395,10616832
umi,umi_normalized,uma_normalized,2.0,3,0.14990677068262925,0.00046256022993447683,0.14875770737144992,0.1510558339938086,0.32078058557745853,0.14990677068262925,1591535,10616832
umi,umi_normalized,uma_normalized,4.0,3,0.10536806083019869,0.0005198907402898648,0.10407658063620627,0.1066595410241911,0.2321817663348751,0.10536806083019869,1118675,10616832
umi,umi_normalized,uma_normalized,6.0,3,0.06978673110773534,0.0003897233050368814,0.06881860474850883,0.07075485746696185,0.15667480865010508,0.06978673110773534,740914,10616832
umi,umi_normalized,uma_normalized,8.0,3,0.04464307243441359,0.00037836054024876977,0.04370317274770804,0.045582972121119135,0.10171459780799018,0.04464307243441358,473968,10616832
umi,umi_normalized,uma_normalized,10.0,3,0.028680966224199456,0.00027810680712568977,0.027990110616698073,0.02937182183170084,0.06655445598341801,0.02868096622419946,304501,10616832
umi,umi_normalized,uma_normalized,12.0,3,0.01897844856168017,0.00019917094799738362,0.0184836804986562,0.01947321662470414,0.0452587133112513,0.01897844856168017,201491,10616832
umi,umi_normalized,uma_normalized,14.0,3,0.013047018168885031,0.0001326101325945559,0.012717596337534295,0.013376440000235768,0.032274420787062906,0.013047018168885031,138518,10616832
umi,umi_normalized,uma_normalized,16.0,3,0.009353072554976851,6.56706687721364e-05,0.009189937570117988,0.009516207539835715,0.024242848548808215,0.009353072554976851,99300,10616832
umi,umi_normalized,uma_normalized,18.0,3,0.007079418794608411,4.440069684117971e-05,0.0069691213491530945,0.007189716240063727,0.019258744008609174,0.007079418794608411,75161,10616832
umi,umi_normalized,uma_normalized,20.0,3,0.005708199960214121,6.127213363405125e-05,0.005555991542368644,0.005860408378059598,0.016127586232521283,0.005708199960214121,60603,10616832
umi,umi_normalized,umi,-10.0,3,0.3907928466796875,0.00014409942693002542,0.39043488385899555,0.39115080950037945,0.6548870794567061,0.3907928466796875,4148982,10616832
umi,umi_normalized,umi,-8.0,3,0.3603577790436921,0.00025473712383502735,0.3597249769477669,0.3609905811396173,0.6307850251963109,0.36035777904369215,3825858,10616832
umi,umi_normalized,umi,-6.0,3,0.32386864556206596,0.00021648692535928597,0.32333086222665985,0.32440642889747207,0.5947619367528845,0.32386864556206596,3438459,10616832
umi,umi_normalized,umi,-4.0,3,0.2811501585407022,0.00018076924519085517,0.28070110284158206,0.2815992142398223,0.5432184986126276,0.28115015854070213,2984924,10616832
umi,umi_normalized,umi,-2.0,3,0.23280004807460455,0.0002720454227013036,0.23212424978073778,0.23347584636847132,0.4736106484024613,0.23280004807460455,2471599,10616832
umi,umi_normalized,umi,0.0,3,0.1806635915497203,0.00027277467846165994,0.17998598168411764,0.18134120141532298,0.386487000518375,0.18066359154972028,1918075,10616832
umi,umi_normalized,umi,2.0,3,0.1286748250325521,0.00025981477977816275,0.12802940934001078,0.1293202407250934,0.28800353610221247,0.1286748250325521,1366119,10616832
umi,umi_normalized,umi,4.0,3,0.08256285867573303,0.00024233787163359404,0.08196085802980006,0.083164859321666,0.19094895709443974,0.08256285867573303,876556,10616832
umi,umi_normalized,umi,6.0,3,0.04725194860387732,0.00012684001686038483,0.04693686053462354,0.0475670366731311,0.11106715884841518,0.04725194860387732,501666,10616832
umi,umi_normalized,umi,8.0,3,0.025009437843605323,5.5446430704313303e-05,0.024871701274105606,0.02514717441310504,0.058398228552606374,0.025009437843605323,265521,10616832
umi,umi_normalized,umi,10.0,3,0.013434045108748072,1.700437056386952e-05,0.013391803910564198,0.013476286306931946,0.03061985737287704,0.013434045108748072,142627,10616832
umi,umi_normalized,umi,12.0,3,0.007842735007957175,1.638176025462487e-05,0.007802040459522278,0.007883429556392072,0.017531324580403757,0.007842735007957177,83265,10616832
umi,umi_normalized,umi,14.0,3,0.004898165479118441,2.6761249785930407e-05,0.004831686849309141,0.004964644108927742,0.01089867218799981,0.004898165479118441,52003,10616832
umi,umi_normalized,umi,16.0,3,0.003190970715181327,3.6998712416964e-05,0.003099060818376685,0.003282880611985969,0.0071098541231526995,0.0031909707151813274,33878,10616832
umi,umi_normalized,umi,18.0,3,0.002148098415798611,5.9513731749485046e-05,0.0020002581103871625,0.0022959387212100595,0.0048131368117246,0.002148098415798611,22806,10616832
umi,umi_normalized,umi,20.0,3,0.0015149528597608024,4.1694502569631653e-05,0.0014113779735510142,0.0016185277459705907,0.003430980066179562,0.0015149528597608024,16084,10616832
umi,umi_normalized,umi_normalized,-10.0,3,0.3907928466796875,0.00014409942693002542,0.39043488385899555,0.39115080950037945,0.6548870794567061,0.3907928466796875,4148982,10616832
umi,umi_normalized,umi_normalized,-8.0,3,0.3603577790436921,0.00025473712383502735,0.3597249769477669,0.3609905811396173,0.6307850251963109,0.36035777904369215,3825858,10616832
umi,umi_normalized,umi_normalized,-6.0,3,0.32386864556206596,0.00021648692535928597,0.32333086222665985,0.32440642889747207,0.5947619367528845,0.32386864556206596,3438459,10616832
umi,umi_normalized,umi_normalized,-4.0,3,0.2811501585407022,0.00018076924519085517,0.28070110284158206,0.2815992142398223,0.5432184986126276,0.28115015854070213,2984924,10616832
umi,umi_normalized,umi_normalized,-2.0,3,0.23280004807460455,0.0002720454227013036,0.23212424978073778,0.23347584636847132,0.4736106484024613,0.23280004807460455,2471599,10616832
umi,umi_normalized,umi_normalized,0.0,3,0.1806635915497203,0.00027277467846165994,0.17998598168411764,0.18134120141532298,0.386487000518375,0.18066359154972028,1918075,10616832
umi,umi_normalized,umi_normalized,2.0,3,0.1286748250325521,0.00025981477977816275,0.12802940934001078,0.1293202407250934,0.28800353610221247,0.1286748250325521,1366119,10616832
umi,umi_normalized,umi_normalized,4.0,3,0.08256285867573303,0.00024233787163359404,0.08196085802980006,0.083164859321666,0.19094895709443974,0.08256285867573303,876556,10616832
umi,umi_normalized,umi_normalized,6.0,3,0.04725194860387732,0.00012684001686038483,0.04693686053462354,0.0475670366731311,0.11106715884841518,0.04725194860387732,501666,10616832
umi,umi_normalized,umi_normalized,8.0,3,0.025009437843605323,5.5446430704313303e-05,0.024871701274105606,0.02514717441310504,0.058398228552606374,0.025009437843605323,265521,10616832
umi,umi_normalized,umi_normalized,10.0,3,0.013434045108748072,1.700437056386952e-05,0.013391803910564198,0.013476286306931946,0.03061985737287704,0.013434045108748072,142627,10616832
umi,umi_normalized,umi_normalized,12.0,3,0.007842735007957175,1.638176025462487e-05,0.007802040459522278,0.007883429556392072,0.017531324580403757,0.007842735007957177,83265,10616832
umi,umi_normalized,umi_normalized,14.0,3,0.004898165479118441,2.6761249785930407e-05,0.004831686849309141,0.004964644108927742,0.01089867218799981,0.004898165479118441,52003,10616832
umi,umi_normalized,umi_normalized,16.0,3,0.003190970715181327,3.6998712416964e-05,0.003099060818376685,0.003282880611985969,0.0071098541231526995,0.0031909707151813274,33878,10616832
umi,umi_normalized,umi_normalized,18.0,3,0.002148098415798611,5.9513731749485046e-05,0.0020002581103871625,0.0022959387212100595,0.0048131368117246,0.002148098415798611,22806,10616832
umi,umi_normalized,umi_normalized,20.0,3,0.0015149528597608024,4.1694502569631653e-05,0.0014113779735510142,0.0016185277459705907,0.003430980066179562,0.0015149528597608024,16084,10616832
umi,umi_normalized,urban_all,-10.0,3,0.39624348393193,0.00019421427104529247,0.3957610289370481,0.39672593892681185,0.657521864882222,0.39624348393193,8413701,21233664
umi,umi_normalized,urban_all,-8.0,3,0.36622162807134934,0.00026903196623362824,0.3655533156183369,0.36688994052436175,0.6341460008680084,0.36622162807134934,7776227,21233664
umi,umi_normalized,urban_all,-6.0,3,0.33022270673587,0.00023610446803598887,0.329636190722887,0.330809222748853,0.5991168640278004,0.33022270673587,7011838,21233664
umi,umi_normalized,urban_all,-4.0,3,0.2882590117277923,0.00021893932482134007,0.287715136294398,0.28880288716118657,0.5491179362123395,0.2882590117277922,6120795,21233664
umi,umi_normalized,urban_all,-2.0,3,0.24097009352695795,0.0002493729892919685,0.24035061667994256,0.24158957037397333,0.48195722073684505,0.24097009352695795,5116678,21233664
umi,umi_normalized,urban_all,0.0,3,0.19005057252483604,0.0003082950064884161,0.18928472527284504,0.19081641977682703,0.39841583757488813,0.19005057252483604,4035470,21233664
umi,umi_normalized,urban_all,2.0,3,0.13929079785759066,0.0003253598344055957,0.1384825592230245,0.14009903649215683,0.30439206083983555,0.13929079785759066,2957654,21233664
umi,umi_normalized,urban_all,4.0,3,0.09396545975296584,0.00034371524975578834,0.0931116237389117,0.09481929576701999,0.21156536171465745,0.09396545975296586,1995231,21233664
umi,umi_normalized,urban_all,6.0,3,0.058519339855806325,0.00025040884297660365,0.05789728980558898,0.05914138990602367,0.13387098374926013,0.058519339855806325,1242580,21233664
umi,umi_normalized,urban_all,8.0,3,0.03482625513900945,0.0002159119157747749,0.0342899002065969,0.035362610071422,0.08005641318029827,0.03482625513900945,739489,21233664
umi,umi_normalized,urban_all,10.0,3,0.021057505666473766,0.00013647483367451992,0.020718483385425288,0.021396527947522243,0.048587156678147524,0.021057505666473766,447128,21233664
umi,umi_normalized,urban_all,12.0,3,0.013410591784818673,0.0001001547162782649,0.013161793677092824,0.013659389892544522,0.03139501894582753,0.013410591784818673,284756,21233664
umi,umi_normalized,urban_all,14.0,3,0.008972591824001737,5.8789366851917146e-05,0.008826550940749472,0.009118632707254002,0.02158654648753136,0.008972591824001737,190521,21233664
umi,umi_normalized,urban_all,16.0,3,0.006272021635079089,2.2580138322009785e-05,0.006215929461934736,0.006328113808223442,0.01567635133598046,0.006272021635079089,133178,21233664
umi,umi_normalized,urban_all,18.0,3,0.0046137586052035105,1.9497512213273694e-05,0.004565324099827383,0.004662193110579638,0.012035940410166887,0.0046137586052035105,97967,21233664
umi,umi_normalized,urban_all,20.0,3,0.003611576409987461,2.6454036405289124e-05,0.0035458609405225948,0.0036772918794523274,0.009779283149350422,0.0036115764099874615,76687,21233664
umi_uma_mix,umi_uma_mix_normalized,in_domain,-10.0,3,0.3962520081319927,0.0003199615681969113,0.3954571795340941,0.3970468367298913,0.6575608591974517,0.3962520081319927,8413882,21233664
umi_uma_mix,umi_uma_mix_normalized,in_domain,-8.0,3,0.3659141446337288,0.00041195012442464925,0.36489080379424677,0.3669374854732108,0.6340106618993077,0.3659141446337288,7769698,21233664
umi_uma_mix,umi_uma_mix_normalized,in_domain,-6.0,3,0.3297018828215423,0.00031848606962317657,0.32891071956529444,0.3304930460777901,0.5986761548268942,0.3297018828215422,7000779,21233664
umi_uma_mix,umi_uma_mix_normalized,in_domain,-4.0,3,0.2875178301775897,0.00027559548830085917,0.2868332130318875,0.28820244732329187,0.5482097632355161,0.2875178301775897,6105057,21233664
umi_uma_mix,umi_uma_mix_normalized,in_domain,-2.0,3,0.23997083122347607,0.0002512845811111847,0.2393466057191329,0.24059505672781922,0.48040042008146827,0.23997083122347607,5095460,21233664
umi_uma_mix,umi_uma_mix_normalized,in_domain,0.0,3,0.18879869249131945,0.00017643248865251206,0.1883604098926633,0.18923697508997558,0.39604099757141537,0.18879869249131945,4008888,21233664
umi_uma_mix,umi_uma_mix_normalized,in_domain,2.0,3,0.13774918921199844,0.00019368800615242565,0.13726804153158337,0.1382303368924135,0.30113244029106917,0.13774918921199847,2924920,21233664
umi_uma_mix,umi_uma_mix_normalized,in_domain,4.0,3,0.09223504714023921,0.00015879087925325393,0.09184058872878938,0.09262950555168904,0.20757393207814956,0.0922350471402392,1958488,21233664
umi_uma_mix,umi_uma_mix_normalized,in_domain,6.0,3,0.05676034056110146,0.00011660088864479397,0.05647068789638444,0.05704999322581849,0.12943129613995552,0.05676034056110146,1205230,21233664
umi_uma_mix,umi_uma_mix_normalized,in_domain,8.0,3,0.033155088071469906,0.00010542139697179337,0.03289320680361702,0.03341696933932279,0.07543416089021866,0.033155088071469906,704004,21233664
umi_uma_mix,umi_uma_mix_normalized,in_domain,10.0,3,0.019543965657552082,4.6364762037683286e-05,0.01942878920367361,0.019659142111430553,0.044007157699929335,0.019543965657552082,414990,21233664
umi_uma_mix,umi_uma_mix_normalized,in_domain,12.0,3,0.01206682935173129,2.317994121386301e-05,0.012009247185603611,0.012124411517858967,0.026930036701629925,0.01206682935173129,256223,21233664
umi_uma_mix,umi_uma_mix_normalized,in_domain,14.0,3,0.007705453001422647,2.949250689052387e-05,0.007632189552839085,0.007778716450006209,0.017194735587655028,0.007705453001422647,163615,21233664
umi_uma_mix,umi_uma_mix_normalized,in_domain,16.0,3,0.005036153911072531,3.877505571893953e-05,0.00493983133288227,0.005132476489262791,0.011323326533907496,0.005036153911072531,106936,21233664
umi_uma_mix,umi_uma_mix_normalized,in_domain,18.0,3,0.0033966347023292823,4.0074188470305995e-05,0.0032970848994786613,0.0034961845051799034,0.00768215525004277,0.0033966347023292823,72123,21233664
umi_uma_mix,umi_uma_mix_normalized,in_domain,20.0,3,0.002341470600646219,4.4066755009610686e-05,0.0022320027126882655,0.0024509384886041725,0.005395843627478893,0.002341470600646219,49718,21233664
umi_uma_mix,umi_uma_mix_normalized,tdl_A_100ns,-10.0,3,0.39139594560788,0.0002548686320144689,0.39076281682752684,0.39202907438823315,0.6552946449797831,0.39139594560788,4155385,10616832
umi_uma_mix,umi_uma_mix_normalized,tdl_A_100ns,-8.0,3,0.3610024157865548,0.00019808336720346433,0.3605103494239957,0.3614944821491139,0.6312520136067897,0.3610024157865548,3832702,10616832
umi_uma_mix,umi_uma_mix_normalized,tdl_A_100ns,-6.0,3,0.32476872573664156,0.0002090000086237194,0.3242495409334437,0.3252879105398394,0.5953193799948987,0.3247687257366416,3448015,10616832
umi_uma_mix,umi_uma_mix_normalized,tdl_A_100ns,-4.0,3,0.2823146302023052,0.00035671977771258847,0.2814284891499288,0.28320077125468157,0.5439259380470087,0.2823146302023052,2997287,10616832
umi_uma_mix,umi_uma_mix_normalized,tdl_A_100ns,-2.0,3,0.23423022988401812,0.00023752326816294704,0.23364018937613418,0.23482027039190206,0.4745820164680481,0.23423022988401812,2486783,10616832
umi_uma_mix,umi_uma_mix_normalized,tdl_A_100ns,0.0,3,0.18230965696735146,0.0003013614924501146,0.1815610335190586,0.18305828041564431,0.3879388486161644,0.18230965696735146,1935551,10616832
umi_uma_mix,umi_uma_mix_normalized,tdl_A_100ns,2.0,3,0.13047046425901812,0.0002816140753953058,0.12977089611414264,0.1311700324038936,0.29020201479211266,0.13047046425901812,1385183,10616832
umi_uma_mix,umi_uma_mix_normalized,tdl_A_100ns,4.0,3,0.08424236156322339,0.0001684642011447898,0.08382387328806398,0.08466084983838279,0.19406108852521875,0.08424236156322339,894387,10616832
umi_uma_mix,umi_uma_mix_normalized,tdl_A_100ns,6.0,3,0.04895217330367477,0.0001468745261291765,0.0485873167544081,0.04931702985294144,0.1147491400256569,0.04895217330367477,519717,10616832
umi_uma_mix,umi_uma_mix_normalized,tdl_A_100ns,8.0,3,0.026317549340518904,8.676438056584992e-05,0.02610201467071051,0.026533084010327296,0.06160198391219716,0.026317549340518904,279409,10616832
umi_uma_mix,umi_uma_mix_normalized,tdl_A_100ns,10.0,3,0.014111177420910495,2.2921881153523966e-05,0.014054236311510626,0.014168118530310364,0.03249047721885604,0.014111177420910493,149816,10616832
umi_uma_mix,umi_uma_mix_normalized,tdl_A_100ns,12.0,3,0.008046468098958334,2.4943120310141977e-05,0.007984505953144854,0.008108430244771814,0.018225156909061804,0.008046468098958334,85428,10616832
umi_uma_mix,umi_uma_mix_normalized,tdl_A_100ns,14.0,3,0.004942528995466821,1.810287788860635e-05,0.004897558953810831,0.00498749903712281,0.011091214432208627,0.004942528995466821,52474,10616832
umi_uma_mix,umi_uma_mix_normalized,tdl_A_100ns,16.0,3,0.003196998878761574,1.8938526385403033e-05,0.0031499529711608463,0.0032440447863623014,0.007188920957829665,0.003196998878761574,33942,10616832
umi_uma_mix,umi_uma_mix_normalized,tdl_A_100ns,18.0,3,0.0021445191936728396,2.7241776878937624e-05,0.0020768468683902376,0.0022121915189554416,0.00488210587049432,0.0021445191936728396,22768,10616832
umi_uma_mix,umi_uma_mix_normalized,tdl_A_100ns,20.0,3,0.001501672061873071,3.072790880899969e-05,0.001425339704794539,0.001578004418951603,0.003441103438007427,0.001501672061873071,15943,10616832
umi_uma_mix,umi_uma_mix_normalized,tdl_A_10ns,-10.0,3,0.38394749017409335,0.00024039736257310316,0.3833503100198977,0.384544670328289,0.6523788909853241,0.38394749017409335,4076306,10616832
umi_uma_mix,umi_uma_mix_normalized,tdl_A_10ns,-8.0,3,0.35263711434823497,0.00025915659172026434,0.35199333368546976,0.3532808950110002,0.6275108750955558,0.35263711434823497,3743889,10616832
umi_uma_mix,umi_uma_mix_normalized,tdl_A_10ns,-6.0,3,0.3153227817865066,0.0003342149751332836,0.3144925457629151,0.3161530178100981,0.590416842036777,0.3153227817865066,3347729,10616832
umi_uma_mix,umi_uma_mix_normalized,tdl_A_10ns,-4.0,3,0.27143445427035107,0.0003208715003375313,0.2706373652757067,0.27223154326499543,0.5370582551867874,0.27143445427035107,2881774,10616832
umi_uma_mix,umi_uma_mix_normalized,tdl_A_10ns,-2.0,3,0.22150628360701197,0.00034195127413007216,0.22065682955133242,0.2223557376626915,0.46410950282473623,0.22150628360701197,2351695,10616832
umi_uma_mix,umi_uma_mix_normalized,tdl_A_10ns,0.0,3,0.16705312846619405,0.0002987190810924997,0.16631106913160487,0.16779518780078323,0.371325926648246,0.16705312846619405,1773575,10616832
umi_uma_mix,umi_uma_mix_normalized,tdl_A_10ns,2.0,3,0.11252396195023147,0.00029187898064401085,0.11179889436711916,0.11324902953334377,0.26493329527201476,0.11252396195023148,1194648,10616832
umi_uma_mix,umi_uma_mix_normalized,tdl_A_10ns,4.0,3,0.06439114794319058,0.00022625319992357202,0.06382910383683511,0.06495319204954604,0.15989003505235835,0.06439114794319059,683630,10616832
umi_uma_mix,umi_uma_mix_normalized,tdl_A_10ns,6.0,3,0.02932268307532793,0.0001372349761531153,0.028981772495682,0.029663593654973862,0.07619951637806716,0.029322683075327934,311314,10616832
umi_uma_mix,umi_uma_mix_normalized,tdl_A_10ns,8.0,3,0.010048854498215664,6.939116369804881e-05,0.009876477291604619,0.01022123170482671,0.027017976122873804,0.010048854498215664,106687,10616832
umi_uma_mix,umi_uma_mix_normalized,tdl_A_10ns,10.0,3,0.002959168987509645,3.393823388317264e-05,0.0028748617408470823,0.003043476234172208,0.007931274620609151,0.002959168987509645,31417,10616832
umi_uma_mix,umi_uma_mix_normalized,tdl_A_10ns,12.0,3,0.0011999813126929012,2.652600014787656e-05,0.001134087075381188,0.0012658755500046144,0.0032364738088986483,0.0011999813126929012,12740,10616832
umi_uma_mix,umi_uma_mix_normalized,tdl_A_10ns,14.0,3,0.0007608672718942901,1.4915672696430706e-05,0.0007238146868515684,0.0007979198569370118,0.0021894183114960063,0.0007608672718942901,8078,10616832
umi_uma_mix,umi_uma_mix_normalized,tdl_A_10ns,16.0,3,0.0005664589964313273,8.388733693144002e-06,0.0005456202267095739,0.0005872977661530806,0.0017916286454204022,0.0005664589964313271,6014,10616832
umi_uma_mix,umi_uma_mix_normalized,tdl_A_10ns,18.0,3,0.0004555031105324074,9.160679048579096e-06,0.00043274672224173513,0.00047825949882307966,0.0015350303517916025,0.0004555031105324074,4836,10616832
umi_uma_mix,umi_uma_mix_normalized,tdl_A_10ns,20.0,3,0.0003895700713734568,7.326872452006177e-06,0.0003713691112055591,0.00040777103154135446,0.0013110798275102963,0.0003895700713734568,4136,10616832
umi_uma_mix,umi_uma_mix_normalized,tdl_A_300ns,-10.0,3,0.39911811734423225,0.00033171190301265407,0.39829409929649107,0.39994213539197343,0.6590027257248207,0.39911811734423225,4237370,10616832
umi_uma_mix,umi_uma_mix_normalized,tdl_A_300ns,-8.0,3,0.36917961968315977,0.00025994197851860276,0.36853388801143044,0.3698253513548891,0.6357234296975313,0.3691796196831597,3919518,10616832
umi_uma_mix,umi_uma_mix_normalized,tdl_A_300ns,-6.0,3,0.33319666356216243,0.0003608772118177606,0.3323001948709409,0.33409313225338394,0.6006747005898275,0.33319666356216243,3537493,10616832
umi_uma_mix,umi_uma_mix_normalized,tdl_A_300ns,-4.0,3,0.29132136592158564,0.00030715728178584126,0.290558344934434,0.2920843869087373,0.5506433594374008,0.29132136592158564,3092910,10616832
umi_uma_mix,umi_uma_mix_normalized,tdl_A_300ns,-2.0,3,0.2441622887128665,0.00021585278466373708,0.2436260806702768,0.24469849675545619,0.48371202967785026,0.24416228871286652,2592230,10616832
umi_uma_mix,umi_uma_mix_normalized,tdl_A_300ns,0.0,3,0.19371513084129052,0.0001818066209610516,0.19326349815789828,0.19416676352468276,0.4011171607323634,0.19371513084129052,2056641,10616832
umi_uma_mix,umi_uma_mix_normalized,tdl_A_300ns,2.0,3,0.14364567509403936,0.00012727802269593862,0.14332949895797148,0.14396185123010724,0.3090095637757101,0.14364567509403936,1525062,10616832
umi_uma_mix,umi_uma_mix_normalized,tdl_A_300ns,4.0,3,0.09850669201509453,0.00016406315304248512,0.0980991365494977,0.09891424748069136,0.21849657595157623,0.09850669201509452,1045829,10616832
umi_uma_mix,umi_uma_mix_normalized,tdl_A_300ns,6.0,3,0.06302115357952354,0.00012430272067249522,0.06271236850341622,0.06332993865563086,0.1419935766377567,0.06302115357952354,669085,10616832
umi_uma_mix,umi_uma_mix_normalized,tdl_A_300ns,8.0,3,0.03832659309293017,0.00012007780409798513,0.03802830329141498,0.03862488289444536,0.08671349323826072,0.03832659309293017,406907,10616832
umi_uma_mix,umi_uma_mix_normalized,tdl_A_300ns,10.0,3,0.022896189748505016,8.443427988591911e-05,0.022686443369668033,0.023105936127342,0.0517125514416415,0.022896189748505016,243085,10616832
umi_uma_mix,umi_uma_mix_normalized,tdl_A_300ns,12.0,3,0.013876361611448687,8.603801474102985e-05,0.013662631334378327,0.014090091888519047,0.03121203923436963,0.013876361611448689,147323,10616832
umi_uma_mix,umi_uma_mix_normalized,tdl_A_300ns,14.0,3,0.008626490463445215,8.16976441931524e-05,0.008423542264536212,0.008829438662354219,0.01930887265889733,0.008626490463445217,91586,10616832
umi_uma_mix,umi_uma_mix_normalized,tdl_A_300ns,16.0,3,0.005515581295814043,6.105695561075247e-05,0.005363907409811002,0.0056672551818170835,0.012299794631860692,0.005515581295814043,58558,10616832
umi_uma_mix,umi_uma_mix_normalized,tdl_A_300ns,18.0,3,0.0035876992308063274,6.372589015687538e-05,0.003429395343846821,0.003746003117765834,0.00809657269295443,0.0035876992308063274,38090,10616832
umi_uma_mix,umi_uma_mix_normalized,tdl_A_300ns,20.0,3,0.0024288789725597994,7.661578023415959e-05,0.0022385548235577903,0.0026192031215618084,0.0055267482832143154,0.0024288789725597994,25787,10616832
umi_uma_mix,umi_uma_mix_normalized,tdl_A_30ns,-10.0,3,0.38533538064838924,0.0001763895092827012,0.3848972048164065,0.385773556480372,0.6529366491753378,0.3853353806483893,4091041,10616832
umi_uma_mix,umi_uma_mix_normalized,tdl_A_30ns,-8.0,3,0.35428807764877507,0.0002367946998239446,0.3536998470049777,0.35487630829257244,0.6282522030818609,0.35428807764877507,3761417,10616832
umi_uma_mix,umi_uma_mix_normalized,tdl_A_30ns,-6.0,3,0.31724651948905286,0.00030209438189156154,0.3164960754424599,0.3179969635356458,0.5914363092110481,0.31724651948905286,3368153,10616832
umi_uma_mix,umi_uma_mix_normalized,tdl_A_30ns,-4.0,3,0.27373871979890047,0.000327455911990419,0.2729252742189589,0.27455216537884203,0.5385553262851857,0.27373871979890047,2906238,10616832
umi_uma_mix,umi_uma_mix_normalized,tdl_A_30ns,-2.0,3,0.22426219045380016,0.00021777459976480263,0.22372120835784273,0.2248031725497576,0.466472531174436,0.22426219045380016,2380954,10616832
umi_uma_mix,umi_uma_mix_normalized,tdl_A_30ns,0.0,3,0.1703124811619888,0.0003379994375958202,0.16947284401247503,0.17115211831150257,0.3751218513942059,0.1703124811619888,1808179,10616832
umi_uma_mix,umi_uma_mix_normalized,tdl_A_30ns,2.0,3,0.11635674370659722,0.0002631459625983211,0.11570305289718731,0.11701043451600714,0.27068033041777434,0.11635674370659722,1235340,10616832
umi_uma_mix,umi_uma_mix_normalized,tdl_A_30ns,4.0,3,0.0685174259138696,0.0002473546900125996,0.06790296280020788,0.06913188902753131,0.16748488225318767,0.0685174259138696,727438,10616832
umi_uma_mix,umi_uma_mix_normalized,tdl_A_30ns,6.0,3,0.033219325689621916,0.0001483346257884139,0.03285084205172869,0.03358780932751514,0.08435621462118477,0.033219325689621916,352684,10616832
umi_uma_mix,umi_uma_mix_normalized,tdl_A_30ns,8.0,3,0.012991257655767747,0.00011059737650099116,0.012716518541970652,0.013265996769564841,0.033665340554751,0.012991257655767747,137926,10616832
umi_uma_mix,umi_uma_mix_normalized,tdl_A_30ns,10.0,3,0.004669001073013118,4.785068062590612e-05,0.0045501333927329135,0.0047878687532933225,0.011939070015041917,0.004669001073013117,49570,10616832
umi_uma_mix,umi_uma_mix_normalized,tdl_A_30ns,12.0,3,0.0020805641456886573,1.6113933907270954e-05,0.002040534914783448,0.002120593376593867,0.005178264918576144,0.0020805641456886573,22089,10616832
umi_uma_mix,umi_uma_mix_normalized,tdl_A_30ns,14.0,3,0.0012010174033082561,1.783851243182158e-05,0.0011567040818531746,0.0012453307247633377,0.003085942736274942,0.0012010174033082561,12751,10616832
umi_uma_mix,umi_uma_mix_normalized,tdl_A_30ns,16.0,3,0.0008046656479070215,1.0634303425123613e-05,0.0007782485737294828,0.0008310827220845602,0.0021972872008192983,0.0008046656479070216,8543,10616832
umi_uma_mix,umi_uma_mix_normalized,tdl_A_30ns,18.0,3,0.0005781385633680555,1.2248691588051864e-05,0.0005477111266734326,0.0006085660000626784,0.0016918507089715683,0.0005781385633680555,6138,10616832
umi_uma_mix,umi_uma_mix_normalized,tdl_A_30ns,20.0,3,0.00044683762538580245,1.2713564267428101e-05,0.0004152553809371351,0.0004784198698344698,0.0013452872550136997,0.00044683762538580245,4744,10616832
umi_uma_mix,umi_uma_mix_normalized,tdl_B_100ns,-10.0,3,0.3917656415774498,0.00040645558629656805,0.3907559499273409,0.3927753332275587,0.6555715747821478,0.39176564157744986,4159310,10616832
umi_uma_mix,umi_uma_mix_normalized,tdl_B_100ns,-8.0,3,0.36127292962721835,0.0003487306653821566,0.36040663463006617,0.36213922462437054,0.6315652544115796,0.36127292962721835,3835574,10616832
umi_uma_mix,umi_uma_mix_normalized,tdl_B_100ns,-6.0,3,0.32506740240403165,0.00023251461580909758,0.3244898040783454,0.3256450007297179,0.5956854849685858,0.32506740240403165,3451186,10616832
umi_uma_mix,umi_uma_mix_normalized,tdl_B_100ns,-4.0,3,0.28261763961226855,0.0002460177007415166,0.28200649776407544,0.28322878146046165,0.544376191533642,0.28261763961226855,3000504,10616832
umi_uma_mix,umi_uma_mix_normalized,tdl_B_100ns,-2.0,3,0.23451204653139468,0.00024555786555507296,0.23390204697712946,0.2351220460856599,0.47518007402066836,0.23451204653139468,2489775,10616832
umi_uma_mix,umi_uma_mix_normalized,tdl_B_100ns,0.0,3,0.18262378080391586,0.0002400935934742259,0.18202735525399447,0.18322020635383726,0.3887372513612111,0.1826237808039159,1938886,10616832
umi_uma_mix,umi_uma_mix_normalized,tdl_B_100ns,2.0,3,0.13097513457875193,0.00026294764812816103,0.13032193640979614,0.13162833274770772,0.2912654666988938,0.13097513457875193,1390541,10616832
umi_uma_mix,umi_uma_mix_normalized,tdl_B_100ns,4.0,3,0.08480599485797646,0.00019799970786409384,0.08431413631673722,0.08529785339921571,0.1953213823798262,0.08480599485797646,900371,10616832
umi_uma_mix,umi_uma_mix_normalized,tdl_B_100ns,6.0,3,0.04934626449773341,0.00013857706978775413,0.04900201997267685,0.04969050902278997,0.11595158978008929,0.04934626449773341,523901,10616832
umi_uma_mix,umi_uma_mix_normalized,tdl_B_100ns,8.0,3,0.02649688720703125,0.00011396689284821844,0.026213777750605335,0.026779996663457165,0.06241315276718434,0.02649688720703125,281313,10616832
umi_uma_mix,umi_uma_mix_normalized,tdl_B_100ns,10.0,3,0.014030739113136575,4.806933006289214e-05,0.01391132827754428,0.01415014994872887,0.03278155164954103,0.014030739113136573,148962,10616832
umi_uma_mix,umi_uma_mix_normalized,tdl_B_100ns,12.0,3,0.007866094141830633,2.333614474489894e-05,0.007808123944620785,0.007924064339040481,0.018126421332083368,0.007866094141830633,83513,10616832
umi_uma_mix,umi_uma_mix_normalized,tdl_B_100ns,14.0,3,0.004679173599054784,1.0039528912105556e-05,0.004654234026675077,0.004704113171434491,0.01072649981389627,0.004679173599054784,49678,10616832
umi_uma_mix,umi_uma_mix_normalized,tdl_B_100ns,16.0,3,0.0029227174358603396,2.4085412118977474e-05,0.002862885955310289,0.00298254891641039,0.006711589500170063,0.0029227174358603396,31030,10616832
umi_uma_mix,umi_uma_mix_normalized,tdl_B_100ns,18.0,3,0.0019014146592881943,7.26485648384511e-06,0.001883367755325542,0.0019194615632508465,0.004380362354115479,0.0019014146592881945,20187,10616832
umi_uma_mix,umi_uma_mix_normalized,tdl_B_100ns,20.0,3,0.0012612990391107253,2.191756255062539e-05,0.0012068527954270224,0.0013157452827944282,0.0029613949555363276,0.0012612990391107253,13391,10616832
umi_uma_mix,umi_uma_mix_normalized,tdl_B_10ns,-10.0,3,0.3841096854504244,0.0003364002693923467,0.3832740208549525,0.3849453500458963,0.6524913855540899,0.3841096854504244,4078028,10616832
umi_uma_mix,umi_uma_mix_normalized,tdl_B_10ns,-8.0,3,0.35278960804880405,0.0003597710112645487,0.35189588731209365,0.35368332878551445,0.6276162906929299,0.352789608048804,3745508,10616832
umi_uma_mix,umi_uma_mix_normalized,tdl_B_10ns,-6.0,3,0.3154789488992573,0.00036196039963268706,0.3145797894203357,0.3163781083781789,0.5905117650090913,0.3154789488992573,3349387,10616832
umi_uma_mix,umi_uma_mix_normalized,tdl_B_10ns,-4.0,3,0.2715176240897473,0.0004315112308538514,0.2704456907680991,0.27258955741139546,0.5371253034214915,0.2715176240897473,2882657,10616832
umi_uma_mix,umi_uma_mix_normalized,tdl_B_10ns,-2.0,3,0.2213812934027778,0.00040641449461145923,0.22037170383007354,0.22239088297548204,0.4641306484922951,0.2213812934027778,2350368,10616832
umi_uma_mix,umi_uma_mix_normalized,tdl_B_10ns,0.0,3,0.16689394727165316,0.00025211915807253713,0.16626764856320686,0.16752024598009946,0.3712681458320147,0.16689394727165316,1771885,10616832
umi_uma_mix,umi_uma_mix_normalized,tdl_B_10ns,2.0,3,0.11223366819782021,0.00032271397736378883,0.11143200223651173,0.1130353341591287,0.2648016188615634,0.11223366819782021,1191566,10616832
umi_uma_mix,umi_uma_mix_normalized,tdl_B_10ns,4.0,3,0.06411875030140818,0.00025573651348314685,0.06348346558396925,0.0647540350188471,0.1596971398886339,0.06411875030140818,680738,10616832
umi_uma_mix,umi_uma_mix_normalized,tdl_B_10ns,6.0,3,0.029123000156732252,0.00017235050759312567,0.028694857761164757,0.029551142552299747,0.07596396355901236,0.029123000156732252,309194,10616832
umi_uma_mix,umi_uma_mix_normalized,tdl_B_10ns,8.0,3,0.009949578179253472,8.592595942693642e-05,0.009736126263014663,0.01016303009549228,0.026706851076012773,0.009949578179253472,105633,10616832
umi_uma_mix,umi_uma_mix_normalized,tdl_B_10ns,10.0,3,0.0028135511610243055,5.177823650635932e-05,0.0026849268910660935,0.0029421754309825175,0.007549211334000216,0.0028135511610243055,29871,10616832
umi_uma_mix,umi_uma_mix_normalized,tdl_B_10ns,12.0,3,0.0010679268542631174,3.125350391347827e-05,0.0009902888465643897,0.001145564861961845,0.002878084564639002,0.0010679268542631174,11338,10616832
umi_uma_mix,umi_uma_mix_normalized,tdl_B_10ns,14.0,3,0.0006567872600790895,2.050597774680546e-05,0.0006058475874400213,0.0007077269327181577,0.001838509471938632,0.0006567872600790895,6973,10616832
umi_uma_mix,umi_uma_mix_normalized,tdl_B_10ns,16.0,3,0.0004770726333429784,2.3250448524010124e-05,0.00041931531734720295,0.0005348299493387539,0.0014092987686227492,0.0004770726333429784,5065,10616832
umi_uma_mix,umi_uma_mix_normalized,tdl_B_10ns,18.0,3,0.00036564579716435184,1.7206643956658628e-05,0.00032290212401734773,0.00040838947031135594,0.0011191042932004178,0.00036564579716435184,3882,10616832
umi_uma_mix,umi_uma_mix_normalized,tdl_B_10ns,20.0,3,0.00028869252146026235,1.698792797769005e-05,0.0002464921689247969,0.0003308928739957278,0.0008888759022688139,0.00028869252146026235,3065,10616832
umi_uma_mix,umi_uma_mix_normalized,tdl_B_300ns,-10.0,3,0.39961638274016203,0.0004049761891267585,0.3986103661163535,0.4006223993639706,0.658606688917419,0.39961638274016203,4242660,10616832
umi_uma_mix,umi_uma_mix_normalized,tdl_B_300ns,-8.0,3,0.36991185317804787,0.0003149086159650101,0.36912957680934466,0.37069412954675107,0.6353306593718352,0.36991185317804787,3927292,10616832
umi_uma_mix,umi_uma_mix_normalized,tdl_B_300ns,-6.0,3,0.3345689184871721,0.00032528776850632645,0.333760858874224,0.3353769781001201,0.600465714931488,0.3345689184871721,3552062,10616832
umi_uma_mix,umi_uma_mix_normalized,tdl_B_300ns,-4.0,3,0.29334277871214315,0.00020136695100675614,0.29284255547522825,0.29384300194905805,0.5509760788193455,0.29334277871214315,3114371,10616832
umi_uma_mix,umi_uma_mix_normalized,tdl_B_300ns,-2.0,3,0.24691348605685767,0.00018945418383946167,0.24644285577411548,0.24738411633959986,0.4851559338010388,0.24691348605685765,2621439,10616832
umi_uma_mix,umi_uma_mix_normalized,tdl_B_300ns,0.0,3,0.19738939073350695,0.00019459854757307356,0.19690598114281066,0.19787280032420324,0.40440209669831356,0.19738939073350695,2095650,10616832
umi_uma_mix,umi_uma_mix_normalized,tdl_B_300ns,2.0,3,0.14832230556158374,0.00022228671606184044,0.14777011474737262,0.14887449637579486,0.31483612457911175,0.1483223055615837,1574713,10616832
umi_uma_mix,umi_uma_mix_normalized,tdl_B_300ns,4.0,3,0.10426462432484568,0.0002127894706647792,0.10373602597608403,0.10479322267360733,0.22708955149591706,0.10426462432484568,1106960,10616832
umi_uma_mix,umi_uma_mix_normalized,tdl_B_300ns,6.0,3,0.06891839298201197,0.00017637479695668392,0.06848025369747308,0.06935653226655085,0.15249220695760515,0.06891839298201197,731695,10616832
umi_uma_mix,umi_uma_mix_normalized,tdl_B_300ns,8.0,3,0.04376682234399113,7.479591954693777e-05,0.04358101897955255,0.04395262570842971,0.09744718348906363,0.043766822343991124,464665,10616832
umi_uma_mix,umi_uma_mix_normalized,tdl_B_300ns,10.0,3,0.02734845950279707,2.1307989141283855e-05,0.02729552752340765,0.02740139148218649,0.06098541488618026,0.027348459502797066,290354,10616832
umi_uma_mix,umi_uma_mix_normalized,tdl_B_300ns,12.0,3,0.01723273006486304,8.791580947947378e-05,0.01701433508706781,0.01745112504265827,0.03822924346191647,0.01723273006486304,182957,10616832
umi_uma_mix,umi_uma_mix_normalized,tdl_B_300ns,14.0,3,0.010935842255015432,2.6515462706634665e-05,0.010869974194158895,0.011001710315871969,0.02426923793039204,0.010935842255015432,116104,10616832
umi_uma_mix,umi_uma_mix_normalized,tdl_B_300ns,16.0,3,0.007018006878134645,4.9636997730567704e-05,0.006894701740169439,0.007141312016099851,0.015672478249963418,0.007018006878134645,74509,10616832
umi_uma_mix,umi_uma_mix_normalized,tdl_B_300ns,18.0,3,0.00459496768904321,7.268390967724695e-05,0.004414410847969716,0.004775524530116704,0.010327853595860947,0.00459496768904321,48784,10616832
umi_uma_mix,umi_uma_mix_normalized,tdl_B_300ns,20.0,3,0.0030624954788773147,8.290389136870823e-05,0.002856550795869709,0.0032684401618849205,0.007006150285172978,0.0030624954788773147,32514,10616832
umi_uma_mix,umi_uma_mix_normalized,tdl_B_30ns,-10.0,3,0.3855468373239776,0.0002741161238174458,0.38486589512337827,0.38622777952457693,0.6531143239986749,0.3855468373239776,4093286,10616832
umi_uma_mix,umi_uma_mix_normalized,tdl_B_30ns,-8.0,3,0.35450462058738424,0.00029686131132347496,0.3537671762087382,0.3552420649660303,0.6284408039516873,0.35450462058738424,3763716,10616832
umi_uma_mix,umi_uma_mix_normalized,tdl_B_30ns,-6.0,3,0.31743668921199847,0.000287727527223941,0.3167219344108859,0.318151444013111,0.5916279620594449,0.31743668921199847,3370172,10616832
umi_uma_mix,umi_uma_mix_normalized,tdl_B_30ns,-4.0,3,0.2738585295500579,0.0003504659593385501,0.27298792384374754,0.2747291352563683,0.5387288633687997,0.27385852955005785,2907510,10616832
umi_uma_mix,umi_uma_mix_normalized,tdl_B_30ns,-2.0,3,0.22421076268325615,0.0002846459801175107,0.22350366286952153,0.22491786249699078,0.46660461837862743,0.22421076268325618,2380408,10616832
umi_uma_mix,umi_uma_mix_normalized,tdl_B_30ns,0.0,3,0.1702805507330247,0.0003002784153813784,0.16953461779732312,0.17102648366872628,0.3751826172257647,0.1702805507330247,1807840,10616832
umi_uma_mix,umi_uma_mix_normalized,tdl_B_30ns,2.0,3,0.11627008885513117,0.00031031458208970707,0.11549922469922709,0.11704095301103525,0.27068364417847296,0.11627008885513117,1234420,10616832
umi_uma_mix,umi_uma_mix_normalized,tdl_B_30ns,4.0,3,0.06845469533661265,0.00029147305710554,0.0677306361234704,0.0691787545497549,0.1674525654978222,0.06845469533661265,726772,10616832
umi_uma_mix,umi_uma_mix_normalized,tdl_B_30ns,6.0,3,0.03308030116705247,0.0001440720885972786,0.032722406258543876,0.03343819607556106,0.08426772646697951,0.03308030116705247,351208,10616832
umi_uma_mix,umi_uma_mix_normalized,tdl_B_30ns,8.0,3,0.012909406497154706,0.00010479747488134157,0.012649075137695967,0.013169737856613446,0.03343540841690552,0.012909406497154706,137057,10616832
umi_uma_mix,umi_uma_mix_normalized,tdl_B_30ns,10.0,3,0.00454156192732446,3.999873633595152e-05,0.004442199557966228,0.004640924296682692,0.011544661274478759,0.00454156192732446,48217,10616832
umi_uma_mix,umi_uma_mix_normalized,tdl_B_30ns,12.0,3,0.0019129058461130402,3.324415307476427e-05,0.0018303227917617119,0.0019954889004643686,0.0047452671893147965,0.0019129058461130402,20309,10616832
umi_uma_mix,umi_uma_mix_normalized,tdl_B_30ns,14.0,3,0.001060203269675926,1.7306125214507623e-05,0.0010172124713846776,0.0011031940679671743,0.00267724375661612,0.001060203269675926,11256,10616832
umi_uma_mix,umi_uma_mix_normalized,tdl_B_30ns,16.0,3,0.0006885293089313273,1.7601951775502646e-05,0.000644803636723746,0.0007322549811389085,0.0018178387695508807,0.0006885293089313271,7310,10616832
umi_uma_mix,umi_uma_mix_normalized,tdl_B_30ns,18.0,3,0.00048752772955246913,6.1541507763972005e-06,0.00047223997152444835,0.00050281548758049,0.0013419463765235434,0.00048752772955246913,5176,10616832
umi_uma_mix,umi_uma_mix_normalized,tdl_B_30ns,20.0,3,0.0003653632269965278,1.2028331984791385e-05,0.0003354831939025311,0.0003952432600905245,0.0010219209957203592,0.00036536322699652775,3879,10616832
umi_uma_mix,umi_uma_mix_normalized,tdl_C_100ns,-10.0,3,0.3904368082682292,0.0002703374063436283,0.3897652529222089,0.39110836361424944,0.6549297490237671,0.3904368082682292,4145202,10616832
umi_uma_mix,umi_uma_mix_normalized,tdl_C_100ns,-8.0,3,0.35985376805434993,0.00031831053852834765,0.35906304084151436,0.3606444952671855,0.6308212096308484,0.35985376805434993,3820507,10616832
umi_uma_mix,umi_uma_mix_normalized,tdl_C_100ns,-6.0,3,0.3234584478684413,0.00027994552296341333,0.32276302463758605,0.32415387109929655,0.5947952645796316,0.32345844786844136,3434104,10616832
umi_uma_mix,umi_uma_mix_normalized,tdl_C_100ns,-4.0,3,0.2806497267734857,0.00017681631158835513,0.28021049070579995,0.28108896284117146,0.5431793486630475,0.2806497267734857,2979611,10616832
umi_uma_mix,umi_uma_mix_normalized,tdl_C_100ns,-2.0,3,0.23199359281563461,0.00017636755351458334,0.2315554715248034,0.23243171410646582,0.4733122598241877,0.23199359281563464,2463037,10616832
umi_uma_mix,umi_uma_mix_normalized,tdl_C_100ns,0.0,3,0.17959792525679977,0.00016239379084554952,0.17919451671679107,0.18000133379680847,0.3856990271144443,0.17959792525679977,1906761,10616832
umi_uma_mix,umi_uma_mix_normalized,tdl_C_100ns,2.0,3,0.12726866168740356,0.0002330668366842983,0.12668969156901597,0.12784763180579115,0.2865311648742652,0.12726866168740356,1351190,10616832
umi_uma_mix,umi_uma_mix_normalized,tdl_C_100ns,4.0,3,0.08059136661482447,0.00015841739797218087,0.08019783598230962,0.08098489724733932,0.1887118645288326,0.08059136661482447,855625,10616832
umi_uma_mix,umi_uma_mix_normalized,tdl_C_100ns,6.0,3,0.04506664511598187,0.00017363179980345585,0.0446353198141148,0.04549797041784894,0.10814982073174582,0.045066645115981865,478465,10616832
umi_uma_mix,umi_uma_mix_normalized,tdl_C_100ns,8.0,3,0.022751325442467208,9.232408193307319e-05,0.02252197970882591,0.022980671176108507,0.05487163912182972,0.022751325442467208,241547,10616832
umi_uma_mix,umi_uma_mix_normalized,tdl_C_100ns,10.0,3,0.011288301444347995,5.511011798088692e-05,0.011151400321967516,0.011425202566728474,0.02675172753264139,0.011288301444347993,119846,10616832
umi_uma_mix,umi_uma_mix_normalized,tdl_C_100ns,12.0,3,0.005987944426359954,4.69721379929574e-05,0.005871259166965719,0.006104629685754188,0.01394646045073499,0.005987944426359954,63573,10616832
umi_uma_mix,umi_uma_mix_normalized,tdl_C_100ns,14.0,3,0.003492661464361497,3.4924956403568714e-05,0.003405903063074893,0.003579419865648101,0.008082629831070885,0.003492661464361497,37081,10616832
umi_uma_mix,umi_uma_mix_normalized,tdl_C_100ns,16.0,3,0.002195664394048997,8.919256215910612e-06,0.0021735077333214564,0.0022178210547765375,0.00512488257214657,0.002195664394048997,23311,10616832
umi_uma_mix,umi_uma_mix_normalized,tdl_C_100ns,18.0,3,0.0014558015046296296,2.4967117160424927e-05,0.0013937797473353966,0.0015178232619238625,0.0034483456754206138,0.0014558015046296296,15456,10616832
umi_uma_mix,umi_uma_mix_normalized,tdl_C_100ns,20.0,3,0.0010058556073977622,1.9919359706789613e-05,0.0009563731747543453,0.0010553380400411792,0.0024159523107996784,0.0010058556073977622,10679,10616832
umi_uma_mix,umi_uma_mix_normalized,tdl_C_10ns,-10.0,3,0.3842873278959298,0.0001848843313738636,0.38382804975603496,0.3847466060358246,0.6524438306137368,0.3842873278959298,4079914,10616832
umi_uma_mix,umi_uma_mix_normalized,tdl_C_10ns,-8.0,3,0.35306812804422255,0.00036158895116376096,0.35216989129445064,0.35396636479399446,0.6275935268696443,0.3530681280442226,3748465,10616832
umi_uma_mix,umi_uma_mix_normalized,tdl_C_10ns,-6.0,3,0.31571838002146024,0.00034191087610349315,0.31486902632004204,0.31656773372287844,0.5905204466831536,0.31571838002146024,3351929,10616832
umi_uma_mix,umi_uma_mix_normalized,tdl_C_10ns,-4.0,3,0.27178041434582373,0.00025356328690538714,0.271150528222483,0.2724103004691645,0.5371548272209403,0.2717804143458237,2885447,10616832
umi_uma_mix,umi_uma_mix_normalized,tdl_C_10ns,-2.0,3,0.2214929086190683,0.00037774844138277675,0.22055452947023915,0.22243128776789747,0.46417418085498574,0.22149290861906828,2351553,10616832
umi_uma_mix,umi_uma_mix_normalized,tdl_C_10ns,0.0,3,0.1669737262490355,0.0002645473060241257,0.16631655430957432,0.1676308981884967,0.3713474181699164,0.1669737262490355,1772732,10616832
umi_uma_mix,umi_uma_mix_normalized,tdl_C_10ns,2.0,3,0.11230346302927276,0.00029841153436040824,0.11156216768311891,0.1130447583754266,0.2649156580000748,0.11230346302927276,1192307,10616832
umi_uma_mix,umi_uma_mix_normalized,tdl_C_10ns,4.0,3,0.06411526526933835,0.000262761440441787,0.06346252966591852,0.06476800087275818,0.15985729848897015,0.06411526526933835,680701,10616832
umi_uma_mix,umi_uma_mix_normalized,tdl_C_10ns,6.0,3,0.02914306263864776,0.00015119123608677343,0.028767482787384335,0.029518642489911186,0.07617160466350155,0.029143062638647764,309407,10616832
umi_uma_mix,umi_uma_mix_normalized,tdl_C_10ns,8.0,3,0.00997359664351852,9.258087167354115e-05,0.00974361300879891,0.010203580278238129,0.026929084878460862,0.00997359664351852,105888,10616832
umi_uma_mix,umi_uma_mix_normalized,tdl_C_10ns,10.0,3,0.0027821858723958335,3.523979680305186e-05,0.0026946453641996616,0.0028697263805920054,0.007594143839575994,0.0027821858723958335,29538,10616832
umi_uma_mix,umi_uma_mix_normalized,tdl_C_10ns,12.0,3,0.0009776927806712963,2.5158267970424386e-05,0.0009151961784412944,0.0010401893829012983,0.0027317464248173763,0.0009776927806712963,10380,10616832
umi_uma_mix,umi_uma_mix_normalized,tdl_C_10ns,14.0,3,0.0005455488040123457,2.3482810711940874e-05,0.00048721426834272497,0.0006038833396819665,0.0015629480956165396,0.0005455488040123457,5792,10616832
umi_uma_mix,umi_uma_mix_normalized,tdl_C_10ns,16.0,3,0.0003681889286747685,2.061600650800198e-05,0.00031697592944062456,0.0004194019279089125,0.0011046111289213087,0.0003681889286747685,3909,10616832
umi_uma_mix,umi_uma_mix_normalized,tdl_C_10ns,18.0,3,0.0002699487003279321,1.3386590840304777e-05,0.00023669456518850884,0.0003032028354673553,0.0008559387298966477,0.0002699487003279321,2866,10616832
umi_uma_mix,umi_uma_mix_normalized,tdl_C_10ns,20.0,3,0.00021428237726658952,1.0255908797514125e-05,0.00018880528745345457,0.00023975946707972446,0.0007034549164557204,0.00021428237726658952,2275,10616832
umi_uma_mix,umi_uma_mix_normalized,tdl_C_300ns,-10.0,3,0.3998076827437789,0.00029650700481889496,0.39907111851128246,0.4005442469762754,0.659193973482391,0.3998076827437789,4244691,10616832
umi_uma_mix,umi_uma_mix_normalized,tdl_C_300ns,-8.0,3,0.3697421226972415,0.00035490873072319,0.36886048053498943,0.37062376485949355,0.6360306820751708,0.3697421226972415,3925490,10616832
umi_uma_mix,umi_uma_mix_normalized,tdl_C_300ns,-6.0,3,0.33366610680097414,0.00038500248447392887,0.3327097076101389,0.33462250599180937,0.6011561354001363,0.33366610680097414,3542477,10616832
umi_uma_mix,umi_uma_mix_normalized,tdl_C_300ns,-4.0,3,0.2916734483506944,0.000247720258983073,0.29105807711336684,0.292288819588022,0.5513379849769451,0.2916734483506944,3096648,10616832
umi_uma_mix,umi_uma_mix_normalized,tdl_C_300ns,-2.0,3,0.24442545572916666,0.0001564686218557686,0.24403676612489453,0.2448141453334388,0.48461560040344426,0.24442545572916666,2595024,10616832
umi_uma_mix,umi_uma_mix_normalized,tdl_C_300ns,0.0,3,0.19390520637418018,8.746006980780092e-05,0.19368794351649013,0.19412246923187024,0.4021318330440992,0.19390520637418018,2058659,10616832
umi_uma_mix,umi_uma_mix_normalized,tdl_C_300ns,2.0,3,0.14361007125289352,0.00010658964734199078,0.14334528789023915,0.1438748546155479,0.30991557718795026,0.14361007125289352,1524684,10616832
umi_uma_mix,umi_uma_mix_normalized,tdl_C_300ns,4.0,3,0.09865522973331405,1.740121453030036e-05,0.09861200272006744,0.09869845674656065,0.2190420037066495,0.09865522973331405,1047406,10616832
umi_uma_mix,umi_uma_mix_normalized,tdl_C_300ns,6.0,3,0.06287318100163966,0.00012005951654286857,0.0625749366289298,0.06317142537434953,0.14207262950546948,0.06287318100163966,667514,10616832
umi_uma_mix,umi_uma_mix_normalized,tdl_C_300ns,8.0,3,0.03809554488570602,0.00010034106048888885,0.03784628387329917,0.038344805898112864,0.08650146939872223,0.03809554488570602,404454,10616832
umi_uma_mix,umi_uma_mix_normalized,tdl_C_300ns,10.0,3,0.02266052622853974,7.112933436133395e-05,0.022483831166634407,0.022837221290445072,0.05139442717219576,0.022660526228539736,240583,10616832
umi_uma_mix,umi_uma_mix_normalized,tdl_C_300ns,12.0,3,0.01361846923828125,7.47498242017609e-05,0.013432780381027964,0.013804158095534536,0.030825186543810515,0.01361846923828125,144585,10616832
umi_uma_mix,umi_uma_mix_normalized,tdl_C_300ns,14.0,3,0.008394029405381946,7.776226286137631e-05,0.008200857235649695,0.008587201575114197,0.018952343152996935,0.008394029405381944,89118,10616832
umi_uma_mix,umi_uma_mix_normalized,tdl_C_300ns,16.0,3,0.005325034812644676,5.990287622811414e-05,0.005176227818758509,0.005473841806530842,0.011996554429240433,0.005325034812644676,56535,10616832
umi_uma_mix,umi_uma_mix_normalized,tdl_C_300ns,18.0,3,0.0034507468894675927,6.370124387244088e-05,0.0032925042272727066,0.0036089895516624787,0.007844334166428005,0.0034507468894675927,36636,10616832
umi_uma_mix,umi_uma_mix_normalized,tdl_C_300ns,20.0,3,0.00231726375626929,6.235097134721849e-05,0.0021623753569755756,0.0024721521555630048,0.005311924498528242,0.00231726375626929,24602,10616832
umi_uma_mix,umi_uma_mix_normalized,tdl_C_30ns,-10.0,3,0.38574633186246143,0.00020014194516726407,0.3852491517087497,0.3862435120161732,0.6530347532696195,0.38574633186246143,4095404,10616832
umi_uma_mix,umi_uma_mix_normalized,tdl_C_30ns,-8.0,3,0.35470063009379826,0.0003256692387807469,0.35389162285615555,0.355509637331441,0.6283855305777656,0.3547006300937982,3765797,10616832
umi_uma_mix,umi_uma_mix_normalized,tdl_C_30ns,-6.0,3,0.3177283016251929,0.0002982363585422779,0.31698744143989505,0.31846916181049073,0.5916106998920441,0.3177283016251929,3373268,10616832
umi_uma_mix,umi_uma_mix_normalized,tdl_C_30ns,-4.0,3,0.27412150818624614,0.0002162735160873945,0.2735842549888604,0.2746587613836319,0.5387569621757224,0.27412150818624614,2910302,10616832
umi_uma_mix,umi_uma_mix_normalized,tdl_C_30ns,-2.0,3,0.22439273787133487,0.0002504908169870197,0.22377048418638687,0.22501499155628288,0.4666833748788009,0.22439273787133487,2382340,10616832
umi_uma_mix,umi_uma_mix_normalized,tdl_C_30ns,0.0,3,0.17046356201171875,0.00021749148825670768,0.16992328320373523,0.17100384081970227,0.37534768382708233,0.17046356201171875,1809783,10616832
umi_uma_mix,umi_uma_mix_normalized,tdl_C_30ns,2.0,3,0.1163890508957851,0.00024067321375150416,0.11579118548927436,0.11698691630229585,0.2709239736015414,0.1163890508957851,1235683,10616832
umi_uma_mix,umi_uma_mix_normalized,tdl_C_30ns,4.0,3,0.06851883876470871,0.00018328707247359873,0.0680635284358836,0.06897414909353382,0.1677559365828832,0.06851883876470873,727453,10616832
umi_uma_mix,umi_uma_mix_normalized,tdl_C_30ns,6.0,3,0.03327254307122878,0.00015435092044834941,0.03288911412888524,0.03365597201357232,0.08467531268611367,0.03327254307122878,353249,10616832
umi_uma_mix,umi_uma_mix_normalized,tdl_C_30ns,8.0,3,0.013112103497540509,8.404455767605861e-05,0.012903325242342185,0.013320881752738833,0.033941990362457285,0.013112103497540509,139209,10616832
umi_uma_mix,umi_uma_mix_normalized,tdl_C_30ns,10.0,3,0.004667305652006172,3.30333268261483e-05,0.004585246319089678,0.004749364984922667,0.011930037422082674,0.004667305652006173,49552,10616832
umi_uma_mix,umi_uma_mix_normalized,tdl_C_30ns,12.0,3,0.0019571751724054786,2.2181908157848324e-05,0.001902072257829913,0.002012278086981044,0.004973278757483687,0.0019571751724054786,20779,10616832
umi_uma_mix,umi_uma_mix_normalized,tdl_C_30ns,14.0,3,0.0010778168101369598,1.9259045137580868e-05,0.0010299746898165942,0.0011256589304573254,0.0027497395492923436,0.0010778168101369598,11443,10616832
umi_uma_mix,umi_uma_mix_normalized,tdl_C_30ns,16.0,3,0.0006865513177565586,1.7359868690005804e-05,0.0006434270132710595,0.0007296756222420576,0.0017993024312652128,0.0006865513177565587,7289,10616832
umi_uma_mix,umi_uma_mix_normalized,tdl_C_30ns,18.0,3,0.00046953742886766974,9.675019886285979e-06,0.0004455033471053085,0.000493571510630031,0.0012974842125116498,0.00046953742886766974,4985,10616832
umi_uma_mix,umi_uma_mix_normalized,tdl_C_30ns,20.0,3,0.00035650936173804015,8.450375711834513e-06,0.0003355174647530235,0.0003775012587230568,0.0009947156324336519,0.0003565093617380401,3785,10616832
umi_uma_mix,umi_uma_mix_normalized,tdl_D_100ns,-10.0,3,0.3844417053976177,0.00032574621457978755,0.3836325069414897,0.38525090385374566,0.6524196355431168,0.3844417053976177,4081553,10616832
umi_uma_mix,umi_uma_mix_normalized,tdl_D_100ns,-8.0,3,0.35327186113522374,0.0003717758348351218,0.3523483187635576,0.3541954035068899,0.6275792416231133,0.35327186113522374,3750628,10616832
umi_uma_mix,umi_uma_mix_normalized,tdl_D_100ns,-6.0,3,0.31616333384572726,0.0003600041897361289,0.315269033861582,0.3170576338298725,0.5905388869621135,0.31616333384572726,3356653,10616832
umi_uma_mix,umi_uma_mix_normalized,tdl_D_100ns,-4.0,3,0.2723068425684799,0.0003595715470729887,0.2714136173282899,0.27320006780866996,0.5373048053847419,0.2723068425684799,2891036,10616832
umi_uma_mix,umi_uma_mix_normalized,tdl_D_100ns,-2.0,3,0.22236209445529512,0.0003751625281764776,0.22143013907098127,0.22329404983960896,0.4646276379073108,0.22236209445529515,2360781,10616832
umi_uma_mix,umi_uma_mix_normalized,tdl_D_100ns,0.0,3,0.16802102548104747,0.00027879982897001415,0.16732844831184748,0.16871360265024746,0.37237938097965567,0.16802102548104744,1783851,10616832
umi_uma_mix,umi_uma_mix_normalized,tdl_D_100ns,2.0,3,0.11353556315104167,0.00030637526294154273,0.11277448480639254,0.1142966414956908,0.26681076689266864,0.11353556315104167,1205388,10616832
umi_uma_mix,umi_uma_mix_normalized,tdl_D_100ns,4.0,3,0.06544014259620949,0.00029149451488734776,0.06471603007898223,0.06616425511343675,0.1625143361312372,0.06544014259620949,694767,10616832
umi_uma_mix,umi_uma_mix_normalized,tdl_D_100ns,6.0,3,0.030299433955439815,0.00019805508153389282,0.029807437858379183,0.030791430052500447,0.07868440807969482,0.030299433955439815,321684,10616832
umi_uma_mix,umi_uma_mix_normalized,tdl_D_100ns,8.0,3,0.01024627685546875,9.824465328336721e-05,0.010002223607260524,0.010490330103676976,0.027882025335673934,0.01024627685546875,108783,10616832
umi_uma_mix,umi_uma_mix_normalized,tdl_D_100ns,10.0,3,0.0024178587360146604,4.560627651688557e-05,0.002304566464622291,0.00253115100740703,0.00681168529101544,0.0024178587360146604,25670,10616832
umi_uma_mix,umi_uma_mix_normalized,tdl_D_100ns,12.0,3,0.00041085702401620367,6.944560709321478e-06,0.00039360577886598977,0.0004281082691664176,0.001221890027353103,0.0004108570240162037,4362,10616832
umi_uma_mix,umi_uma_mix_normalized,tdl_D_100ns,14.0,3,5.943392529899691e-05,6.525678498327504e-07,5.781285689369059e-05,6.105499370430324e-05,0.0002041401751705928,5.943392529899691e-05,631,10616832
umi_uma_mix,umi_uma_mix_normalized,tdl_D_100ns,16.0,3,1.23388973283179e-05,1.6314196245818663e-07,1.193363022699132e-05,1.274416442964448e-05,4.5054049785252526e-05,1.2338897328317902e-05,131,10616832
umi_uma_mix,umi_uma_mix_normalized,tdl_D_100ns,18.0,3,3.579222125771605e-06,5.882167108228142e-07,2.118010811679961e-06,5.040433439863249e-06,1.560883780863757e-05,3.5792221257716047e-06,38,10616832
umi_uma_mix,umi_uma_mix_normalized,tdl_D_100ns,20.0,3,1.2244707272376543e-06,5.88216710822814e-07,-2.3674058685398947e-07,2.685682041329298e-06,7.979286866755523e-06,1.2244707272376543e-06,13,10616832
umi_uma_mix,umi_uma_mix_normalized,tdl_D_10ns,-10.0,3,0.38296565303096064,0.000374587126248954,0.38203512702427445,0.38389617903764683,0.6518275237377779,0.38296565303096064,4065882,10616832
umi_uma_mix,umi_uma_mix_normalized,tdl_D_10ns,-8.0,3,0.35157107129509063,0.0003765029146315097,0.3506357862062354,0.35250635638394584,0.6267298099435407,0.3515710712950907,3732571,10616832
umi_uma_mix,umi_uma_mix_normalized,tdl_D_10ns,-6.0,3,0.3140314361195506,0.0003949650064529688,0.31305028865216217,0.315012583586939,0.5892857677406735,0.31403143611955053,3334019,10616832
umi_uma_mix,umi_uma_mix_normalized,tdl_D_10ns,-4.0,3,0.2698189064308449,0.0003988257451958823,0.2688281683567496,0.27080964450494016,0.5353788262532081,0.2698189064308449,2864622,10616832
umi_uma_mix,umi_uma_mix_normalized,tdl_D_10ns,-2.0,3,0.2193671332465278,0.00036262693244504664,0.21846631800831084,0.22026794848474474,0.4615599715415342,0.2193671332465278,2328984,10616832
umi_uma_mix,umi_uma_mix_normalized,tdl_D_10ns,0.0,3,0.16429806932990934,0.00039147150440114586,0.16332560020271425,0.16527053845710443,0.3674838690110194,0.16429806932990934,1744325,10616832
umi_uma_mix,umi_uma_mix_normalized,tdl_D_10ns,2.0,3,0.10901641845703125,0.0002907541301455393,0.10829414515746238,0.10973869175660012,0.259466904916881,0.10901641845703125,1157409,10616832
umi_uma_mix,umi_uma_mix_normalized,tdl_D_10ns,4.0,3,0.06069889775028935,0.0003126754780301729,0.059922168803745825,0.06147562669683288,0.1529601107776901,0.06069889775028935,644430,10616832
umi_uma_mix,umi_uma_mix_normalized,tdl_D_10ns,6.0,3,0.02589284637827932,0.00019613653809099485,0.025405616207337004,0.02638007654922164,0.06882952512414367,0.02589284637827932,274900,10616832
umi_uma_mix,umi_uma_mix_normalized,tdl_D_10ns,8.0,3,0.007409743320794753,8.780266469415777e-05,0.007191629410227623,0.007627857231361882,0.020724884912739567,0.0074097433207947535,78668,10616832
umi_uma_mix,umi_uma_mix_normalized,tdl_D_10ns,10.0,3,0.0011925402982735339,4.4436648343142736e-05,0.0010821535443363939,0.0013029270522106739,0.0035289140205462407,0.0011925402982735339,12661,10616832
umi_uma_mix,umi_uma_mix_normalized,tdl_D_10ns,12.0,3,9.174111448688272e-05,5.936215721069611e-06,7.699473714853395e-05,0.00010648749182523149,0.00033272823956967504,9.174111448688272e-05,974,10616832
umi_uma_mix,umi_uma_mix_normalized,tdl_D_10ns,14.0,3,3.3908420138888887e-06,2.8257016782407406e-07,2.688898803755088e-06,4.092785224022689e-06,2.8244548744107397e-05,3.3908420138888887e-06,36,10616832
umi_uma_mix,umi_uma_mix_normalized,tdl_D_10ns,16.0,3,1.8838011188271604e-07,1.631419624581869e-07,-2.1688698944386376e-07,5.936472132092959e-07,6.584423194178754e-06,1.8838011188271604e-07,2,10616832
umi_uma_mix,umi_uma_mix_normalized,tdl_D_10ns,18.0,3,0.0,0.0,0.0,0.0,3.719368873202324e-06,0.0,0,10616832
umi_uma_mix,umi_uma_mix_normalized,tdl_D_10ns,20.0,3,0.0,0.0,0.0,0.0,3.070977920377814e-06,0.0,0,10616832
umi_uma_mix,umi_uma_mix_normalized,tdl_D_300ns,-10.0,3,0.3860013043438946,0.00026531096760071715,0.38534223536391193,0.3866603733238773,0.6531744260846832,0.3860013043438947,4098111,10616832
umi_uma_mix,umi_uma_mix_normalized,tdl_D_300ns,-8.0,3,0.3551959755979938,0.00040173054854034465,0.3541980215923651,0.35619392960362256,0.6286989980273777,0.3551959755979938,3771056,10616832
umi_uma_mix,umi_uma_mix_normalized,tdl_D_300ns,-6.0,3,0.3183216047875675,0.00039122085499423563,0.31734975830801654,0.31929345126711844,0.5922208553479041,0.3183216047875675,3379567,10616832
umi_uma_mix,umi_uma_mix_normalized,tdl_D_300ns,-4.0,3,0.27495490180121523,0.0003060146205392884,0.27419471934195805,0.2757150842604724,0.5398611463146445,0.2749549018012153,2919150,10616832
umi_uma_mix,umi_uma_mix_normalized,tdl_D_300ns,-2.0,3,0.2256699550298997,0.0003159302969196655,0.22488514066500756,0.22645476939479184,0.4685589483490697,0.2256699550298997,2395900,10616832
umi_uma_mix,umi_uma_mix_normalized,tdl_D_300ns,0.0,3,0.17220033245322144,0.000352948162709614,0.17132356061190854,0.17307710429453435,0.37834564292872397,0.17220033245322144,1828222,10616832
umi_uma_mix,umi_uma_mix_normalized,tdl_D_300ns,2.0,3,0.11858593976056135,0.00024077415840393287,0.1179878235936327,0.11918405592749,0.27534297862906515,0.11858593976056134,1259007,10616832
umi_uma_mix,umi_uma_mix_normalized,tdl_D_300ns,4.0,3,0.07098332157841435,0.0002592553186605959,0.07033929566433349,0.0716273474924952,0.1732672647929486,0.07098332157841435,753618,10616832
umi_uma_mix,umi_uma_mix_normalized,tdl_D_300ns,6.0,3,0.03513957836009838,0.00022423024462943052,0.034582559553278464,0.035696597166918295,0.08976050208748122,0.03513957836009838,373071,10616832
umi_uma_mix,umi_uma_mix_normalized,tdl_D_300ns,8.0,3,0.013846220793547455,0.00015459351644817615,0.013462189209332003,0.014230252377762907,0.036588437027401395,0.013846220793547455,147003,10616832
umi_uma_mix,umi_uma_mix_normalized,tdl_D_300ns,10.0,3,0.004307499638310185,6.219561322877705e-05,0.004152997169977332,0.004462002106643039,0.011632980962778315,0.004307499638310185,45732,10616832
umi_uma_mix,umi_uma_mix_normalized,tdl_D_300ns,12.0,3,0.0011496838228202161,1.6050217689316975e-05,0.001109812871774882,0.0011895547738655502,0.0031215690398289832,0.0011496838228202161,12206,10616832
umi_uma_mix,umi_uma_mix_normalized,tdl_D_300ns,14.0,3,0.0003019733193479938,1.085721710763137e-05,0.0002750024968852516,0.0003289441418107361,0.0008314085249748818,0.0003019733193479938,3206,10616832
umi_uma_mix,umi_uma_mix_normalized,tdl_D_300ns,16.0,3,0.00010408001181520061,4.316330610633981e-06,9.335765216853916e-05,0.00011480237146186206,0.00027862902550870427,0.00010408001181520061,1105,10616832
umi_uma_mix,umi_uma_mix_normalized,tdl_D_300ns,18.0,3,5.3029001494984566e-05,9.083360046568465e-07,5.077256977079101e-05,5.5285433219178125e-05,0.00013287524863115347,5.3029001494984566e-05,563,10616832
umi_uma_mix,umi_uma_mix_normalized,tdl_D_300ns,20.0,3,3.174204885223765e-05,2.2839874744146186e-06,2.606830943366553e-05,3.741578827080978e-05,8.179742613203507e-05,3.174204885223765e-05,337,10616832
umi_uma_mix,umi_uma_mix_normalized,tdl_D_30ns,-10.0,3,0.3834464932665413,0.00035115870665858594,0.38257416668048844,0.38431881985259414,0.6520208319028219,0.3834464932665413,4070987,10616832
umi_uma_mix,umi_uma_mix_normalized,tdl_D_30ns,-8.0,3,0.3521702142409337,0.00035203007640933006,0.35129572305242207,0.3530447054294453,0.6270033047523028,0.35217021424093364,3738932,10616832
umi_uma_mix,umi_uma_mix_normalized,tdl_D_30ns,-6.0,3,0.31470715558087387,0.0003863192025780432,0.31374748548094034,0.3156668256808074,0.589685598641266,0.31470715558087387,3341193,10616832
umi_uma_mix,umi_uma_mix_normalized,tdl_D_30ns,-4.0,3,0.2705776073314526,0.0003931501622853176,0.26960096818690216,0.271554246476003,0.5359901657075058,0.27057760733145253,2872677,10616832
umi_uma_mix,umi_uma_mix_normalized,tdl_D_30ns,-2.0,3,0.22031826443142358,0.0003540592927072809,0.2194387323901807,0.22119779647266646,0.4625370255958887,0.2203182644314236,2339082,10616832
umi_uma_mix,umi_uma_mix_normalized,tdl_D_30ns,0.0,3,0.16546216423128857,0.00033542189821261103,0.1646289300445604,0.16629539841801674,0.3690513339307573,0.16546216423128857,1756684,10616832
umi_uma_mix,umi_uma_mix_normalized,tdl_D_30ns,2.0,3,0.11050584581163196,0.00029858763248666895,0.10976411301348168,0.11124757860978224,0.2618204169435266,0.11050584581163195,1173222,10616832
umi_uma_mix,umi_uma_mix_normalized,tdl_D_30ns,4.0,3,0.06221535765094521,0.00033041701125825226,0.061394556292643884,0.06303615900924654,0.15602231890331078,0.06221535765094521,660530,10616832
umi_uma_mix,umi_uma_mix_normalized,tdl_D_30ns,6.0,3,0.02728403350453318,0.0002046042826226904,0.026775768290065415,0.027792298719000942,0.07195161066857385,0.02728403350453318,289670,10616832
umi_uma_mix,umi_uma_mix_normalized,tdl_D_30ns,8.0,3,0.008252179181134259,9.091516757731985e-05,0.008026333384776844,0.008478024977491673,0.022931275567338788,0.008252179181134259,87612,10616832
umi_uma_mix,umi_uma_mix_normalized,tdl_D_30ns,10.0,3,0.0015260672863618829,4.101098203542764e-05,0.0014241903592879304,0.0016279442134358353,0.004454247285554438,0.0015260672863618826,16202,10616832
umi_uma_mix,umi_uma_mix_normalized,tdl_D_30ns,12.0,3,0.0001714259018132716,1.0959691989973047e-05,0.00014420051763078766,0.00019865128599575555,0.0005604535816266075,0.0001714259018132716,1820,10616832
umi_uma_mix,umi_uma_mix_normalized,tdl_D_30ns,14.0,3,1.9403151523919755e-05,1.6067619897566413e-06,1.5411733471208176e-05,2.3394569576631333e-05,8.040009235606075e-05,1.9403151523919755e-05,206,10616832
umi_uma_mix,umi_uma_mix_normalized,tdl_D_30ns,16.0,3,7.723584587191358e-06,9.923538163599782e-07,5.2584410484794666e-06,1.0188728125903251e-05,2.870763243921784e-05,7.723584587191358e-06,82,10616832
umi_uma_mix,umi_uma_mix_normalized,tdl_D_30ns,18.0,3,4.2385525173611105e-06,2.8257016782407406e-07,3.53660930722731e-06,4.940495727494911e-06,1.5568008752836e-05,4.238552517361111e-06,45,10616832
umi_uma_mix,umi_uma_mix_normalized,tdl_D_30ns,20.0,3,2.7315116222993826e-06,4.316330610633982e-07,1.6592756576332376e-06,3.8037475869655275e-06,8.26730385238023e-06,2.7315116222993826e-06,29,10616832
umi_uma_mix,umi_uma_mix_normalized,tdl_E_100ns,-10.0,3,0.38479821475935577,0.00038133180040892295,0.38385093405323467,0.3857454954654769,0.6525364819868111,0.3847982147593557,4085338,10616832
umi_uma_mix,umi_uma_mix_normalized,tdl_E_100ns,-8.0,3,0.3536478678385417,0.0003572072528280796,0.35276051583084733,0.35453521984623604,0.6277479779573135,0.3536478678385417,3754620,10616832
umi_uma_mix,umi_uma_mix_normalized,tdl_E_100ns,-6.0,3,0.3165246469003183,0.00036792990526740365,0.31561065834732843,0.31743863545330814,0.590777098396678,0.3165246469003183,3360489,10616832
umi_uma_mix,umi_uma_mix_normalized,tdl_E_100ns,-4.0,3,0.272758107126495,0.0003720238102538556,0.2718339487497396,0.2736822655032504,0.5376359879234691,0.272758107126495,2895827,10616832
umi_uma_mix,umi_uma_mix_normalized,tdl_E_100ns,-2.0,3,0.2228928554205247,0.0003595684382412778,0.2219996379031008,0.2237860729379486,0.4651166178562023,0.2228928554205247,2366416,10616832
umi_uma_mix,umi_uma_mix_normalized,tdl_E_100ns,0.0,3,0.1686606701509452,0.00032876602883406527,0.1678439700603454,0.16947737024154502,0.3731401202119427,0.1686606701509452,1790642,10616832
umi_uma_mix,umi_uma_mix_normalized,tdl_E_100ns,2.0,3,0.1143787525318287,0.00032950007964381106,0.11356022895793,0.11519727610572741,0.2679347237687052,0.1143787525318287,1214340,10616832
umi_uma_mix,umi_uma_mix_normalized,tdl_E_100ns,4.0,3,0.06630047456717786,0.00031307057364483577,0.06552276414871816,0.06707818498563756,0.16400612890720367,0.06630047456717786,703901,10616832
umi_uma_mix,umi_uma_mix_normalized,tdl_E_100ns,6.0,3,0.03101056887779707,0.0002331120539130427,0.030431486433586327,0.03158965132200781,0.08033755007717344,0.031010568877797066,329234,10616832
umi_uma_mix,umi_uma_mix_normalized,tdl_E_100ns,8.0,3,0.010907867808400848,0.00012456356242126774,0.010598434765468574,0.011217300851333122,0.029344135665415244,0.010907867808400848,115807,10616832
umi_uma_mix,umi_uma_mix_normalized,tdl_E_100ns,10.0,3,0.002790380407262731,4.691941284633987e-05,0.002673826124393572,0.0029069346901318903,0.00769401343976274,0.0027903804072627316,29625,10616832
umi_uma_mix,umi_uma_mix_normalized,tdl_E_100ns,12.0,3,0.0005585470317322531,1.4653744904012354e-05,0.0005221451113964577,0.0005949489520680484,0.0016014142052477433,0.0005585470317322531,5930,10616832
umi_uma_mix,umi_uma_mix_normalized,tdl_E_100ns,14.0,3,0.0001225412627797068,3.85719492018773e-06,0.00011295945941653632,0.0001321230661428773,0.000354247879941896,0.00012254126277970679,1301,10616832
umi_uma_mix,umi_uma_mix_normalized,tdl_E_100ns,16.0,3,3.2495569299768514e-05,1.7188072290203572e-06,2.822581544276938e-05,3.6765323156767646e-05,0.00010646878489538204,3.249556929976852e-05,345,10616832
umi_uma_mix,umi_uma_mix_normalized,tdl_E_100ns,18.0,3,1.2809847608024692e-05,2.0047219974652296e-06,7.82984209235858e-06,1.7789853123690807e-05,4.3319330971927324e-05,1.280984760802469e-05,136,10616832
umi_uma_mix,umi_uma_mix_normalized,tdl_E_100ns,20.0,3,6.310733748070988e-06,1.923415370673864e-06,1.5327050902401112e-06,1.1088762405901865e-05,2.0855848530163152e-05,6.310733748070988e-06,67,10616832
umi_uma_mix,umi_uma_mix_normalized,tdl_E_10ns,-10.0,3,0.3830637990692516,0.00039495247236953255,0.3820826827382525,0.38404491540025065,0.6518367403819237,0.38306379906925153,4066924,10616832
umi_uma_mix,umi_uma_mix_normalized,tdl_E_10ns,-8.0,3,0.3516509444625289,0.0003205243871300032,0.3508547177448937,0.35244717118016416,0.6267490092618966,0.3516509444625289,3733419,10616832
umi_uma_mix,umi_uma_mix_normalized,tdl_E_10ns,-6.0,3,0.31417809003665126,0.0003848286518999169,0.3132221226698687,0.3151340574034338,0.5893125935101214,0.31417809003665126,3335576,10616832
umi_uma_mix,umi_uma_mix_normalized,tdl_E_10ns,-4.0,3,0.26995727162302274,0.0003365998247929258,0.26912111130445465,0.27079343194159083,0.5353971730779719,0.26995727162302274,2866091,10616832
umi_uma_mix,umi_uma_mix_normalized,tdl_E_10ns,-2.0,3,0.21933840527946566,0.0004950179605341891,0.2181087124956627,0.22056809806326863,0.4615657178708064,0.21933840527946566,2328679,10616832
umi_uma_mix,umi_uma_mix_normalized,tdl_E_10ns,0.0,3,0.16425389419367284,0.0003677949340408397,0.1633402409277969,0.16516754745954879,0.36745330065856746,0.16425389419367284,1743856,10616832
umi_uma_mix,umi_uma_mix_normalized,tdl_E_10ns,2.0,3,0.10908979251060957,0.0003428723618012437,0.10823805034631016,0.10994153467490898,0.2593911878856612,0.10908979251060957,1158188,10616832
umi_uma_mix,umi_uma_mix_normalized,tdl_E_10ns,4.0,3,0.06063098671995563,0.00027946308644635206,0.05993676192784599,0.06132521151206526,0.15284279338371606,0.060630986719955635,643709,10616832
umi_uma_mix,umi_uma_mix_normalized,tdl_E_10ns,6.0,3,0.025845092019917054,0.00025279598556564705,0.02521711197877072,0.026473072061063387,0.06870587455269732,0.025845092019917054,274393,10616832
umi_uma_mix,umi_uma_mix_normalized,tdl_E_10ns,8.0,3,0.007417937855661652,0.00010474565241164038,0.0071577352303542185,0.007678140480969086,0.02067082862795135,0.007417937855661651,78755,10616832
umi_uma_mix,umi_uma_mix_normalized,tdl_E_10ns,10.0,3,0.001201488353587963,4.413615769476793e-05,0.0010918480598025072,0.001311128647373419,0.003525062360697322,0.001201488353587963,12756,10616832
umi_uma_mix,umi_uma_mix_normalized,tdl_E_10ns,12.0,3,9.607385706018519e-05,3.986142753224096e-06,8.617172952210853e-05,0.00010597598459826185,0.0003464532768882719,9.607385706018519e-05,1020,10616832
umi_uma_mix,umi_uma_mix_normalized,tdl_E_10ns,14.0,3,8.853865258487655e-06,1.1764334216456279e-06,5.931442630304367e-06,1.1776287886670942e-05,4.419989067240816e-05,8.853865258487655e-06,94,10616832
umi_uma_mix,umi_uma_mix_normalized,tdl_E_10ns,16.0,3,3.202461902006173e-06,9.923538163599782e-07,7.373183632942812e-07,5.6676054407180646e-06,1.397085054998536e-05,3.2024619020061727e-06,34,10616832
umi_uma_mix,umi_uma_mix_normalized,tdl_E_10ns,18.0,3,6.593303915895061e-07,3.262839249163738e-07,-1.5120381106365345e-07,1.4698645942426658e-06,5.831172613936899e-06,6.593303915895061e-07,7,10616832
umi_uma_mix,umi_uma_mix_normalized,tdl_E_10ns,20.0,3,9.419005594135802e-08,1.631419624581869e-07,-3.110770453852218e-07,4.994571572679379e-07,3.5933156865481844e-06,9.419005594135802e-08,1,10616832
umi_uma_mix,umi_uma_mix_normalized,tdl_E_300ns,-10.0,3,0.3861039715048708,0.000287278867688413,0.3853903312358302,0.3868176117739114,0.6532160080509422,0.38610397150487075,4099201,10616832
umi_uma_mix,umi_uma_mix_normalized,tdl_E_300ns,-8.0,3,0.35535873601466045,0.00032489577440744877,0.3545516501690362,0.35616582186028467,0.6287609118002432,0.3553587360146605,3772784,10616832
umi_uma_mix,umi_uma_mix_normalized,tdl_E_300ns,-6.0,3,0.31877880331910685,0.0003618004344215492,0.3178800412157988,0.3196775654224149,0.592303905222151,0.31877880331910685,3384421,10616832
umi_uma_mix,umi_uma_mix_normalized,tdl_E_300ns,-4.0,3,0.2755501829547647,0.0004062767826176497,0.27454093547761765,0.2765594304319117,0.5399981755533336,0.27555018295476463,2925470,10616832
umi_uma_mix,umi_uma_mix_normalized,tdl_E_300ns,-2.0,3,0.2264409006377797,0.00032327735583704257,0.22563783516675975,0.22724396610879963,0.46884670816821816,0.22644090063777972,2404085,10616832
umi_uma_mix,umi_uma_mix_normalized,tdl_E_300ns,0.0,3,0.17324800844545718,0.0002706796555157266,0.1725756029053617,0.17392041398555266,0.37894989384545213,0.17324800844545718,1839345,10616832
umi_uma_mix,umi_uma_mix_normalized,tdl_E_300ns,2.0,3,0.11971848099320022,0.0003062128569335596,0.11895780608744015,0.12047915589896029,0.27640715756534057,0.11971848099320023,1271031,10616832
umi_uma_mix,umi_uma_mix_normalized,tdl_E_300ns,4.0,3,0.07199059003665124,0.00024258880678858336,0.07138796603323655,0.07259321404006594,0.1748013001533202,0.07199059003665123,764312,10616832
umi_uma_mix,umi_uma_mix_normalized,tdl_E_300ns,6.0,3,0.03605237419222608,0.00020442859672212038,0.035544545405729364,0.0365602029787228,0.09154030892216129,0.03605237419222608,382762,10616832
umi_uma_mix,umi_uma_mix_normalized,tdl_E_300ns,8.0,3,0.014519868073640045,0.00011825789400409522,0.014226099179421251,0.01481363696785884,0.038196189949909844,0.014519868073640045,154155,10616832
umi_uma_mix,umi_uma_mix_normalized,tdl_E_300ns,10.0,3,0.00472466739607446,7.156913499467198e-05,0.004546879808830158,0.004902454983318761,0.012743769478006864,0.00472466739607446,50161,10616832
umi_uma_mix,umi_uma_mix_normalized,tdl_E_300ns,12.0,3,0.0013309996805073304,1.7838512431821674e-05,0.0012866863590522486,0.0013753130019624122,0.003694024935859129,0.0013309996805073302,14131,10616832
umi_uma_mix,umi_uma_mix_normalized,tdl_E_300ns,14.0,3,0.0003715797706886574,8.425141237541797e-06,0.00035065055961286986,0.00039250898176444493,0.0010759725115394197,0.0003715797706886574,3945,10616832
umi_uma_mix,umi_uma_mix_normalized,tdl_E_300ns,16.0,3,0.00012159936222029321,3.176035054541205e-06,0.00011370965376716968,0.00012948907067341676,0.0003528341095025772,0.00012159936222029321,1291,10616832
umi_uma_mix,umi_uma_mix_normalized,tdl_E_300ns,18.0,3,4.1537814670138884e-05,1.9779911747685197e-06,3.6624212199202275e-05,4.645141714107549e-05,0.00012916266221082756,4.153781467013889e-05,441,10616832
umi_uma_mix,umi_uma_mix_normalized,tdl_E_300ns,20.0,3,1.4976218894675926e-05,1.6954210069444444e-06,1.0764559633873123e-05,1.918787815547873e-05,5.398581130560351e-05,1.4976218894675926e-05,159,10616832
umi_uma_mix,umi_uma_mix_normalized,tdl_E_30ns,-10.0,3,0.383429256486304,0.00042875210004303426,0.3823641772255549,0.3844943357470531,0.6519912481307983,0.383429256486304,4070804,10616832
umi_uma_mix,umi_uma_mix_normalized,tdl_E_30ns,-8.0,3,0.3521505285192419,0.0003477690367981581,0.35128662233992003,0.35301443469856375,0.6269698510935277,0.3521505285192419,3738723,10616832
umi_uma_mix,umi_uma_mix_normalized,tdl_E_30ns,-6.0,3,0.3147122418438946,0.0003496427619024099,0.3138436810733796,0.31558080261440963,0.589636179400079,0.3147122418438947,3341247,10616832
umi_uma_mix,umi_uma_mix_normalized,tdl_E_30ns,-4.0,3,0.2705502922152296,0.0003153423992579012,0.26976693826908976,0.2713336461613694,0.5358935583520819,0.2705502922152295,2872387,10616832
umi_uma_mix,umi_uma_mix_normalized,tdl_E_30ns,-2.0,3,0.22010087378231094,0.0004942574968415149,0.21887307009504545,0.22132867746957643,0.4623566391291442,0.22010087378231097,2336774,10616832
umi_uma_mix,umi_uma_mix_normalized,tdl_E_30ns,0.0,3,0.16520813365041473,0.0003932065502946651,0.16423135443028378,0.16618491287054568,0.3687280324506171,0.16520813365041473,1753987,10616832
umi_uma_mix,umi_uma_mix_normalized,tdl_E_30ns,2.0,3,0.11020858199508103,0.0002981504950851688,0.10946793510643507,0.11094922888372699,0.26130974384737604,0.11020858199508102,1170066,10616832
umi_uma_mix,umi_uma_mix_normalized,tdl_E_30ns,4.0,3,0.061891532238618825,0.00028217773502127116,0.06119056388560983,0.06259250059162783,0.1553305129946014,0.061891532238618825,657092,10616832
umi_uma_mix,umi_uma_mix_normalized,tdl_E_30ns,6.0,3,0.026992044331114972,0.00022883130495300445,0.026423595856830795,0.02756049280539915,0.07122689278589354,0.02699204433111497,286570,10616832
umi_uma_mix,umi_uma_mix_normalized,tdl_E_30ns,8.0,3,0.008120689863040124,0.00010619990417113024,0.007856874676094427,0.008384505049985821,0.022432454712229013,0.008120689863040124,86216,10616832
umi_uma_mix,umi_uma_mix_normalized,tdl_E_30ns,10.0,3,0.0014599458670910492,4.056268267049603e-05,0.0013591825773757189,0.0015607091568063795,0.004251503779403406,0.0014599458670910494,15500,10616832
umi_uma_mix,umi_uma_mix_normalized,tdl_E_30ns,12.0,3,0.00015230532045717594,8.223714311871142e-06,0.00013187648160362765,0.00017273415931072424,0.0005056712119610129,0.00015230532045717592,1617,10616832
umi_uma_mix,umi_uma_mix_normalized,tdl_E_30ns,14.0,3,1.6106499565972223e-05,1.8529365043080648e-06,1.1503550117968626e-05,2.070944901397582e-05,6.757260479513026e-05,1.6106499565972223e-05,171,10616832
umi_uma_mix,umi_uma_mix_normalized,tdl_E_30ns,16.0,3,4.050172405478395e-06,8.632661221267966e-07,1.905700476146105e-06,6.194644334810686e-06,1.7059475676769916e-05,4.050172405478395e-06,43,10616832
umi_uma_mix,umi_uma_mix_normalized,tdl_E_30ns,18.0,3,8.477105034722222e-07,0.0,8.477105034722222e-07,8.477105034722222e-07,6.910163052946891e-06,8.477105034722222e-07,9,10616832
umi_uma_mix,umi_uma_mix_normalized,tdl_E_30ns,20.0,3,3.767602237654321e-07,1.631419624581869e-07,-2.8506877561147716e-08,7.820273250920119e-07,4.423707732263367e-06,3.767602237654321e-07,4,10616832
umi_uma_mix,umi_uma_mix_normalized,tdl_a,-10.0,3,0.38994923344364874,0.0002161558703308215,0.38941227249452354,0.39048619439277393,0.6549032277163164,0.38994923344364874,16560102,42467328
umi_uma_mix,umi_uma_mix_normalized,tdl_a,-8.0,3,0.3592768068666811,0.00020492678180999995,0.35876774051982013,0.3597858732135421,0.6306846303704344,0.3592768068666811,15257526,42467328
umi_uma_mix,umi_uma_mix_normalized,tdl_a,-6.0,3,0.32263367264359083,0.0002450579394817954,0.3220249149745374,0.32324243031264427,0.5944618079581377,0.32263367264359083,13701390,42467328
umi_uma_mix,umi_uma_mix_normalized,tdl_a,-4.0,3,0.27970229254828555,0.00025821729596288813,0.2790608452255338,0.2803437398710373,0.5425457197390956,0.2797022925482856,11878209,42467328
umi_uma_mix,umi_uma_mix_normalized,tdl_a,-2.0,3,0.23104024816442417,0.00021733013566941503,0.23050037017848765,0.2315801261503607,0.47221902003626764,0.2310402481644242,9811662,42467328
umi_uma_mix,umi_uma_mix_normalized,tdl_a,0.0,3,0.17834759935920622,0.0002613125428808298,0.17769846301685815,0.17899673570155428,0.3838759468477449,0.17834759935920622,7573946,42467328
umi_uma_mix,umi_uma_mix_normalized,tdl_a,2.0,3,0.12574921125247154,0.0002327823900148619,0.1251709477387825,0.12632747476616057,0.283706301064403,0.12574921125247154,5340233,42467328
umi_uma_mix,umi_uma_mix_normalized,tdl_a,4.0,3,0.07891440685884453,0.00019867939992920631,0.0784208598689139,0.07940795384877516,0.18498314544558525,0.07891440685884452,3351284,42467328
umi_uma_mix,umi_uma_mix_normalized,tdl_a,6.0,3,0.043628833912037035,0.00013824669656119988,0.04328541007957154,0.04397225774450253,0.10432461191566637,0.043628833912037035,1852800,42467328
umi_uma_mix,umi_uma_mix_normalized,tdl_a,8.0,3,0.021921063646858124,9.592108363888827e-05,0.02168278246562984,0.022159344828086406,0.052249698457020675,0.02192106364685812,930929,42467328
umi_uma_mix,umi_uma_mix_normalized,tdl_a,10.0,3,0.011158884307484568,4.659111735996401e-05,0.011043145555813743,0.011274623059155393,0.026018343324037154,0.011158884307484568,473888,42467328
umi_uma_mix,umi_uma_mix_normalized,tdl_a,12.0,3,0.006300843792197145,3.670247753629042e-05,0.006209669783631148,0.006392017800763142,0.014462983717726556,0.006300843792197145,267580,42467328
umi_uma_mix,umi_uma_mix_normalized,tdl_a,14.0,3,0.003882726033528646,3.2447389154134294e-05,0.003802122250479991,0.003963329816577301,0.008918862034719225,0.003882726033528646,164889,42467328
umi_uma_mix,umi_uma_mix_normalized,tdl_a,16.0,3,0.0025209262047284913,2.324282771926707e-05,0.002463187819861173,0.0025786645895958097,0.0058694078589825146,0.0025209262047284917,107057,42467328
umi_uma_mix,umi_uma_mix_normalized,tdl_a,18.0,3,0.0016914650245949073,2.628358279584747e-05,0.001626172985369375,0.0017567570638204397,0.004051389906052981,0.0016914650245949073,71832,42467328
umi_uma_mix,umi_uma_mix_normalized,tdl_a,20.0,3,0.0011917396827980323,3.0155678605958165e-05,0.0011168288243467318,0.001266650541249333,0.0029060547009364343,0.0011917396827980323,50610,42467328
umi_uma_mix,umi_uma_mix_normalized,tdl_all,-10.0,3,0.38776820147479024,0.00028379129018136714,0.38706322482855793,0.38847317812102256,0.6539011043162993,0.38776820147479024,82337397,212336640
umi_uma_mix,umi_uma_mix_normalized,tdl_all,-8.0,3,0.3568984043451003,0.00029385759387199934,0.35616842161425116,0.3576283870759494,0.6294380791761257,0.3568984043451003,75782608,212336640
umi_uma_mix,umi_uma_mix_normalized,tdl_all,-6.0,3,0.32005375991632906,0.0003016468141348359,0.3193044276896792,0.3208030921429789,0.5928990795288557,0.3200537599163291,67959140,212336640
umi_uma_mix,umi_uma_mix_normalized,tdl_all,-4.0,3,0.27674224759325566,0.00027893400558431724,0.27604933711086804,0.2774351580756433,0.5404639138851636,0.27674224759325566,58762519,212336640
umi_uma_mix,umi_uma_mix_normalized,tdl_all,-2.0,3,0.22749868793252073,0.00027993731422814655,0.22680328509329434,0.22819409077174713,0.46919510186086466,0.22749868793252073,48306307,212336640
umi_uma_mix,umi_uma_mix_normalized,tdl_all,0.0,3,0.17414353924033085,0.00025582934951025354,0.17350802390541598,0.17477905457524573,0.3792575717340281,0.17414353924033082,36977054,212336640
umi_uma_mix,umi_uma_mix_normalized,tdl_all,2.0,3,0.1207704332139757,0.00026301693720059277,0.12011706292142206,0.12142380350652933,0.2768591156344355,0.1207704332139757,25643988,212336640
umi_uma_mix,umi_uma_mix_normalized,tdl_all,4.0,3,0.07346668478883343,0.0002309442240469754,0.07289298753254585,0.07404038204512102,0.1758302545197952,0.07346668478883343,15599669,212336640
umi_uma_mix,umi_uma_mix_normalized,tdl_all,6.0,3,0.03819273489492911,0.00017365842792262527,0.03776134344514701,0.038624126344711206,0.09390399871555007,0.03819273489492911,8109717,212336640
umi_uma_mix,umi_uma_mix_normalized,tdl_all,8.0,3,0.01727301515178916,0.00010006569737639425,0.017024438179274515,0.017521592124303806,0.042500790256868905,0.01727301515178916,3667694,212336640
umi_uma_mix,umi_uma_mix_normalized,tdl_all,10.0,3,0.007719430805724344,4.411589208484177e-05,0.007609840854504759,0.007829020756943928,0.018462336251230473,0.007719430805724344,1639118,212336640
umi_uma_mix,umi_uma_mix_normalized,tdl_all,12.0,3,0.003989297372323495,2.735083272037595e-05,0.003921354137312479,0.004057240607334511,0.009284591405702048,0.003989297372323495,847074,212336640
umi_uma_mix,umi_uma_mix_normalized,tdl_all,14.0,3,0.002363812481915509,1.7953081769939116e-05,0.0023192145544469888,0.0024084104093840294,0.005461039298444558,0.002363812481915509,501924,212336640
umi_uma_mix,umi_uma_mix_normalized,tdl_all,16.0,3,0.0015025574483989196,1.3628294551852614e-05,0.001468702887954548,0.0015364120088432914,0.003498174781868138,0.0015025574483989198,319048,212336640
umi_uma_mix,umi_uma_mix_normalized,tdl_all,18.0,3,0.000993907598801601,1.481507557177434e-05,0.0009571049108699412,0.0010307102867332608,0.002358696191054235,0.000993907598801601,211043,212336640
umi_uma_mix,umi_uma_mix_normalized,tdl_all,20.0,3,0.0006848088017216435,1.688885159035955e-05,0.000642854568576299,0.0007267630348669879,0.001655629098934382,0.0006848088017216435,145410,212336640
umi_uma_mix,umi_uma_mix_normalized,tdl_b,-10.0,3,0.3902596367730035,0.00035185569474422736,0.3893855787725624,0.3911336947734446,0.6549459933130829,0.39025963677300346,16573284,42467328
umi_uma_mix,umi_uma_mix_normalized,tdl_b,-8.0,3,0.3596197528603636,0.0003079177482520019,0.35885484276978474,0.3603846629509424,0.6307382521070081,0.35961975286036363,15272090,42467328
umi_uma_mix,umi_uma_mix_normalized,tdl_b,-6.0,3,0.32313798975061486,0.0002818245498885694,0.3224378987581133,0.32383808074311643,0.5945727317421525,0.32313798975061486,13722807,42467328
umi_uma_mix,umi_uma_mix_normalized,tdl_b,-4.0,3,0.2803341429910542,0.0002817292977077286,0.27963428861808715,0.28103399736402124,0.5428016092858198,0.2803341429910542,11905042,42467328
umi_uma_mix,umi_uma_mix_normalized,tdl_b,-2.0,3,0.23175439716857157,0.0002692312330520511,0.2310855897093408,0.23242320462780236,0.4727678186731574,0.23175439716857157,9841990,42467328
umi_uma_mix,umi_uma_mix_normalized,tdl_b,0.0,3,0.17929691738552514,0.0002181193814956822,0.1787550788042677,0.1798387559667826,0.38489752777932607,0.17929691738552517,7614261,42467328
umi_uma_mix,umi_uma_mix_normalized,tdl_b,2.0,3,0.12695029929832177,0.0002689653905536422,0.1262821522284667,0.12761844636817685,0.28539671357951046,0.12695029929832177,5391240,42467328
umi_uma_mix,umi_uma_mix_normalized,tdl_b,4.0,3,0.08041101620521074,0.00023179549385955327,0.07983520427747877,0.08098682813294271,0.18739015981554985,0.08041101620521074,3414841,42467328
umi_uma_mix,umi_uma_mix_normalized,tdl_b,6.0,3,0.04511698970088252,0.00015648031047299485,0.044728271060475534,0.04550570834128951,0.10716887169092158,0.04511698970088252,1915998,42467328
umi_uma_mix,umi_uma_mix_normalized,tdl_b,8.0,3,0.02328067355685764,9.44173713095263e-05,0.023046127804134495,0.02351521930958079,0.05500064893729157,0.023280673556857638,988668,42467328
umi_uma_mix,umi_uma_mix_normalized,tdl_b,10.0,3,0.012183577926070601,3.4894770105692996e-05,0.012096894511704932,0.01227026134043627,0.028215209786050067,0.012183577926070601,517404,42467328
umi_uma_mix,umi_uma_mix_normalized,tdl_b,12.0,3,0.007019914226767458,4.2284995431462854e-05,0.00691487247497102,0.007124955978563895,0.01599475413698841,0.007019914226767458,298117,42467328
umi_uma_mix,umi_uma_mix_normalized,tdl_b,14.0,3,0.004333001595956308,1.570093070780377e-05,0.004293998321874007,0.004372004870038609,0.009877872743210767,0.004333001595956308,184011,42467328
umi_uma_mix,umi_uma_mix_normalized,tdl_b,16.0,3,0.0027765815640673226,1.9415307263812636e-05,0.0027283512671062516,0.0028248118610283935,0.006402801322076778,0.0027765815640673226,117914,42467328
umi_uma_mix,umi_uma_mix_normalized,tdl_b,18.0,3,0.0018373889687620564,2.220664158860355e-05,0.0017822246129384084,0.0018925533245857044,0.004292316654925097,0.0018373889687620564,78029,42467328
umi_uma_mix,umi_uma_mix_normalized,tdl_b,20.0,3,0.0012444625666112076,3.0852788172113494e-05,0.0011678199919973335,0.0013211051412250817,0.0029695855346746195,0.0012444625666112076,52849,42467328
umi_uma_mix,umi_uma_mix_normalized,tdl_c,-10.0,3,0.39006953769259983,0.00017374129281787085,0.3896379403950065,0.3905011349901932,0.6549005765973785,0.39006953769259983,16565211,42467328
umi_uma_mix,umi_uma_mix_normalized,tdl_c,-8.0,3,0.35934116222240303,0.0002634160173354539,0.3586868005598363,0.35999552388496975,0.6307077372883573,0.3593411622224031,15260259,42467328
umi_uma_mix,umi_uma_mix_normalized,tdl_c,-6.0,3,0.32264280907901716,0.000251410448449142,0.3220182709028731,0.3232673472551612,0.5945206366387414,0.32264280907901716,13701778,42467328
umi_uma_mix,umi_uma_mix_normalized,tdl_c,-4.0,3,0.2795562744140625,0.00015981820908717403,0.27915926397382973,0.27995328485429527,0.5426072807591639,0.2795562744140625,11872008,42467328
umi_uma_mix,umi_uma_mix_normalized,tdl_c,-2.0,3,0.2305761737588011,0.00019019457654476937,0.2301037042386181,0.2310486432789841,0.47219635399035464,0.23057617375880113,9791954,42467328
umi_uma_mix,umi_uma_mix_normalized,tdl_c,0.0,3,0.17773510497293354,0.00017337997449557517,0.1773044052398106,0.1781658047060565,0.38363149053888557,0.17773510497293354,7547935,42467328
umi_uma_mix,umi_uma_mix_normalized,tdl_c,2.0,3,0.12489281171633874,0.00021445358856801545,0.12436007946953671,0.1254255439631408,0.28307159341595794,0.12489281171633873,5303864,42467328
umi_uma_mix,umi_uma_mix_normalized,tdl_c,4.0,3,0.07797017509554639,0.00015156802007130777,0.07759365926097776,0.07834669093011502,0.1838417758268339,0.07797017509554639,3311185,42467328
umi_uma_mix,umi_uma_mix_normalized,tdl_c,6.0,3,0.04258885795687451,0.00014440193237430724,0.042230143671000385,0.04294757224274864,0.10276734189670762,0.04258885795687452,1808635,42467328
umi_uma_mix,umi_uma_mix_normalized,tdl_c,8.0,3,0.020983142617308062,9.076349785524581e-05,0.020757673589426998,0.021208611645189127,0.050561045940367526,0.020983142617308062,891098,42467328
umi_uma_mix,umi_uma_mix_normalized,tdl_c,10.0,3,0.010349579799322434,4.3784264220868464e-05,0.010240813657386043,0.010458345941258825,0.024417583991623956,0.010349579799322434,439519,42467328
umi_uma_mix,umi_uma_mix_normalized,tdl_c,12.0,3,0.005635320404429495,4.0125482038807314e-05,0.005535643181290985,0.005734997627568006,0.013119168044211642,0.005635320404429494,239317,42467328
umi_uma_mix,umi_uma_mix_normalized,tdl_c,14.0,3,0.0033775141209731866,3.6778676580614904e-05,0.0032861508234875766,0.0034688774184587967,0.007836915157244176,0.0033775141209731866,143434,42467328
umi_uma_mix,umi_uma_mix_normalized,tdl_c,16.0,3,0.00214385986328125,2.4304422574415933e-05,0.002083484330599557,0.002204235395962943,0.005006337640393381,0.00214385986328125,91044,42467328
umi_uma_mix,umi_uma_mix_normalized,tdl_c,18.0,3,0.001411508630823206,2.5882177987531784e-05,0.001347213736419726,0.001475803525226686,0.0033615256960642294,0.001411508630823206,59943,42467328
umi_uma_mix,umi_uma_mix_normalized,tdl_c,20.0,3,0.0009734777756679206,2.2757901751842464e-05,0.0009169440136837337,0.0010300115376521075,0.0023565118395543236,0.0009734777756679206,41341,42467328
umi_uma_mix,umi_uma_mix_normalized,tdl_d,-10.0,3,0.3842137890097536,0.00032781673180423216,0.3833994471037053,0.3850281309158019,0.6523606043170999,0.38421378900975356,16316533,42467328
umi_uma_mix,umi_uma_mix_normalized,tdl_d,-8.0,3,0.3530522805673105,0.00037508534270077687,0.35212051692234764,0.3539840442122733,0.6275028385865835,0.3530522805673105,14993187,42467328
umi_uma_mix,umi_uma_mix_normalized,tdl_d,-6.0,3,0.3158058825834298,0.00038061268959084906,0.31486038824761087,0.3167513769192487,0.5904327771729894,0.3158058825834298,13411432,42467328
umi_uma_mix,umi_uma_mix_normalized,tdl_d,-4.0,3,0.27191456453299817,0.0003627547998183311,0.2710134316546171,0.27281569741137923,0.5371337359150251,0.27191456453299817,11547485,42467328
umi_uma_mix,umi_uma_mix_normalized,tdl_d,-2.0,3,0.22192936179078657,0.00035102420790286747,0.22105736931816497,0.22280135426340816,0.4643208958484508,0.22192936179078657,9424747,42467328
umi_uma_mix,umi_uma_mix_normalized,tdl_d,0.0,3,0.1674953978738667,0.0003332318577340485,0.1666676040492818,0.16832319169845159,0.3718150567125391,0.1674953978738667,7113082,42467328
umi_uma_mix,umi_uma_mix_normalized,tdl_d,2.0,3,0.11291094179506656,0.00028182991516754373,0.11221083747447314,0.11361104611565997,0.2658602668455354,0.11291094179506656,4795026,42467328
umi_uma_mix,umi_uma_mix_normalized,tdl_d,4.0,3,0.0648344298939646,0.00029821933229787597,0.06409361200420258,0.06557524778372661,0.16119100765129665,0.0648344298939646,2753345,42467328
umi_uma_mix,umi_uma_mix_normalized,tdl_d,6.0,3,0.02965397304958767,0.00020537266814450413,0.029143799059667935,0.030164147039507407,0.0773065114899734,0.029653973049587674,1259325,42467328
umi_uma_mix,umi_uma_mix_normalized,tdl_d,8.0,3,0.009938605037736303,0.00010728521555139076,0.009672093787861808,0.010205116287610798,0.02703165571078842,0.009938605037736303,422066,42467328
umi_uma_mix,umi_uma_mix_normalized,tdl_d,10.0,3,0.0023609914897400656,4.811085585539606e-05,0.0022414774983605975,0.0024805054811195336,0.0066069568899736085,0.0023609914897400656,100265,42467328
umi_uma_mix,umi_uma_mix_normalized,tdl_d,12.0,3,0.0004559269657841435,9.781122583817485e-06,0.0004316293103095159,0.00048022462125877117,0.0013091602220945923,0.0004559269657841435,19362,42467328
umi_uma_mix,umi_uma_mix_normalized,tdl_d,14.0,3,9.605030954619985e-05,2.9806911619251363e-06,8.864586222350225e-05,0.00010345475686889745,0.00028604833531141065,9.605030954619985e-05,4079,42467328
umi_uma_mix,umi_uma_mix_normalized,tdl_d,16.0,3,3.108271846064815e-05,1.1302806712962962e-06,2.827494562011295e-05,3.389049130118335e-05,8.974378273183835e-05,3.108271846064815e-05,1320,42467328
umi_uma_mix,umi_uma_mix_normalized,tdl_d,18.0,3,1.5211694034529319e-05,4.016904974391609e-07,1.4213839521351423e-05,1.6209548547707214e-05,4.194286601645734e-05,1.521169403452932e-05,646,42467328
umi_uma_mix,umi_uma_mix_normalized,tdl_d,20.0,3,8.924507800443674e-06,7.48722080917577e-07,7.064579043546191e-06,1.0784436557341157e-05,2.5278748692887158e-05,8.924507800443674e-06,379,42467328
umi_uma_mix,umi_uma_mix_normalized,tdl_e,-10.0,3,0.3843488104549455,0.00036965185059484486,0.38343054435263,0.385267076557261,0.6523951196376189,0.3843488104549455,16322267,42467328
umi_uma_mix,umi_uma_mix_normalized,tdl_e,-8.0,3,0.3532020192087433,0.00033714535099603997,0.35236450372796124,0.3540395346895253,0.6275569375282453,0.3532020192087432,14999546,42467328
umi_uma_mix,umi_uma_mix_normalized,tdl_e,-6.0,3,0.3160484455249928,0.00036278191129292253,0.3151472452979753,0.3169496457520103,0.5905074441322574,0.3160484455249928,13421733,42467328
umi_uma_mix,umi_uma_mix_normalized,tdl_e,-4.0,3,0.272203963479878,0.0003531089371251998,0.2713267922527762,0.2730811347069798,0.5372312237267142,0.27220396347987796,11559775,42467328
umi_uma_mix,umi_uma_mix_normalized,tdl_e,-2.0,3,0.22219325878002028,0.00041474166594082185,0.22116298336698378,0.22322353419305677,0.46447142075609277,0.22219325878002025,9435954,42467328
umi_uma_mix,umi_uma_mix_normalized,tdl_e,0.0,3,0.1678426766101225,0.0003338226107919658,0.16701341527358804,0.16867193794665697,0.37206783679164485,0.1678426766101225,7127830,42467328
umi_uma_mix,umi_uma_mix_normalized,tdl_e,2.0,3,0.11334890200767989,0.00031827042467277964,0.11255827444318571,0.11413952957217406,0.26626070326677076,0.11334890200767989,4813625,42467328
umi_uma_mix,umi_uma_mix_normalized,tdl_e,4.0,3,0.06520339589060088,0.00027908321550866637,0.06451011475021319,0.06589667703098857,0.16174518385971035,0.06520339589060088,2769014,42467328
umi_uma_mix,umi_uma_mix_normalized,tdl_e,6.0,3,0.029975019855263796,0.00022923696799747272,0.029405563658112553,0.03054447605241504,0.0779526565844814,0.029975019855263792,1272959,42467328
umi_uma_mix,umi_uma_mix_normalized,tdl_e,8.0,3,0.010241590900185667,0.00011277590839918441,0.009961440013143816,0.010521741787227519,0.027660902238876364,0.010241590900185667,434933,42467328
umi_uma_mix,umi_uma_mix_normalized,tdl_e,10.0,3,0.002544120506004051,4.9835597217913306e-05,0.002420322019562777,0.002667918992445325,0.007053587264467582,0.002544120506004051,108042,42467328
umi_uma_mix,umi_uma_mix_normalized,tdl_e,12.0,3,0.0005344814724392361,1.0590963980407739e-05,0.0005081720594107264,0.0005607908854677458,0.0015368909074890394,0.0005344814724392361,22698,42467328
umi_uma_mix,umi_uma_mix_normalized,tdl_e,14.0,3,0.00012977034957320602,2.2966975751818814e-06,0.0001240650365139966,0.00013547566263241544,0.00038549822173721357,0.00012977034957320602,5511,42467328
umi_uma_mix,umi_uma_mix_normalized,tdl_e,16.0,3,4.0336891456886575e-05,6.035701430509732e-07,3.8837540102790726e-05,4.1836242810982425e-05,0.00012258330515617862,4.0336891456886575e-05,1713,42467328
umi_uma_mix,umi_uma_mix_normalized,tdl_e,18.0,3,1.3963675793306326e-05,7.250187399753827e-07,1.2162629399540038e-05,1.5764722187072615e-05,4.630583221240967e-05,1.3963675793306326e-05,593,42467328
umi_uma_mix,umi_uma_mix_normalized,tdl_e,20.0,3,5.4394757306134255e-06,8.680700886651856e-07,3.2830700868366878e-06,7.595881374390163e-06,2.071467081364455e-05,5.4394757306134255e-06,231,42467328
umi_uma_mix,umi_uma_mix_normalized,uma,-10.0,3,0.4010766111774209,0.0003241320423565349,0.40027142254738607,0.4018817998074557,0.6597015114478123,0.4010766111774209,4258163,10616832
umi_uma_mix,umi_uma_mix_normalized,uma,-8.0,3,0.37110335738570605,0.000341712864525914,0.37025449557231505,0.37195221919909704,0.6367338954666514,0.37110335738570605,3939942,10616832
umi_uma_mix,umi_uma_mix_normalized,uma,-6.0,3,0.335319236472801,0.0002731866111179987,0.334640603309752,0.33599786963585,0.6021490707809543,0.33531923647280093,3560028,10616832
umi_uma_mix,umi_uma_mix_normalized,uma,-4.0,3,0.29370795355902773,0.00018678914038371578,0.2932439436112377,0.2941719635068178,0.5528521309664219,0.2937079535590278,3118248,10616832
umi_uma_mix,umi_uma_mix_normalized,uma,-2.0,3,0.2470721021110629,0.00023394938533047272,0.2464909396203008,0.247653264601825,0.48699729236555683,0.2470721021110629,2623123,10616832
umi_uma_mix,umi_uma_mix_normalized,uma,0.0,3,0.19696600643205053,0.00010911612072257616,0.19669494696159348,0.19723706590250759,0.40566363673151273,0.19696600643205053,2091155,10616832
umi_uma_mix,umi_uma_mix_normalized,uma,2.0,3,0.1470430162217882,0.0001566899354343523,0.14665377684410935,0.14743225559946704,0.31466469794143864,0.1470430162217882,1561131,10616832
umi_uma_mix,umi_uma_mix_normalized,uma,4.0,3,0.1022514060691551,0.0001267039717153844,0.10193665595477654,0.10256615618353367,0.22486477207254482,0.10225140606915509,1085586,10616832
umi_uma_mix,umi_uma_mix_normalized,uma,6.0,3,0.0666340015552662,0.00015169465686918013,0.06625717113745228,0.06701083197308014,0.14855153223982565,0.0666340015552662,707442,10616832
umi_uma_mix,umi_uma_mix_normalized,uma,8.0,3,0.04157709192346643,0.00013371750597846385,0.041244919224131635,0.04190926462280123,0.0931704816075019,0.04157709192346643,441417,10616832
umi_uma_mix,umi_uma_mix_normalized,uma,10.0,3,0.025905562035831404,6.303869604984831e-05,0.02574896523366852,0.026062158837994287,0.05791167661915591,0.025905562035831404,275035,10616832
umi_uma_mix,umi_uma_mix_normalized,uma,12.0,3,0.016451517740885418,2.0086346890537935e-05,0.016401620489081458,0.016501414992689378,0.036684858394257815,0.016451517740885418,174663,10616832
umi_uma_mix,umi_uma_mix_normalized,uma,14.0,3,0.010649598675009643,4.0918397904053636e-05,0.010547951739667955,0.010751245610351332,0.023765505636455835,0.010649598675009645,113065,10616832
umi_uma_mix,umi_uma_mix_normalized,uma,16.0,3,0.007013579945505401,6.199394573411098e-05,0.006859578447001301,0.007167581444009501,0.015783845607973176,0.007013579945505401,74462,10616832
umi_uma_mix,umi_uma_mix_normalized,uma,18.0,3,0.004774305555555556,4.738340273666579e-05,0.0046565986579019236,0.004892012453209188,0.010817366083049111,0.004774305555555556,50688,10616832
umi_uma_mix,umi_uma_mix_normalized,uma,20.0,3,0.003342805085358796,5.7555596500985745e-05,0.003199829057563035,0.0034857811131545568,0.00770944259474399,0.0033428050853587963,35490,10616832
umi_uma_mix,umi_uma_mix_normalized,uma_normalized,-10.0,3,0.4010766111774209,0.0003241320423565349,0.40027142254738607,0.4018817998074557,0.6597015114478123,0.4010766111774209,4258163,10616832
umi_uma_mix,umi_uma_mix_normalized,uma_normalized,-8.0,3,0.37110335738570605,0.000341712864525914,0.37025449557231505,0.37195221919909704,0.6367338954666514,0.37110335738570605,3939942,10616832
umi_uma_mix,umi_uma_mix_normalized,uma_normalized,-6.0,3,0.335319236472801,0.0002731866111179987,0.334640603309752,0.33599786963585,0.6021490707809543,0.33531923647280093,3560028,10616832
umi_uma_mix,umi_uma_mix_normalized,uma_normalized,-4.0,3,0.29370795355902773,0.00018678914038371578,0.2932439436112377,0.2941719635068178,0.5528521309664219,0.2937079535590278,3118248,10616832
umi_uma_mix,umi_uma_mix_normalized,uma_normalized,-2.0,3,0.2470721021110629,0.00023394938533047272,0.2464909396203008,0.247653264601825,0.48699729236555683,0.2470721021110629,2623123,10616832
umi_uma_mix,umi_uma_mix_normalized,uma_normalized,0.0,3,0.19696600643205053,0.00010911612072257616,0.19669494696159348,0.19723706590250759,0.40566363673151273,0.19696600643205053,2091155,10616832
umi_uma_mix,umi_uma_mix_normalized,uma_normalized,2.0,3,0.1470430162217882,0.0001566899354343523,0.14665377684410935,0.14743225559946704,0.31466469794143864,0.1470430162217882,1561131,10616832
umi_uma_mix,umi_uma_mix_normalized,uma_normalized,4.0,3,0.1022514060691551,0.0001267039717153844,0.10193665595477654,0.10256615618353367,0.22486477207254482,0.10225140606915509,1085586,10616832
umi_uma_mix,umi_uma_mix_normalized,uma_normalized,6.0,3,0.0666340015552662,0.00015169465686918013,0.06625717113745228,0.06701083197308014,0.14855153223982565,0.0666340015552662,707442,10616832
umi_uma_mix,umi_uma_mix_normalized,uma_normalized,8.0,3,0.04157709192346643,0.00013371750597846385,0.041244919224131635,0.04190926462280123,0.0931704816075019,0.04157709192346643,441417,10616832
umi_uma_mix,umi_uma_mix_normalized,uma_normalized,10.0,3,0.025905562035831404,6.303869604984831e-05,0.02574896523366852,0.026062158837994287,0.05791167661915591,0.025905562035831404,275035,10616832
umi_uma_mix,umi_uma_mix_normalized,uma_normalized,12.0,3,0.016451517740885418,2.0086346890537935e-05,0.016401620489081458,0.016501414992689378,0.036684858394257815,0.016451517740885418,174663,10616832
umi_uma_mix,umi_uma_mix_normalized,uma_normalized,14.0,3,0.010649598675009643,4.0918397904053636e-05,0.010547951739667955,0.010751245610351332,0.023765505636455835,0.010649598675009645,113065,10616832
umi_uma_mix,umi_uma_mix_normalized,uma_normalized,16.0,3,0.007013579945505401,6.199394573411098e-05,0.006859578447001301,0.007167581444009501,0.015783845607973176,0.007013579945505401,74462,10616832
umi_uma_mix,umi_uma_mix_normalized,uma_normalized,18.0,3,0.004774305555555556,4.738340273666579e-05,0.0046565986579019236,0.004892012453209188,0.010817366083049111,0.004774305555555556,50688,10616832
umi_uma_mix,umi_uma_mix_normalized,uma_normalized,20.0,3,0.003342805085358796,5.7555596500985745e-05,0.003199829057563035,0.0034857811131545568,0.00770944259474399,0.0033428050853587963,35490,10616832
umi_uma_mix,umi_uma_mix_normalized,umi,-10.0,3,0.39142740508656443,0.0003166519090745615,0.39064079813770497,0.3922140120354239,0.6554202069470912,0.39142740508656443,4155719,10616832
umi_uma_mix,umi_uma_mix_normalized,umi,-8.0,3,0.36072493188175153,0.00048548534501815897,0.35951891942764447,0.3619309443358586,0.6312874283319637,0.36072493188175153,3829756,10616832
umi_uma_mix,umi_uma_mix_normalized,umi,-6.0,3,0.3240845291702836,0.0003650504739376979,0.3231776935212485,0.3249913648193187,0.5952032388728342,0.3240845291702836,3440751,10616832
umi_uma_mix,umi_uma_mix_normalized,umi,-4.0,3,0.28132770679615166,0.0003780707537052276,0.2803885269791273,0.282266886613176,0.54356739550461,0.2813277067961516,2986809,10616832
umi_uma_mix,umi_uma_mix_normalized,umi,-2.0,3,0.23286956033588926,0.00026862561402882424,0.23220225731771307,0.23353686335406545,0.47380354779737965,0.23286956033588926,2472337,10616832
umi_uma_mix,umi_uma_mix_normalized,umi,0.0,3,0.18063137855058833,0.0002459369277586682,0.18002043735360804,0.18124231974756863,0.38641835841131794,0.18063137855058836,1917733,10616832
umi_uma_mix,umi_uma_mix_normalized,umi,2.0,3,0.12845536220220874,0.0002587497870877267,0.12781259209817258,0.1290981323062449,0.2876001826406997,0.1284553622022087,1363789,10616832
umi_uma_mix,umi_uma_mix_normalized,umi,4.0,3,0.0822186882113233,0.00019225101838262737,0.08174111020641865,0.08269626621622796,0.19028309208375438,0.0822186882113233,872902,10616832
umi_uma_mix,umi_uma_mix_normalized,umi,6.0,3,0.04688667956693673,8.176505244219586e-05,0.04668356391665419,0.04708979521721927,0.1103110600400854,0.04688667956693673,497788,10616832
umi_uma_mix,umi_uma_mix_normalized,umi,8.0,3,0.024733084219473383,7.896003568654327e-05,0.02453693661709591,0.024929231821850854,0.057697840172935416,0.02473308421947338,262587,10616832
umi_uma_mix,umi_uma_mix_normalized,umi,10.0,3,0.013182369279272762,3.460917446807335e-05,0.01309639532380084,0.013268343234744684,0.030102638780702778,0.013182369279272762,139955,10616832
umi_uma_mix,umi_uma_mix_normalized,umi,12.0,3,0.007682140962577161,3.284911116669686e-05,0.007600539246727421,0.0077637426784269,0.01717521500900204,0.007682140962577161,81560,10616832
umi_uma_mix,umi_uma_mix_normalized,umi,14.0,3,0.004761307327835648,2.208932532551276e-05,0.004706434401765356,0.0048161802539059394,0.010623965538854216,0.004761307327835648,50550,10616832
umi_uma_mix,umi_uma_mix_normalized,umi,16.0,3,0.003058727876639661,1.9699687511642644e-05,0.003009791139980452,0.0031076646132988696,0.006862807459841816,0.0030587278766396604,32474,10616832
umi_uma_mix,umi_uma_mix_normalized,umi,18.0,3,0.002018963849103009,3.487080737813905e-05,0.0019323399614525345,0.0021055877367534837,0.004546944417036426,0.002018963849103009,21435,10616832
umi_uma_mix,umi_uma_mix_normalized,umi,20.0,3,0.0013401361159336423,3.092476283717152e-05,0.0012633147463400002,0.0014169574855272843,0.0030822446602137964,0.001340136115933642,14228,10616832
umi_uma_mix,umi_uma_mix_normalized,umi_normalized,-10.0,3,0.39142740508656443,0.0003166519090745615,0.39064079813770497,0.3922140120354239,0.6554202069470912,0.39142740508656443,4155719,10616832
umi_uma_mix,umi_uma_mix_normalized,umi_normalized,-8.0,3,0.36072493188175153,0.00048548534501815897,0.35951891942764447,0.3619309443358586,0.6312874283319637,0.36072493188175153,3829756,10616832
umi_uma_mix,umi_uma_mix_normalized,umi_normalized,-6.0,3,0.3240845291702836,0.0003650504739376979,0.3231776935212485,0.3249913648193187,0.5952032388728342,0.3240845291702836,3440751,10616832
umi_uma_mix,umi_uma_mix_normalized,umi_normalized,-4.0,3,0.28132770679615166,0.0003780707537052276,0.2803885269791273,0.282266886613176,0.54356739550461,0.2813277067961516,2986809,10616832
umi_uma_mix,umi_uma_mix_normalized,umi_normalized,-2.0,3,0.23286956033588926,0.00026862561402882424,0.23220225731771307,0.23353686335406545,0.47380354779737965,0.23286956033588926,2472337,10616832
umi_uma_mix,umi_uma_mix_normalized,umi_normalized,0.0,3,0.18063137855058833,0.0002459369277586682,0.18002043735360804,0.18124231974756863,0.38641835841131794,0.18063137855058836,1917733,10616832
umi_uma_mix,umi_uma_mix_normalized,umi_normalized,2.0,3,0.12845536220220874,0.0002587497870877267,0.12781259209817258,0.1290981323062449,0.2876001826406997,0.1284553622022087,1363789,10616832
umi_uma_mix,umi_uma_mix_normalized,umi_normalized,4.0,3,0.0822186882113233,0.00019225101838262737,0.08174111020641865,0.08269626621622796,0.19028309208375438,0.0822186882113233,872902,10616832
umi_uma_mix,umi_uma_mix_normalized,umi_normalized,6.0,3,0.04688667956693673,8.176505244219586e-05,0.04668356391665419,0.04708979521721927,0.1103110600400854,0.04688667956693673,497788,10616832
umi_uma_mix,umi_uma_mix_normalized,umi_normalized,8.0,3,0.024733084219473383,7.896003568654327e-05,0.02453693661709591,0.024929231821850854,0.057697840172935416,0.02473308421947338,262587,10616832
umi_uma_mix,umi_uma_mix_normalized,umi_normalized,10.0,3,0.013182369279272762,3.460917446807335e-05,0.01309639532380084,0.013268343234744684,0.030102638780702778,0.013182369279272762,139955,10616832
umi_uma_mix,umi_uma_mix_normalized,umi_normalized,12.0,3,0.007682140962577161,3.284911116669686e-05,0.007600539246727421,0.0077637426784269,0.01717521500900204,0.007682140962577161,81560,10616832
umi_uma_mix,umi_uma_mix_normalized,umi_normalized,14.0,3,0.004761307327835648,2.208932532551276e-05,0.004706434401765356,0.0048161802539059394,0.010623965538854216,0.004761307327835648,50550,10616832
umi_uma_mix,umi_uma_mix_normalized,umi_normalized,16.0,3,0.003058727876639661,1.9699687511642644e-05,0.003009791139980452,0.0031076646132988696,0.006862807459841816,0.0030587278766396604,32474,10616832
umi_uma_mix,umi_uma_mix_normalized,umi_normalized,18.0,3,0.002018963849103009,3.487080737813905e-05,0.0019323399614525345,0.0021055877367534837,0.004546944417036426,0.002018963849103009,21435,10616832
umi_uma_mix,umi_uma_mix_normalized,umi_normalized,20.0,3,0.0013401361159336423,3.092476283717152e-05,0.0012633147463400002,0.0014169574855272843,0.0030822446602137964,0.001340136115933642,14228,10616832
umi_uma_mix,umi_uma_mix_normalized,urban_all,-10.0,3,0.3962520081319927,0.0003199615681969113,0.3954571795340941,0.3970468367298913,0.6575608591974517,0.3962520081319927,8413882,21233664
umi_uma_mix,umi_uma_mix_normalized,urban_all,-8.0,3,0.3659141446337288,0.00041195012442464925,0.36489080379424677,0.3669374854732108,0.6340106618993077,0.3659141446337288,7769698,21233664
umi_uma_mix,umi_uma_mix_normalized,urban_all,-6.0,3,0.3297018828215423,0.00031848606962317657,0.32891071956529444,0.3304930460777901,0.5986761548268942,0.3297018828215422,7000779,21233664
umi_uma_mix,umi_uma_mix_normalized,urban_all,-4.0,3,0.2875178301775897,0.00027559548830085917,0.2868332130318875,0.28820244732329187,0.5482097632355161,0.2875178301775897,6105057,21233664
umi_uma_mix,umi_uma_mix_normalized,urban_all,-2.0,3,0.23997083122347607,0.0002512845811111847,0.2393466057191329,0.24059505672781922,0.48040042008146827,0.23997083122347607,5095460,21233664
umi_uma_mix,umi_uma_mix_normalized,urban_all,0.0,3,0.18879869249131945,0.00017643248865251206,0.1883604098926633,0.18923697508997558,0.39604099757141537,0.18879869249131945,4008888,21233664
umi_uma_mix,umi_uma_mix_normalized,urban_all,2.0,3,0.13774918921199844,0.00019368800615242565,0.13726804153158337,0.1382303368924135,0.30113244029106917,0.13774918921199847,2924920,21233664
umi_uma_mix,umi_uma_mix_normalized,urban_all,4.0,3,0.09223504714023921,0.00015879087925325393,0.09184058872878938,0.09262950555168904,0.20757393207814956,0.0922350471402392,1958488,21233664
umi_uma_mix,umi_uma_mix_normalized,urban_all,6.0,3,0.05676034056110146,0.00011660088864479397,0.05647068789638444,0.05704999322581849,0.12943129613995552,0.05676034056110146,1205230,21233664
umi_uma_mix,umi_uma_mix_normalized,urban_all,8.0,3,0.033155088071469906,0.00010542139697179337,0.03289320680361702,0.03341696933932279,0.07543416089021866,0.033155088071469906,704004,21233664
umi_uma_mix,umi_uma_mix_normalized,urban_all,10.0,3,0.019543965657552082,4.6364762037683286e-05,0.01942878920367361,0.019659142111430553,0.044007157699929335,0.019543965657552082,414990,21233664
umi_uma_mix,umi_uma_mix_normalized,urban_all,12.0,3,0.01206682935173129,2.317994121386301e-05,0.012009247185603611,0.012124411517858967,0.026930036701629925,0.01206682935173129,256223,21233664
umi_uma_mix,umi_uma_mix_normalized,urban_all,14.0,3,0.007705453001422647,2.949250689052387e-05,0.007632189552839085,0.007778716450006209,0.017194735587655028,0.007705453001422647,163615,21233664
umi_uma_mix,umi_uma_mix_normalized,urban_all,16.0,3,0.005036153911072531,3.877505571893953e-05,0.00493983133288227,0.005132476489262791,0.011323326533907496,0.005036153911072531,106936,21233664
umi_uma_mix,umi_uma_mix_normalized,urban_all,18.0,3,0.0033966347023292823,4.0074188470305995e-05,0.0032970848994786613,0.0034961845051799034,0.00768215525004277,0.0033966347023292823,72123,21233664
umi_uma_mix,umi_uma_mix_normalized,urban_all,20.0,3,0.002341470600646219,4.4066755009610686e-05,0.0022320027126882655,0.0024509384886041725,0.005395843627478893,0.002341470600646219,49718,21233664
