train_domain,test_group,snr_db,num_train_seeds,real_pooled_ber,a_pooled_ber,pooled_difference,pooled_ratio,mean_paired_seed_difference,std_paired_seed_difference,paired_ci95_low,paired_ci95_high,real_mean_seed_bce,a_mean_seed_bce,mean_paired_seed_bce_difference,std_paired_seed_bce_difference,paired_bce_ci95_low,paired_bce_ci95_high
tdl_mix,in_domain,-10.0,3,0.38626094865210264,0.3931306862536772,-0.006869737601574555,0.9825255625119488,-0.006869737601574573,0.0001541144303195465,-0.007252579069870675,-0.006486896133278471,0.6525981934718144,0.6569955914108841,-0.004397397939069754,0.00019603844391189444,-0.0048843844305624575,-0.003910411447577051
tdl_mix,in_domain,-8.0,3,0.3558847733485846,0.3602736437762225,-0.004388870427637914,0.9878179530935547,-0.004388870427637914,8.056125825474027e-05,-0.0045889956873820985,-0.00418874516789373,0.6282640400492115,0.631862379702521,-0.003598339653309505,0.00019068848487999217,-0.00407203610981424,-0.003124643196804769
tdl_mix,in_domain,-6.0,3,0.3192913808940369,0.32190183945644046,-0.0026104585624035503,0.9918905136832659,-0.0026104585624035317,4.936369478954008e-05,-0.002733084778226173,-0.0024878323465808904,0.5918857273680193,0.5944940048603363,-0.002608277492317179,0.0002067678450530618,-0.003121917293810156,-0.0020946376908242024
tdl_mix,in_domain,-4.0,3,0.276158391693492,0.27753562927246095,-0.0013772375789689595,0.995037618836258,-0.001377237578968941,6.364368534143336e-05,-0.0015353372578463132,-0.001219137900091569,0.5395889135606495,0.541178440845307,-0.0015895272846574808,0.00022768730335034166,-0.002155133901418073,-0.0010239206678968886
tdl_mix,in_domain,-2.0,3,0.22702387115101755,0.22756504482693143,-0.0005411736759138863,0.9976218945386561,-0.0005411736759138678,6.232563136706243e-05,-0.0006959991272072595,-0.0003863482246204761,0.4684492481159575,0.4690268899739524,-0.0005776418579949335,0.00023439801519273856,-0.0011599188071165403,4.635091126673277e-06
tdl_mix,in_domain,0.0,3,0.17380422427330489,0.17372448297194493,7.974130135995905e-05,1.0004590101521433,7.974130135995905e-05,7.379038872036366e-05,-0.00010356418603190622,0.00026304678875182434,0.37872464691783175,0.37825666574048405,0.0004679811773476798,0.00020854216716535936,-5.006628461741333e-05,0.000986028639312773
tdl_mix,in_domain,2.0,3,0.12066015549647956,0.12007041742772231,0.0005897380687572423,1.0049116017199844,0.0005897380687572331,5.541191084494926e-05,0.00045208725134197083,0.0007273888861724954,0.27665848778905694,0.27518105059862136,0.001477437190435582,0.00016525417878696886,0.001066923052871103,0.0018879513280000613
tdl_mix,in_domain,4.0,3,0.07356883390450183,0.07267036437988281,0.0008984695246190277,1.0123636303778842,0.0008984695246190231,1.5085319660228363e-05,0.0008609955131558318,0.0009359435360822144,0.17597944434318277,0.1738044977877979,0.002174946555384879,6.906971086574776e-05,0.0020033678818771306,0.002346525228892627
tdl_mix,in_domain,6.0,3,0.038375213999807097,0.03747771934226707,0.000897494657540028,1.0239474192477833,0.0008974946575400258,1.554213199770613e-05,0.0008588858613220705,0.000936103453757981,0.09427641557506573,0.09199243295523855,0.0022839826198271748,5.734056878682202e-05,0.0021415407504852594,0.00242642448916909
tdl_mix,in_domain,8.0,3,0.017433142956392266,0.016803407080379532,0.0006297358760127339,1.0374766779737215,0.0006297358760127316,1.7154383170665087e-05,0.0005871220258550647,0.0006723497261703986,0.04285087632877683,0.04113364163728684,0.0017172346914899929,3.174005154593251e-05,0.0016383880324688774,0.0017960813505111084
tdl_mix,in_domain,10.0,3,0.0077923244900173615,0.0074600643581814235,0.000332260131835938,1.0445385074287663,0.00033226013183593775,9.324569356389535e-06,0.0003090966174510279,0.0003554236462208476,0.018578623479697853,0.01765257373975337,0.0009260497399444847,2.247986240680345e-05,0.0008702066659826856,0.0009818928139062838
tdl_mix,in_domain,12.0,3,0.003997727382330247,0.0038225762638044946,0.00017515111852575227,1.0458201763518067,0.00017515111852575227,3.904379487081862e-06,0.00016545210220054305,0.0001848501348509615,0.009220900207610275,0.008740441377260677,0.00048045883034959595,3.318414043427429e-05,0.0003980248556616961,0.0005628928050374958
tdl_mix,in_domain,14.0,3,0.002359084141107253,0.0022320500126591434,0.00012703412844810962,1.056913656830103,0.00012703412844810962,1.2653073848029551e-05,9.560215053147547e-05,0.00015846610636474376,0.005343874986298639,0.0050066780746686355,0.0003371969116300038,4.152521928572285e-05,0.00023404254840975815,0.00044035127485024945
tdl_mix,in_domain,16.0,3,0.0014992890534577547,0.0013791637656129436,0.00012012528784481114,1.0871000898079886,0.00012012528784481093,2.3610463712612226e-05,6.147364454219243e-05,0.0001787769311474294,0.003375714946269645,0.0030704790854649473,0.0003052358608046974,4.8098374306305046e-05,0.00018575287531202842,0.0004247188462973663
tdl_mix,in_domain,18.0,3,0.0010037975546754437,0.0008805922520013503,0.0001232053026740934,1.1399118631739955,0.0001232053026740933,2.6353634944246384e-05,5.773924426492751e-05,0.00018867136108325906,0.0022733226359869965,0.001962934313728735,0.00031038832225826145,4.3033361529907465e-05,0.00020348752601441215,0.00041728911850211073
tdl_mix,in_domain,20.0,3,0.0007194236472800925,0.000578585966133777,0.00014083768114631556,1.2434170363436572,0.00014083768114631556,3.3802775458467593e-05,5.6866931864949714e-05,0.0002248084304276814,0.0016549379349614644,0.001315168196020065,0.00033976973894139935,4.598206998168443e-05,0.00022554394483125848,0.0004539955330515402
tdl_mix,tdl_A_100ns,-10.0,3,0.3910372698748553,0.3952260900426794,-0.00418882016782407,0.9894014583719113,-0.00418882016782407,0.00010819116903234446,-0.004457581930905779,-0.003920058404742361,0.6553128575101311,0.6574637948730846,-0.0021509373629534645,0.00025350755397748865,-0.0027806850380262095,-0.0015211896878807192
tdl_mix,tdl_A_100ns,-8.0,3,0.36133528344425153,0.36318404586226855,-0.0018487624180170137,0.9949095714994096,-0.0018487624180169953,0.00013240405081160284,-0.002177672313838974,-0.0015198525221950163,0.6318922234170231,0.6327457538357487,-0.000853530418725638,0.00029485461655542764,-0.0015859898912222049,-0.00012107094622907093
tdl_mix,tdl_A_100ns,-6.0,3,0.32557461585527586,0.32560268449194635,-2.8068636670486313e-05,0.9999137948241603,-2.8068636670541824e-05,7.414833601624976e-05,-0.00021226331443897022,0.00015612604109788657,0.5966449946533015,0.5959694385528564,0.0006755561004450072,0.00035820979238996453,-0.00021428635358262493,0.0015653985544726394
tdl_mix,tdl_A_100ns,-4.0,3,0.2835248782310957,0.28224624822169175,0.001278630009403925,1.00453019311137,0.0012786300094039433,0.00023579612800452094,0.000692879955521176,0.0018643800632867106,0.5458691719873452,0.5436653292473452,0.0022038427399999985,0.0003877542740094074,0.0012406077250046335,0.0031670777549953634
tdl_mix,tdl_A_100ns,-2.0,3,0.23567058421947337,0.23369984567901234,0.0019707385404610367,1.0084327763877425,0.0019707385404610367,0.00012098040797499042,0.0016702065466161202,0.002271270534305953,0.47699172150941543,0.47348983236301095,0.0035018891464045168,0.0003662909708429058,0.002591971932225794,0.004411806360583239
tdl_mix,tdl_A_100ns,0.0,3,0.1836634506413966,0.18139168068214698,0.002271769959249631,1.0125241132928828,0.0022717699592496123,0.00016083414721228484,0.0018722357888073457,0.002671304129691879,0.39067633210876845,0.3861878782878687,0.004488453820899685,0.0003602812706185197,0.0035934655296852355,0.005383442112114134
tdl_mix,tdl_A_100ns,2.0,3,0.1316669605396412,0.1294166659131462,0.002250294626494981,1.0173879817612146,0.002250294626494981,9.65010564836339e-05,0.0020105727128512216,0.00249001654013874,0.2930514310245161,0.28803611151230185,0.005015319512214178,0.00036794301477595387,0.004101298393399748,0.005929340631028608
tdl_mix,tdl_A_100ns,4.0,3,0.08532187379436729,0.08320523485725309,0.002116638937114196,1.0254387712593505,0.0021166389371142006,6.520721178269751e-05,0.0019546552432406195,0.0022786226309877817,0.19659243616057032,0.19180239663447862,0.004790039526091676,0.0002847142048781971,0.004082770232656138,0.005497308819527214
tdl_mix,tdl_A_100ns,6.0,3,0.04962855209538966,0.048165968906732255,0.0014625831886574056,1.0303654887850284,0.001462583188657408,8.511508782574353e-05,0.0012511455891425854,0.0016740207881722306,0.11658059078970073,0.11275699486335118,0.003823595926349547,0.0001826791114400404,0.003369795856455235,0.004277395996243859
tdl_mix,tdl_A_100ns,8.0,3,0.026689600061487267,0.025769645785108024,0.000919954276379243,1.0356991432498026,0.0009199542763792442,1.8382993853478286e-05,0.0008742883880912269,0.0009656201646672615,0.06262572022315897,0.06012689584383258,0.0024988243793263817,7.811540113134561e-05,0.002304774965500204,0.0026928737931525594
tdl_mix,tdl_A_100ns,10.0,3,0.014269981855227624,0.013766724386332948,0.0005032574688946766,1.0365560793382549,0.0005032574688946754,5.533832119685711e-05,0.0003657894582994401,0.0006407254794899106,0.032816845187802375,0.03147164929980113,0.00134519588800124,4.245167773624237e-05,0.0012397400744056026,0.0014506517015968775
tdl_mix,tdl_A_100ns,12.0,3,0.008063704879195601,0.00778480812355324,0.000278896755642361,1.035825771324864,0.000278896755642361,3.054242372030398e-05,0.00020302516906764271,0.0003547683422170793,0.018187996149523024,0.017461196496438833,0.0007267996530841911,5.8287602964287806e-05,0.000582005220427628,0.0008715940857407542
tdl_mix,tdl_A_100ns,14.0,3,0.004918039580922068,0.004716943811487268,0.00020109576943479982,1.0426326404281236,0.00020109576943479952,1.488888286573629e-05,0.00016410973402079972,0.00023808180484879933,0.010951637612356816,0.010443344016639907,0.0005082935957169086,9.011693081062586e-05,0.00028443072941461867,0.0007321564620191985
tdl_mix,tdl_A_100ns,16.0,3,0.003188239203559028,0.0029931715977044755,0.00019506760585455245,1.0651708729309586,0.00019506760585455245,4.398151182600595e-05,8.581147370366907e-05,0.00030432373800543585,0.007026736621664447,0.006556364957726112,0.0004703716639383341,9.706635643924357e-05,0.00022924546735634144,0.0007114978605203267
tdl_mix,tdl_A_100ns,18.0,3,0.0021386794102044755,0.0019397500120563271,0.00019892939814814838,1.102554141983102,0.0001989293981481483,3.193792994593112e-05,0.0001195911819312369,0.0002782676143650597,0.004768176610800035,0.004264251533090884,0.000503925077709151,8.052755718540056e-05,0.0003038835360622431,0.0007039666193560588
tdl_mix,tdl_A_100ns,20.0,3,0.001544811107494213,0.001292758517795139,0.0002520525896990741,1.1949726775956284,0.00025205258969907414,4.902653485611037e-05,0.00013026392558198813,0.0003738412538161601,0.003499902001536095,0.0028918115220917962,0.0006080904794442985,7.43688763215658e-05,0.00042334794918645304,0.000792833009702144
tdl_mix,tdl_A_10ns,-10.0,3,0.38122473822699654,0.39070251841603976,-0.009477780189043217,0.9757416967070819,-0.009477780189043217,0.00013077301370811772,-0.009802638364087011,-0.009152922013999422,0.6499019059134118,0.6562272111574808,-0.006325305244069046,0.00011252735543909636,-0.006604838691329351,-0.006045771796808741
tdl_mix,tdl_A_10ns,-8.0,3,0.3504370230215567,0.3572043901608314,-0.0067673671392746715,0.9810546361531904,-0.00676736713927469,3.5461524084160656e-05,-0.006855458448571609,-0.006679275829977771,0.6248100767900914,0.6306205612641794,-0.005810484474087903,9.173821578606216e-05,-0.00603837483553932,-0.005582594112636486
tdl_mix,tdl_A_10ns,-6.0,3,0.31319060149016203,0.3181109016324267,-0.004920300142264689,0.9845327522036638,-0.004920300142264651,8.216736891288861e-05,-0.005124415202064136,-0.004716185082465167,0.5875127620903062,0.5926017617737805,-0.005088999683474316,0.00011703305310895407,-0.005379725904234481,-0.0047982734627141505
tdl_mix,tdl_A_10ns,-4.0,3,0.26954387146749614,0.2729920752254533,-0.00344820375795718,0.9873688503407674,-0.0034482037579571614,0.00015088638418273587,-0.00382302631510924,-0.0030733812008050827,0.5339486701988879,0.5382263513258946,-0.004277681127006661,0.00016185624506994363,-0.004679754329282332,-0.0038756079247309894
tdl_mix,tdl_A_10ns,-2.0,3,0.21967381606867284,0.22196489498939043,-0.0022910789207175875,0.9896781924870277,-0.0022910789207175966,0.00014848437210241515,-0.002659934549076646,-0.0019222232923585467,0.46084805292847714,0.46415490684685884,-0.003306853918381684,0.00018147807739347943,-0.0037576704543077254,-0.0028560373824556423
tdl_mix,tdl_A_10ns,0.0,3,0.16551764217423803,0.1668209499782986,-0.0013033078040605717,0.992187385312036,-0.0013033078040605717,8.908552056574496e-05,-0.001524608505277171,-0.0010820071028439723,0.3681323222907973,0.370206575334808,-0.0020742530440106912,0.00014786732659878888,-0.0024415758463642596,-0.0017069302416571229
tdl_mix,tdl_A_10ns,2.0,3,0.11125267876519097,0.11170705159505208,-0.00045437282986110494,0.9959324606336559,-0.00045437282986110955,3.2894857247480576e-05,-0.0005360881852752928,-0.0003726574744469263,0.2621609369913737,0.26277065001152183,-0.0006097130201481171,7.968624297093033e-05,-0.0008076646214273493,-0.0004117614188688849
tdl_mix,tdl_A_10ns,4.0,3,0.0636537339952257,0.0633098461009838,0.0003438878942419038,1.005431823253738,0.00034388789424189453,6.445635501164495e-05,0.00018376943198947823,0.0005040063564943108,0.15781736705038282,0.1570212303856273,0.0007961366647555498,6.292096561215649e-05,0.0006398323212127679,0.0009524410082983317
tdl_mix,tdl_A_10ns,6.0,3,0.028895436981577934,0.028238555531442902,0.0006568814501350315,1.0232618644180864,0.0006568814501350315,9.966211496787811e-05,0.0004093070319012177,0.0009044558683688452,0.0748467677169376,0.07325125637429732,0.0015955113426402805,0.00010594606341289869,0.0013323267310949092,0.0018586959541856518
tdl_mix,tdl_A_10ns,8.0,3,0.009799721800250771,0.009271409776475694,0.0005283120237750769,1.0569829223939127,0.0005283120237750769,5.2700914527165084e-05,0.00039739569454949185,0.000659228353000662,0.026095675074575858,0.024665232862771294,0.0014304422118045664,4.315315220935751e-05,0.0013232438390163679,0.0015376405845927649
tdl_mix,tdl_A_10ns,10.0,3,0.0027193611050829476,0.002411736382378472,0.0003076247227044755,1.12755321226323,0.00030762472270447536,3.1402603031275246e-05,0.0002296163322644256,0.00038563311314452513,0.007056646132381794,0.006239024117405032,0.0008176220149767622,4.0093564018985905e-05,0.0007180240805949776,0.0009172199493585468
tdl_mix,tdl_A_10ns,12.0,3,0.000952355655623071,0.0007737713095582561,0.0001785843460648149,1.2307973219720025,0.00017858434606481482,2.4419033135837503e-05,0.00011792410496531868,0.00023924458716431096,0.002320015188565271,0.0018643528847512502,0.00045566230381402056,6.0409328592238675e-05,0.0003055972125108794,0.0006057273951171618
tdl_mix,tdl_A_10ns,14.0,3,0.000531702865788966,0.00040068449797453704,0.00013101836781442898,1.3269863657733896,0.00013101836781442898,2.174566700712181e-05,7.699913633284122e-05,0.00018503759929601674,0.0012525327736871133,0.0009068112922699426,0.0003457214814171707,4.725678070889948e-05,0.0002283291303178631,0.00046311383251647825
tdl_mix,tdl_A_10ns,16.0,3,0.0003630084755979938,0.00023651123046875,0.00012649724512924383,1.534846674631621,0.00012649724512924383,1.76110218302658e-05,8.274904165657697e-05,0.00017024544860191069,0.0008518667765078314,0.000536856292495222,0.00031501048401260946,4.279357037508427e-05,0.000208705362019423,0.0004213156060057959
tdl_mix,tdl_A_10ns,18.0,3,0.0002697603202160494,0.00015070408950617283,0.00011905623070987656,1.79,0.00011905623070987653,1.5870116039049167e-05,7.963267696593809e-05,0.00015847978445381497,0.0006444146973608665,0.0003426578431611424,0.00030175685419972406,4.2030265837335e-05,0.00019734788579438205,0.0004061658226050661
tdl_mix,tdl_A_10ns,20.0,3,0.00021578941816165122,9.955888913001543e-05,0.00011623052903163579,2.1674550614947963,0.0001162305290316358,1.899185468678951e-05,6.905214658632546e-05,0.00016340891147694614,0.0005152902526339106,0.0002318967304565803,0.00028339352217733024,4.313856445043542e-05,0.00017623138739120134,0.0003905556569634591
tdl_mix,tdl_A_300ns,-10.0,3,0.4021617748119213,0.3997486255787037,0.0024131492332175597,1.006036666742066,0.002413149233217615,0.0004193923908197773,0.0013713207791218927,0.003454977687313338,0.6614915993478564,0.6593659240522501,0.0021256752956061073,0.0004296458892153324,0.0010583757394676569,0.003192974851744558
tdl_mix,tdl_A_300ns,-8.0,3,0.37254889217423803,0.3684133835780768,0.0041355085961612414,1.0112251855673555,0.00413550859616126,0.00031142134130712583,0.0033618950979472637,0.004909122094375256,0.6391489895773522,0.635439760155148,0.0037092294222042708,0.0004783146608483107,0.0025210299350632275,0.004897428909345314
tdl_mix,tdl_A_300ns,-6.0,3,0.3366895134066358,0.33193753089433836,0.004751982512297415,1.0143158940162451,0.004751982512297452,0.0002611998603236017,0.004103126088939272,0.005400838935655632,0.6048443729494825,0.5997242007726504,0.005120172176832065,0.0005614263864016621,0.003725511717947533,0.0065148326357165965
tdl_mix,tdl_A_300ns,-4.0,3,0.29451092378592786,0.28995900095244986,0.004551922833477995,1.0156985050249379,0.004551922833478013,0.0001785528224014949,0.00410837303379432,0.004995472633161706,0.5551969213986103,0.549139157489494,0.006057763909116276,0.0006219024305241805,0.00451287262836387,0.007602655189868682
tdl_mix,tdl_A_300ns,-2.0,3,0.24673650294174382,0.24298114541136187,0.0037553575303819475,1.0154553454097197,0.0037553575303819475,0.000150570663209165,0.003381319267606736,0.004129395793157159,0.4883263766029735,0.48192786728894266,0.00639850931403078,0.000645966207956547,0.004793840296269217,0.008003178331792343
tdl_mix,tdl_A_300ns,0.0,3,0.19582235077281057,0.19272274441189235,0.0030996063609182167,1.0160832410848906,0.0030996063609182167,0.00019177030622322298,0.002623222511217284,0.0035759902106191495,0.40558035947658394,0.399283555186825,0.0062968042897589465,0.0007115577212043211,0.004529196920361689,0.008064411659156204
tdl_mix,tdl_A_300ns,2.0,3,0.14537189624927663,0.142703397774402,0.002668498474874631,1.018699614140185,0.0026684984748746123,0.0002617018286539506,0.0020183950930568618,0.003318601856692363,0.31311645625550066,0.307244845562511,0.0058716106929896554,0.0007608832212440004,0.003981471988788281,0.00776174939719103
tdl_mix,tdl_A_300ns,4.0,3,0.09998199086130401,0.09787703149112655,0.0021049593701774616,1.021506162764737,0.0021049593701774664,0.0002313228769510735,0.0015303214879311127,0.0026795972524238203,0.22200270420239296,0.21695697178811202,0.005045732414280922,0.0006388945716574166,0.0034586303149344725,0.006632834513627371
tdl_mix,tdl_A_300ns,6.0,3,0.06398292824074074,0.06247503963517554,0.001507888605565201,1.0241358567256709,0.001507888605565201,4.726811379714635e-05,0.0013904681015139877,0.0016253091096164144,0.14467866093288234,0.14079130275381935,0.003887358179062985,0.00041483528178763745,0.002856850211370985,0.004917866146754985
tdl_mix,tdl_A_300ns,8.0,3,0.039004478925540126,0.037971684962143135,0.0010327939633969913,1.0271990554126493,0.0010327939633969889,4.5530639080258805e-05,0.000919689585813371,0.0011458983409806068,0.08852791602228893,0.08585125433258067,0.0026766616897082596,0.00020837991964797167,0.0021590172729197624,0.0031943061064967568
tdl_mix,tdl_A_300ns,10.0,3,0.023292824074074073,0.022699803481867283,0.0005930205922067902,1.0261244813278008,0.0005930205922067914,2.8313944421979736e-05,0.0005226848550971035,0.0006633563293164793,0.05275894869348885,0.051084937205837094,0.001674011487651753,0.00010227337264404529,0.0014199503457492308,0.001928072629554275
tdl_mix,tdl_A_300ns,12.0,3,0.014167408884307484,0.01370097972728588,0.0004664291570216049,1.0340434893201613,0.0004664291570216049,6.628865676658567e-06,0.0004499621418074707,0.0004828961722357391,0.0317967646398846,0.030691632046651693,0.00110513259323291,6.99395357724255e-05,0.0009313931548717827,0.0012788720315940374
tdl_mix,tdl_A_300ns,14.0,3,0.008855560679494598,0.008507151662567516,0.0003484090169270822,1.0409548378525004,0.0003484090169270839,4.120198629265178e-05,0.00024605760897463823,0.0004507604248795296,0.019735153994442506,0.018832351219047,0.0009028027753955059,0.00011224201768455773,0.0006239781464118626,0.0011816274043791493
tdl_mix,tdl_A_300ns,16.0,3,0.005718278296199845,0.005362428264853395,0.0003558500313464502,1.0663598679125974,0.00035585003134645045,8.520150489537639e-05,0.00014419775993000587,0.000567502302762895,0.01270619481169607,0.011817202420422326,0.0008889923912737471,0.00014922471296230618,0.000518297654265023,0.0012596871282824712
tdl_mix,tdl_A_300ns,18.0,3,0.003853597758728781,0.003448768898292824,0.00040482886043595716,1.1173835859620376,0.0004048288604359569,8.915182088790823e-05,0.00018336346008876448,0.0006262942607831493,0.00861034454651361,0.007632506514014102,0.000977838032499508,0.00012944068159991833,0.0006562895538903912,0.0012993865111086249
tdl_mix,tdl_A_300ns,20.0,3,0.0027622175805362653,0.0022862752278645835,0.0004759423526716818,1.2081736909323115,0.0004759423526716821,0.00013031673350678304,0.00015221764048318999,0.0007996670648601742,0.00630743714497873,0.005155182633991641,0.0011522545109870898,0.0001476934850862924,0.000785363554890598,0.0015191454670835816
tdl_mix,tdl_A_30ns,-10.0,3,0.38313236942997686,0.3916172922393422,-0.008484922809365358,0.9783336359820912,-0.00848492280936534,0.00018470328942270304,-0.008943751216121867,-0.008026094402608812,0.6509775122006735,0.6564980031531534,-0.005520490952479973,0.00014341471192634895,-0.0058767528468094245,-0.005164229058150521
tdl_mix,tdl_A_30ns,-8.0,3,0.3526734717098283,0.35849893828968943,-0.005825466579861105,0.9837503937734015,-0.005825466579861105,9.599861406589686e-05,-0.006063940357346934,-0.005586992802375276,0.6262993738975055,0.6311024618737492,-0.004803087976243736,0.0001323530524806857,-0.005131871185188643,-0.00447430476729883
tdl_mix,tdl_A_30ns,-6.0,3,0.3159457548165027,0.3197146757149402,-0.0037689208984375,0.988211611212374,-0.0037689208984375,3.088557858035581e-05,-0.0038456449289410756,-0.0036921968679339244,0.5895768915429528,0.5933914092587836,-0.0038145177158308194,0.00015853020477728117,-0.004208328575984376,-0.0034207068556772625
tdl_mix,tdl_A_30ns,-4.0,3,0.272584609043451,0.27496827678915897,-0.0023836677457079736,0.9913311172708998,-0.002383667745707918,8.24370719659538e-05,-0.0025884527850325214,-0.0021788827063833147,0.5368473470946888,0.5395220319430033,-0.002674684848314457,0.00019487762401593984,-0.003158787703326961,-0.002190581993301953
tdl_mix,tdl_A_30ns,-2.0,3,0.22335674144603587,0.2246185114354263,-0.0012617699893904266,0.9943826090675827,-0.0012617699893904266,0.0001435613118400998,-0.0016183960580941797,-0.0009051439206866736,0.46498218877815906,0.4663775143799958,-0.001395325601836787,0.0002061490520985117,-0.0019074282364155426,-0.0008832229672580315
tdl_mix,tdl_A_30ns,0.0,3,0.1697702290099344,0.1699321417160976,-0.00016191270616319753,0.9990471919877659,-0.00016191270616319753,9.987526425064682e-05,-0.0004100166165685895,8.619120424219445e-05,0.3740001250932246,0.37396606729354387,3.405779968072379e-05,0.0001771814050369305,-0.0004060852104089779,0.0004742008097704255
tdl_mix,tdl_A_30ns,2.0,3,0.11596039195119599,0.11551534393687307,0.0004450480143229213,1.0038527177356293,0.0004450480143229167,5.731579060934062e-05,0.00030266769738611365,0.0005874283312597197,0.27006691565484175,0.26860651392259716,0.0014604017322445983,0.00013725712832793715,0.0011194361235457922,0.0018013673409434045
tdl_mix,tdl_A_30ns,4.0,3,0.06850668824749229,0.06754020408347801,0.000966484164014278,1.0143097607881038,0.000966484164014278,2.6127173827497426e-05,0.0009015806662054945,0.0010313876618230613,0.16732086682761158,0.16486091451880372,0.0024599523088078465,0.00011158766856783097,0.002182753173141776,0.002737151444473917
tdl_mix,tdl_A_30ns,6.0,3,0.03336061077353395,0.032274881998697914,0.0010857287748360367,1.0336400540482173,0.0010857287748360343,7.897941500866565e-05,0.0008895330315536495,0.001281924518118419,0.08437410604070734,0.08173294751732436,0.0026411585233829665,0.00013571069119973234,0.0023040344774733295,0.0029782825692926036
tdl_mix,tdl_A_30ns,8.0,3,0.013016218020592206,0.012304894718123072,0.0007113233024691346,1.057808158360061,0.0007113233024691352,4.71141446721318e-05,0.0005942852789278301,0.0008283613260104402,0.03354547837358198,0.03162708692252636,0.0019183914510556243,5.802340073826193e-05,0.001774253333112285,0.0020625295689989634
tdl_mix,tdl_A_30ns,10.0,3,0.004577448338638117,0.004219808696228781,0.00035763964240933654,1.0847525724872213,0.00035763964240933654,1.7760008988995928e-05,0.0003135213343170877,0.00040175795050158535,0.01148986608295897,0.01050794806998269,0.0009819180129762787,1.8575814099610584e-05,0.0009357731326432372,0.0010280628933093203
tdl_mix,tdl_A_30ns,12.0,3,0.001929200725790895,0.0017423276548032408,0.00018687307098765428,1.1072548383609038,0.00018687307098765428,2.002530209047819e-05,0.00013712746287363386,0.0002366186791016747,0.004562704329505379,0.0040562220081617984,0.0005064823213435798,4.1832687888365446e-05,0.0004025641637723018,0.0006104004789148578
tdl_mix,tdl_A_30ns,14.0,3,0.0010584136586130402,0.0009123248818479939,0.00014608877676504633,1.1601280198224242,0.00014608877676504636,1.6180689270268663e-05,0.00010589371634514639,0.00018628383718494632,0.0024443566576393756,0.00207124908783841,0.0003731075698009659,4.046532308905823e-05,0.00027258613469349465,0.0004736290049084372
tdl_mix,tdl_A_30ns,16.0,3,0.0006660178855613425,0.0005419695818865741,0.00012404830367476847,1.2288842544316996,0.00012404830367476847,1.3949353306746308e-05,8.93961890696476e-05,0.00015870041827988933,0.0015623619864201805,0.0012305080760406893,0.0003318539103794912,4.7928883454959415e-05,0.00021279196350246243,0.00045091585725652
tdl_mix,tdl_A_30ns,18.0,3,0.0004611545138888889,0.00033955515166859566,0.00012159936222029321,1.358113730929265,0.00012159936222029323,2.24751368645722e-05,6.576802715615966e-05,0.0001774306972844268,0.001104521813554859,0.0007787152005647964,0.0003258066129900625,5.237042582304812e-05,0.00019571126321771276,0.00045590196276241226
tdl_mix,tdl_A_30ns,20.0,3,0.00034935091748649694,0.00021908607011959878,0.00013026484736689816,1.5945829750644884,0.00013026484736689816,2.522482854373711e-05,6.760289950660808e-05,0.00019292679522718825,0.0008346437028890643,0.0005145475248736832,0.00032009617801538105,5.4757129639547155e-05,0.00018407192728546465,0.0004561204287452975
tdl_mix,tdl_B_100ns,-10.0,3,0.3914544376326196,0.39599053653669947,-0.004536098904079855,0.9885449310386248,-0.004536098904079873,0.0002112840842137555,-0.005060957665587635,-0.004011240142572111,0.6554906206366456,0.6578010938785694,-0.002310473241923757,0.000273890372221045,-0.0029908546444689776,-0.0016300918393785365
tdl_mix,tdl_B_100ns,-8.0,3,0.3616770991572627,0.3637781025450907,-0.002101003387827982,0.9942244918725762,-0.0021010033878279453,0.00023005122414275565,-0.0026724823093767845,-0.001529524466279106,0.6320489048957825,0.6331298093736907,-0.0010809044779082806,0.0003042658884139213,-0.0018367428457449456,-0.0003250661100716156
tdl_mix,tdl_B_100ns,-6.0,3,0.3259224597318673,0.3261755484121817,-0.0002530886803144283,0.9992240721858323,-0.0002530886803144283,0.00012245116630007908,-0.0005572742403797057,5.109687975084898e-05,0.5968050964084672,0.596400452616774,0.0004046437916932488,0.00034551334322821905,-0.00045365893416518435,0.001262946517551682
tdl_mix,tdl_B_100ns,-4.0,3,0.2837405734592014,0.2826996791509934,0.0010408943082079736,1.003681979092916,0.0010408943082079551,0.00010663994976722372,0.0007759859874020712,0.001305802629013839,0.5460793445875615,0.5441793159202293,0.0019000286673322246,0.0003544259980674005,0.001019585679475134,0.002780471655189315
tdl_mix,tdl_B_100ns,-2.0,3,0.2356560789508584,0.23393240092713155,0.00172367802372686,1.0073682739838326,0.0017236780237268694,0.00011731563362568116,0.0014322498340484699,0.002015106213405269,0.4773328392593949,0.47414177141071834,0.0031910678486765285,0.0003331423983317504,0.0023634962535665537,0.004018639443786503
tdl_mix,tdl_B_100ns,0.0,3,0.18382366792655286,0.18174894356433255,0.0020747243622203093,1.0114153310689584,0.0020747243622202816,0.00012629790730959024,0.0017609829677455817,0.002388465756694981,0.39121962071936806,0.3870344640296182,0.004185156689749818,0.0003209438071085729,0.003387888075128705,0.004982425304370931
tdl_mix,tdl_B_100ns,2.0,3,0.13210014060691552,0.12997295238353587,0.00212718822337965,1.0163663915019991,0.0021271882233796133,0.0001426660371275404,0.0017727861403517894,0.0024815903064074373,0.29389866064360115,0.2891255131474248,0.004773147496176355,0.00031828570496999543,0.003982481973319615,0.005563813019033095
tdl_mix,tdl_B_100ns,4.0,3,0.08582032757040894,0.08384374924647955,0.00197657832392939,1.0235745460060326,0.001976578323929399,6.0599937845934844e-05,0.001826039732990925,0.0021271169148678734,0.19773952442186848,0.1930745275300226,0.004664996891845889,0.0002312696523272101,0.0040904912268948735,0.005239502556796905
tdl_mix,tdl_B_100ns,6.0,3,0.05005909484109761,0.048582854094328706,0.0014762407467689004,1.0303860440949522,0.001476240746768905,7.822465716186083e-05,0.0012819199259170779,0.001670561567620732,0.11778460121081198,0.11395043042706854,0.0038341707837434478,0.0001478166480268129,0.0034669738739417076,0.004201367693545188
tdl_mix,tdl_B_100ns,8.0,3,0.026962186083381558,0.025996643819926696,0.0009655422634548619,1.0371410352098898,0.0009655422634548607,3.886341518137651e-05,0.0008690001881917623,0.001062084338717959,0.06352437140397084,0.06093466392269841,0.002589707481272426,6.70265300855938e-05,0.0024232043501927728,0.0027562106123520795
tdl_mix,tdl_B_100ns,10.0,3,0.014205650047019677,0.013684590657552084,0.0005210593894675927,1.0380763592062607,0.0005210593894675927,1.757395630500627e-05,0.0004774032618640323,0.0005647155170711531,0.033238246691999616,0.031774348544853705,0.0014638981471459093,3.817723253298166e-05,0.0013690606440769015,0.0015587356502149172
tdl_mix,tdl_B_100ns,12.0,3,0.007886156623746142,0.0076021736050829476,0.00028398301866319406,1.0373555029673773,0.00028398301866319406,4.509451601562431e-05,0.00017196203083143962,0.0003960040064949485,0.01820153130195391,0.01739393408053819,0.0008075972214157193,3.12583507886163e-05,0.0007299471734116766,0.0008852472694197619
tdl_mix,tdl_B_100ns,14.0,3,0.004664574140383873,0.004458297917872299,0.0002062762225115743,1.0462679314643062,0.00020627622251157373,2.050922231221968e-05,0.0001553284899252015,0.00025722395509794594,0.010652662404341463,0.01009210242809337,0.0005605599762480937,5.1088282021409714e-05,0.00043364964824540064,0.0006874703042507868
tdl_mix,tdl_B_100ns,16.0,3,0.0029016188633294755,0.002713238751446759,0.00018838011188271634,1.069429979865306,0.0001883801118827162,1.6862913873015784e-05,0.0001464903115991845,0.0002302699121662479,0.006586691281286839,0.006095500162768143,0.0004911911185186954,7.349365316935395e-05,0.0003086227630995381,0.0006737594739378526
tdl_mix,tdl_B_100ns,18.0,3,0.001898400577498071,0.0016923127350983796,0.00020608784239969143,1.1217788167195415,0.00020608784239969143,1.396174976768039e-05,0.00017140493327847084,0.00024077075152091203,0.004292052045154075,0.0037926135147795265,0.0004994385303745483,7.011140613631323e-05,0.00032527214236093905,0.0006736049183881575
tdl_mix,tdl_B_100ns,20.0,3,0.0013001995322145061,0.001063876681857639,0.00023632285035686713,1.2221336874723328,0.00023632285035686727,1.876983550729712e-05,0.00018969599412808658,0.00028294970658564796,0.003019200733512134,0.0024494104034175385,0.0005697903300945958,6.224269365122883e-05,0.0004151709075088405,0.0007244097526803511
tdl_mix,tdl_B_10ns,-10.0,3,0.3813681896821952,0.3909897980866609,-0.009621608404465687,0.9753916637939154,-0.009621608404465668,0.00015512055622060304,-0.010006949228055447,-0.009236267580875888,0.6500121590531903,0.6564067440268434,-0.006394584973653157,0.00012290620607709969,-0.00669990091518892,-0.006089269032117394
tdl_mix,tdl_B_10ns,-8.0,3,0.3505679471993152,0.35733587947892553,-0.006767932279610311,0.9810600259635852,-0.00676793227961033,2.0031282073600797e-05,-0.006817692742825941,-0.0067181718163947185,0.6249378897525646,0.630812296896805,-0.0058744071442403305,8.609449648574993e-05,-0.006088277729742781,-0.00566053655873788
tdl_mix,tdl_B_10ns,-6.0,3,0.31341110041112075,0.31830568666811343,-0.0048945862569926835,0.9846230009013439,-0.0048945862569926835,0.00010102044872996291,-0.005145534963350163,-0.004643637550635204,0.5876632218743548,0.592784411009447,-0.005121189135092297,7.632176612085511e-05,-0.005310782912547632,-0.004931595357636961
tdl_mix,tdl_B_10ns,-4.0,3,0.26967234670380014,0.2730727019133391,-0.0034003552095389633,0.9875478025239663,-0.0034003552095389633,6.88186480012774e-05,-0.003571310208317037,-0.0032294002107608895,0.5341217083695494,0.5383872010825593,-0.004265492713009873,0.00010165748362336448,-0.004518023901769812,-0.004012961524249935
tdl_mix,tdl_B_10ns,-2.0,3,0.21970725353853202,0.22184037573543597,-0.0021331221969039527,0.9903844275874835,-0.002133122196903934,4.1717157511308427e-05,-0.0022367533611087013,-0.0020294910326991667,0.46102799898312413,0.4642727536919676,-0.0032447547088434816,0.00010831724638627,-0.0035138296654346865,-0.0029756797522522767
tdl_mix,tdl_B_10ns,0.0,3,0.16546498993296682,0.1666815486955054,-0.0012165587625385665,0.9927012991416285,-0.0012165587625385759,7.594902306557308e-05,-0.001405226594913457,-0.0010278909301636948,0.3682751438499969,0.3702324157879677,-0.001957271937970758,6.262717309400047e-05,-0.002112846460439731,-0.001801697415501785
tdl_mix,tdl_B_10ns,2.0,3,0.1111336225344811,0.1114861759138696,-0.0003525533793884983,0.9968376942118737,-0.0003525533793885029,0.00010178502738074599,-0.0006054014044060629,-9.970535437094286e-05,0.2622240875606184,0.26267946189568364,-0.0004553743350652802,4.814013899443739e-05,-0.0005749610697947621,-0.00033578760033579826
tdl_mix,tdl_B_10ns,4.0,3,0.06347232394748265,0.06305383752893519,0.0004184864185474563,1.006636969849066,0.00041848641854745167,2.0555887269736892e-05,0.00036742276378028935,0.000469550073314614,0.15779120999353904,0.15685571417396452,0.0009354958195745185,0.00011180473491298153,0.0006577574612144873,0.0012132341779345498
tdl_mix,tdl_B_10ns,6.0,3,0.028763759283371913,0.02813353361906829,0.0006302256643036241,1.022401226693986,0.0006302256643036276,5.8420542225854995e-05,0.0004851009922140208,0.0007753503363932344,0.07476483823524581,0.07305778678000709,0.0017070514552387228,0.00012976865825567108,0.0013846882374504463,0.0020294146730269994
tdl_mix,tdl_B_10ns,8.0,3,0.009733788761091822,0.009209621099778164,0.0005241676613136573,1.0569152254620207,0.0005241676613136579,3.482956724985952e-05,0.00043764621982108373,0.000610689102806232,0.02593137528517364,0.024448342368374634,0.0014830329167990046,4.07631569113667e-05,0.0013817716214616742,0.001584294212136335
tdl_mix,tdl_B_10ns,10.0,3,0.0026196138358410494,0.0023268711419753086,0.0002927426938657408,1.125809585492228,0.00029274269386574066,1.3141791397923817e-05,0.0002600966742529743,0.00032538871347850704,0.006815067894848776,0.006020802731430273,0.0007942651634185033,1.2837807093858327e-05,0.0007623742826792745,0.000826156044157732
tdl_mix,tdl_B_10ns,12.0,3,0.0008697509765625,0.0007186701268325617,0.00015108084972993826,1.2102228047182175,0.00015108084972993826,5.0257257803284005e-06,0.00013859625478963912,0.0001635654446702374,0.0021330507042426846,0.0017275930074026325,0.00040545769684005215,2.331468047325226e-05,0.00034754081983685907,0.00046337457384324523
tdl_mix,tdl_B_10ns,14.0,3,0.0004795215747974537,0.00037299262152777775,0.00010652895326967597,1.2856060606060606,0.00010652895326967596,1.1851115460154655e-05,7.708915042769125e-05,0.00013596875611166068,0.0011364452901842822,0.0008406862626195366,0.0002957590275647457,1.3779986789362098e-05,0.0002615276427125826,0.00032999041241690884
tdl_mix,tdl_B_10ns,16.0,3,0.00032373122227044755,0.00022473747347608026,9.89937487943673e-05,1.4404861693210393,9.899374879436728e-05,8.600227814597386e-06,7.762959854967834e-05,0.00012035789903905623,0.0007618125386788624,0.0005049152665002493,0.0002568972721786131,1.2935087670475342e-05,0.00022476473309038014,0.0002890298112668461
tdl_mix,tdl_B_10ns,18.0,3,0.0002316133475597994,0.00014561782648533952,8.599552107445987e-05,1.5905562742561448,8.599552107445989e-05,4.567974948829239e-06,7.464804223731564e-05,9.734299991160414e-05,0.0005540758069636703,0.00032296262112915293,0.0002311131858345174,1.3280901246036047e-05,0.00019812159820196655,0.0002641047734670682
tdl_mix,tdl_B_10ns,20.0,3,0.00018056233723958334,9.353072554976852e-05,8.703161168981482e-05,1.9305135951661632,8.703161168981481e-05,6.158474030022339e-06,7.173311410442594e-05,0.00010233010927520368,0.0004202840982276748,0.0002210137319460405,0.00019927036628163432,1.4272768659934757e-05,0.00016381484340106877,0.00023472588916219987
tdl_mix,tdl_B_300ns,-10.0,3,0.40158504909939235,0.40125660837432486,0.00032844072506749145,1.000818530382336,0.00032844072506750993,0.0001917559411905317,-0.0001479074399139827,0.0008047888900490026,0.6605078254216984,0.6597583433728159,0.0007494820488824031,0.0004057215903418583,-0.00025838625419502927,0.0017573503519598354
tdl_mix,tdl_B_300ns,-8.0,3,0.3722124452944155,0.37041360360604747,0.0017988416883680247,1.0048563056833117,0.0017988416883680618,0.00019935340359659924,0.0013036203805093416,0.002294062996226782,0.6380502221025067,0.6360175521285446,0.0020326699739620833,0.0004697299724805952,0.0008657960349397085,0.003199543912984458
tdl_mix,tdl_B_300ns,-6.0,3,0.3369880958839699,0.3342127858856578,0.0027753099983121032,1.0083040210175012,0.00277530999831214,0.00019986448512603085,0.002278819093552332,0.003271800903071948,0.6038695676827136,0.6005599940264666,0.00330957365624703,0.0005250445240736451,0.002005290753598633,0.004613856558895427
tdl_mix,tdl_B_300ns,-4.0,3,0.2957338874722705,0.29268514374156057,0.003048743730709902,1.0104164621809502,0.003048743730709865,0.0001736283508373345,0.0026174269965496045,0.0034800604648701256,0.5547834815066538,0.5504340213022115,0.004349460204442305,0.0005423052024636264,0.0030022993996733495,0.005696621009211261
tdl_mix,tdl_B_300ns,-2.0,3,0.2490698731975791,0.2462294778706115,0.0028403953269675875,1.011535561670078,0.0028403953269675966,0.00012983753296745074,0.0025178610149103955,0.0031629296390247976,0.4891227531580277,0.48415009254290736,0.0049726606151203985,0.0005384369909480246,0.003635108980454737,0.00631021224978606
tdl_mix,tdl_B_300ns,0.0,3,0.19924785472728587,0.1966222127278646,0.00262564199942128,1.0133537404700825,0.002625641999421289,0.00022075241647089404,0.002077262596685303,0.003174021402157275,0.4083918840796859,0.40314847267704246,0.0052434114026434315,0.0005632677156286275,0.003844176828386275,0.006642645976900588
tdl_mix,tdl_B_300ns,2.0,3,0.1500312899365837,0.14763999279634452,0.002391297140239196,1.0161968115477882,0.002391297140239205,0.00011319759982542282,0.0021100987136226743,0.0026724955668557355,0.3186699600867283,0.31350349202568145,0.005166468061046832,0.0005916620838517683,0.003696697965882594,0.00663623815621107
tdl_mix,tdl_B_300ns,4.0,3,0.10558959584177276,0.10370080264998072,0.0018887931917920403,1.018213872443854,0.0018887931917920496,0.0001830429554182079,0.0014340892833503446,0.0023434971002337544,0.23046945458577003,0.2258822665906247,0.004587187995145348,0.0004983365137108446,0.0033492514682474973,0.005825124522043198
tdl_mix,tdl_B_300ns,6.0,3,0.06990672923900464,0.06849453773027585,0.0014121915087287884,1.0206175785037026,0.001412191508728779,7.282274190528994e-05,0.001231289789281984,0.0015930932281755742,0.15521063830381557,0.15158487562044168,0.0036257626833739176,0.00030355004620005933,0.0028717025661764367,0.0043798228005713985
tdl_mix,tdl_B_300ns,8.0,3,0.0444308622383777,0.0435567785192419,0.0008740837191358042,1.0200676851881887,0.0008740837191357995,3.0436799176839927e-05,0.0007984745184727966,0.0009496929197988025,0.09939282479477518,0.09685467220382926,0.00253815259094591,0.0001716324609176552,0.0021117939222038136,0.0029645112596880063
tdl_mix,tdl_B_300ns,10.0,3,0.027861983687789353,0.027308899679301696,0.0005530840084876573,1.0202528851393766,0.0005530840084876538,7.094330985985369e-05,0.00037685105706177456,0.0007293169599135331,0.062218805154164634,0.060685582320999215,0.0015332228331654148,0.00020893635574722815,0.001014196152478523,0.0020522495138523065
tdl_mix,tdl_B_300ns,12.0,3,0.017553258825231483,0.017225383240499614,0.00032787558473186887,1.0190344435391707,0.00032787558473186773,0.00011416021293531375,4.4285894587141805e-05,0.0006114652748765937,0.03897628183534116,0.037997783357162536,0.000978498478178623,0.0002228867411894805,0.0004248171189198762,0.0015321798374373697
tdl_mix,tdl_B_300ns,14.0,3,0.011200704692322531,0.010913990162037037,0.00028671453028549475,1.0262703673018505,0.0002867145302854936,0.00013835823514722335,-5.698637938786967e-05,0.0006304154399588569,0.02478292461392688,0.023991141399299656,0.0007917832146272242,0.00027737385560551995,0.00010274835963804845,0.0014808180696164
tdl_mix,tdl_B_300ns,16.0,3,0.007271849078896605,0.006953298309702932,0.0003185507691936731,1.0458129013031345,0.0003185507691936728,0.00021467343704011633,-0.0002147276114887957,0.0008518291498761414,0.016135713729409525,0.01533137479176124,0.0008043389376482848,0.0003311304431316538,-1.823468367458949e-05,0.0016269125589711592
tdl_mix,tdl_B_300ns,18.0,3,0.0048818705994405865,0.004521970395688657,0.0003599002037519292,1.079589243683476,0.0003599002037519289,0.0002598223601916597,-0.00028553431958042386,0.0010053347270842818,0.010927013794167176,0.010000295080474496,0.0009267187136926779,0.0003181425202220109,0.00013640888146816688,0.0017170285459171888
tdl_mix,tdl_B_300ns,20.0,3,0.0034673243393132714,0.0030071117259837963,0.0004602126133294751,1.1530414082565934,0.00046021261332947525,0.00029822404284998586,-0.0002806169780926819,0.0012010422047516324,0.007946579728597476,0.006771852848706422,0.001174726879891054,0.0003380958209241846,0.00033485030091651494,0.002014603458865593
tdl_mix,tdl_B_30ns,-10.0,3,0.38326423550829475,0.3920405823507427,-0.008776346842447935,0.977613677671267,-0.008776346842447916,0.00022330606988145766,-0.009331069871924062,-0.00822162381297177,0.6511564607973451,0.6567113112520289,-0.0055548504546836614,0.00016450551716864538,-0.0059635048136886535,-0.005146196095678669
tdl_mix,tdl_B_30ns,-8.0,3,0.3528254944601177,0.35872782012562693,-0.005902325665509245,0.9835465070329861,-0.005902325665509263,0.00019626161159884287,-0.00638986653626918,-0.005414784794749346,0.6265097128020393,0.6313373181555006,-0.004827605353461384,0.0001459308940054503,-0.005190117790583397,-0.004465092916339371
tdl_mix,tdl_B_30ns,-6.0,3,0.31618857678071954,0.3199506218050733,-0.003762045024353733,0.9882417949272007,-0.0037620450243537884,0.00011001176765744029,-0.004035329405138228,-0.003488760643569348,0.5898079967793124,0.5936295106823062,-0.0038215139029937895,0.00014424100783131058,-0.004179828430141898,-0.0034631993758456807
tdl_mix,tdl_B_30ns,-4.0,3,0.2728154688705633,0.27503882514105904,-0.0022233562704957466,0.99191620939569,-0.0022233562704957652,5.5355152098787376e-05,-0.0023608660913692096,-0.002085846449622321,0.5370773308806949,0.5397529296668959,-0.00267559878620105,0.0001663730799884512,-0.003088892428435959,-0.002262305143966141
tdl_mix,tdl_B_30ns,-2.0,3,0.22334308388792437,0.22443163836443866,-0.0010885544765142918,0.9951497280666523,-0.0010885544765142734,3.925217314701283e-05,-0.0011860622801005887,-0.0009910466729279581,0.46516994156955205,0.4665689361684116,-0.0013989945988596337,0.00015791900076934055,-0.0017912871440874353,-0.0010067020536318322
tdl_mix,tdl_B_30ns,0.0,3,0.16971842447916666,0.1699380756896219,-0.0002196512104552517,0.9987074632358647,-0.00021965121045524247,0.00013918877952485265,-0.0005654153067384346,0.0001261128858279496,0.37410277165012595,0.3740887888419775,1.3982808148423528e-05,0.00012659819269003394,-0.0003005045365641519,0.0003284701528609989
tdl_mix,tdl_B_30ns,2.0,3,0.11595982681086034,0.1154714513708044,0.0004883754400559354,1.0042294041882929,0.0004883754400559446,0.00013186442998161917,0.00016080603668782437,0.0008159448434240648,0.2700796624024709,0.2686649684184863,0.0014146939839846013,0.00012198355346220222,0.0011116700386044362,0.0017177179293647665
tdl_mix,tdl_B_30ns,4.0,3,0.06845865131896219,0.06745646912374614,0.001002182195216042,1.014856724762418,0.0010021821952160466,7.259872320853846e-05,0.0008218369690620099,0.0011825274213700832,0.16728091147946722,0.16487717039791153,0.002403741081555675,0.0001237547617329821,0.002096317210914536,0.002711164952196814
tdl_mix,tdl_B_30ns,6.0,3,0.03316422450689622,0.03213143054349923,0.0010327939633969913,1.032142794327156,0.0010327939633969913,6.596243335988098e-05,0.0008689341951227305,0.001196653731671252,0.08428431973781114,0.08169496712493307,0.0025893526128780756,0.00014117025459677382,0.002238666259643646,0.0029400389661125054
tdl_mix,tdl_B_30ns,8.0,3,0.012932106300636573,0.01222370288990162,0.0007084034107349528,1.0579532582815137,0.0007084034107349545,6.338206965559168e-05,0.0005509536212487916,0.0008658532002211174,0.03336410550975505,0.03148557981591166,0.0018785256938433938,5.5850947323692576e-05,0.0017397842493544102,0.0020172671383323773
tdl_mix,tdl_B_30ns,10.0,3,0.004453305844907407,0.0041013176058545524,0.0003519882390528549,1.0858232092414395,0.0003519882390528549,8.820233650572718e-06,0.00033007756401419393,0.00037389891409151586,0.011221994502170955,0.010280184522501111,0.0009418099796698413,1.3708345621579425e-05,0.0009077565613442877,0.0009758633979953949
tdl_mix,tdl_B_30ns,12.0,3,0.001779250156732253,0.0016023612316743826,0.0001768889250578704,1.110392664001881,0.0001768889250578704,2.196608231236851e-05,0.0001223221516042518,0.00023145569851148903,0.004291239589809176,0.0038457327266511175,0.00044550686315805835,1.735642885583244e-05,0.00040239110369435187,0.0004886226226217649
tdl_mix,tdl_B_30ns,14.0,3,0.0009509428047839506,0.0008245397497106482,0.00012640305507330245,1.1533013479552205,0.00012640305507330247,4.098079336247788e-06,0.00011622286164800173,0.00013658324849860322,0.0022261594294607757,0.0019212036557426607,0.0003049557737181147,1.0467957171163391e-05,0.00027895192654326246,0.0003309596208929669
tdl_mix,tdl_B_30ns,16.0,3,0.000592738022038966,0.00048771610966435184,0.00010502191237461418,1.2153341058323677,0.00010502191237461422,1.0761188128124909e-05,7.828963912129386e-05,0.00013175418562793459,0.0013876301698159588,0.0011185050858375128,0.000269125083978446,1.1206078366921338e-05,0.00024128764210530024,0.00029696252585159177
tdl_mix,tdl_B_30ns,18.0,3,0.0004075603720582562,0.0003047990210262346,0.00010276135103202158,1.3371446229913473,0.0001027613510320216,9.789877169447292e-06,7.84419479610794e-05,0.00012708075410296379,0.0009498112508200718,0.0006971700372728432,0.0002526412135472285,1.6186212528754172e-05,0.00021243243259263245,0.0002928499945018246
tdl_mix,tdl_B_30ns,20.0,3,0.00029603934582368826,0.00019770492742091048,9.833441840277778e-05,1.4973797046212483,9.83344184027778e-05,4.902409185592524e-06,8.615615886595818e-05,0.0001105126779395974,0.0006909823973504067,0.0004586667621003505,0.00023231563525005633,2.1150544671006342e-05,0.00017977476960677355,0.0002848565008933391
tdl_mix,tdl_C_100ns,-10.0,3,0.3896265854070216,0.39528957414038385,-0.00566298873336224,0.9856738221702982,-0.005662988733362277,0.00011928076360923289,-0.0059592985765414925,-0.0053666788901830615,0.654470412083614,0.657700635768749,-0.003230223685135073,0.00022270690166258355,-0.003783458298242975,-0.0026769890720271714
tdl_mix,tdl_C_100ns,-8.0,3,0.35973009651089893,0.36289563591097607,-0.003165539400077133,0.9912769978836183,-0.003165539400077133,0.00017565079245345774,-0.0036018801577260076,-0.0027291986424282585,0.6308529833216726,0.63292670102767,-0.002073717705997439,0.00024134106823066684,-0.0026732421550058946,-0.0014741932569889832
tdl_mix,tdl_C_100ns,-6.0,3,0.32372952684944056,0.32482354434919947,-0.0010940174997589036,0.9966319636652238,-0.0010940174997588852,8.877036753808926e-05,-0.0013145353174544832,-0.0008734996820632872,0.595420143854471,0.596027476552092,-0.0006073326976211065,0.000282716656495936,-0.001309639805789037,9.497441054682413e-05
tdl_mix,tdl_C_100ns,-4.0,3,0.2813283661265432,0.2809393611955054,0.0003890049310378285,1.0013846579894767,0.0003890049310377915,8.721872032840084e-05,0.00017234161869125763,0.0006056682433843254,0.5443965163495806,0.5434477218875179,0.0009487944620626779,0.0003059069760331209,0.0001888794065827193,0.0017087095175426364
tdl_mix,tdl_C_100ns,-2.0,3,0.23294462981047453,0.23162446198640047,0.00132016782407407,1.0056996044923423,0.0013201678240740793,5.672556530954991e-05,0.0011792537080629706,0.001461081940085188,0.4750446224654163,0.4726496129124253,0.002395009552990953,0.0003000150957862654,0.0016497307394258754,0.0031402883665560305
tdl_mix,tdl_C_100ns,0.0,3,0.1805672351224923,0.17880823582778743,0.001758999294704855,1.0098373505368006,0.0017589992947048643,9.260415475786525e-05,0.0015289578215974362,0.0019890407678122926,0.3878287529503857,0.3842229526719929,0.0036058002783928567,0.0002854856344213965,0.002896614647737027,0.0043149859090486865
tdl_mix,tdl_C_100ns,2.0,3,0.1283134177879051,0.12637366777584877,0.0019397500120563183,1.015349321153651,0.0019397500120563183,0.0002122589786202562,0.001412469478588303,0.0024670305455243334,0.28885629920311917,0.2844486849175559,0.004407614285563226,0.00028666917870799646,0.0036954885679114156,0.005119740003215036
tdl_mix,tdl_C_100ns,4.0,3,0.0814726087782118,0.07957430239076968,0.0018983063874421224,1.0238557716550252,0.0018983063874421318,8.119947670565122e-05,0.0016965957051756453,0.0021000170697086182,0.1908481746544073,0.18640303170239483,0.004445142952012436,0.00022066636382861096,0.0038969773158903493,0.004993308588134522
tdl_mix,tdl_C_100ns,6.0,3,0.04566541130160108,0.044224397635754246,0.001441013665846834,1.0325841332586476,0.001441013665846834,3.658310731623448e-05,0.0013501361893461488,0.001531891142347519,0.10969768685323221,0.10599528483034652,0.003702402022885687,0.00012650299114745436,0.003388151171915259,0.004016652873856115
tdl_mix,tdl_C_100ns,8.0,3,0.02306384804808063,0.022108478310667437,0.0009553697374131941,1.0432128219766361,0.0009553697374131941,2.9667176355014755e-05,0.0008816723858257826,0.0010290670890006055,0.05564168389932609,0.053170755965474215,0.0024709279338518777,3.5909162115818346e-05,0.0023817246300392625,0.002560131237664493
tdl_mix,tdl_C_100ns,10.0,3,0.011309494206934799,0.010861526300877701,0.0004479679060570979,1.0412435502753328,0.00044796790605709905,1.6557100867049633e-06,0.0004438548941908352,0.0004520809179233629,0.026855708824263677,0.025534036212865218,0.0013216726113984615,8.758802871472115e-06,0.0012999145388748322,0.0013434306839220907
tdl_mix,tdl_C_100ns,12.0,3,0.005915418083285108,0.005649613745418595,0.0002658043378665131,1.0470482319401144,0.00026580433786651224,2.185919667711429e-05,0.000211503083050283,0.0003201055926827415,0.013724281878015143,0.012981410155555715,0.0007428717224594247,3.130458050388021e-05,0.0006651068334762872,0.0008206366114425623
tdl_mix,tdl_C_100ns,14.0,3,0.0034061949930073304,0.0032212999131944445,0.00018489507981288593,1.0573976608187134,0.0001848950798128858,1.9446768278767803e-05,0.00013658662935811186,0.00023320353026765972,0.007759543282359287,0.007227163270322812,0.0005323800120364741,5.962761323018511e-05,0.00038425680934413774,0.0006805032147288104
tdl_mix,tdl_C_100ns,16.0,3,0.0021150377061631945,0.0019261866440007716,0.00018885106216242286,1.098044009779951,0.00018885106216242278,2.097564117947385e-05,0.00013674468087838902,0.00024095744344645653,0.004783343256416696,0.004306849405560412,0.0004764938508562836,6.897507993195183e-05,0.0003051502536198848,0.0006478374480926824
tdl_mix,tdl_C_100ns,18.0,3,0.00139617919921875,0.0011984742717978396,0.0001977049274209104,1.1649638478465891,0.00019770492742091048,3.2972843162456143e-05,0.00011579584425434376,0.0002796140105874772,0.0031606229568291225,0.0026936958806968673,0.00046692707613225524,5.964589404961162e-05,0.0003187584613669781,0.0006150956908975324
tdl_mix,tdl_C_100ns,20.0,3,0.0009797649619020061,0.0007720758885513117,0.00020768907335069438,1.269000853970965,0.0002076890733506945,3.0333877903283336e-05,0.00013233554330468447,0.0002830426033967045,0.002268151335567696,0.0017667371771775506,0.0005014141583901452,5.818399079327692e-05,0.00035687711263499635,0.0006459512041452941
tdl_mix,tdl_C_10ns,-10.0,3,0.38153170361930944,0.3913100442768615,-0.009778340657552065,0.9750112709843102,-0.009778340657552101,4.903060625257539e-05,-0.009900139435578686,-0.009656541879525516,0.6499686851913546,0.6564656584351151,-0.0064969732437604915,0.0001258617971547751,-0.006809631280553097,-0.006184315206967886
tdl_mix,tdl_C_10ns,-8.0,3,0.350674287772473,0.3576385121286651,-0.006964224356192095,0.9805271968202165,-0.006964224356192132,7.239919737470989e-05,-0.007144073932697868,-0.006784374779686396,0.6248916799639478,0.6308793175367661,-0.005987637572818357,9.51191645097348e-05,-0.006223926676496059,-0.005751348469140654
tdl_mix,tdl_C_10ns,-6.0,3,0.31364337308907214,0.3184424506293403,-0.0047990775402681485,0.9849295295561766,-0.00479907754026813,0.00013760393516328075,-0.005140904664905339,-0.0044572504156309214,0.587609048978782,0.5928478752389367,-0.005238826260154632,9.97016470285959e-05,-0.005486498881471302,-0.004991153638837962
tdl_mix,tdl_C_10ns,-4.0,3,0.26974751036844136,0.27311122564621915,-0.00336371527777779,0.987683716515794,-0.0033637152777777533,0.00011220597719171882,-0.003642450377213982,-0.0030849801783415245,0.5340520960313303,0.5384554859296775,-0.004403389898347247,0.00013202874014806476,-0.004731367470796274,-0.00407541232589822
tdl_mix,tdl_C_10ns,-2.0,3,0.2197210994767554,0.2220012523509838,-0.0022801528742284194,0.9897290990474977,-0.0022801528742283916,0.00015381172688025532,-0.0026622423854954455,-0.0018980633629613378,0.46094382618680413,0.4643537954047874,-0.003409969217983292,0.00015045334768019983,-0.0037837160528288163,-0.003036222383137768
tdl_mix,tdl_C_10ns,0.0,3,0.16543371883439428,0.16665884889202354,-0.0012251300576292534,0.9926488748375851,-0.001225130057629244,9.762966276370181e-05,-0.0014676555846951434,-0.0009826045305633448,0.3681866688492857,0.3703392751422929,-0.0021526062930071754,0.00012175381930290098,-0.0024550595470985218,-0.0018501530389158293
tdl_mix,tdl_C_10ns,2.0,3,0.11124975887345678,0.1116141801998939,-0.0003644213264371171,0.996734990788944,-0.0003644213264371171,0.00014004547354787148,-0.0007123135686504013,-1.6529084223832868e-05,0.262187013839498,0.26285346459459374,-0.0006664507550957858,8.540030744315995e-05,-0.0008785968794183901,-0.0004543046307731814
tdl_mix,tdl_C_10ns,4.0,3,0.06346205723138502,0.06315650468991127,0.0003055525414737553,1.0048380217203907,0.00030555254147375993,5.4822496546300325e-05,0.0001693659103456714,0.00044173917260184847,0.15784171260433433,0.15709156533818186,0.0007501472661524677,9.953101934490742e-05,0.0005028985074995332,0.0009973960248054023
tdl_mix,tdl_C_10ns,6.0,3,0.028757636929735726,0.02814898078824267,0.0006086561414930559,1.0216226706775573,0.0006086561414930547,6.462337111538725e-05,0.00044812278823884704,0.0007691894947472625,0.07490298749856007,0.07334972890438857,0.0015532585941714961,0.00013986044935947477,0.0012058259775222114,0.001900691210820781
tdl_mix,tdl_C_10ns,8.0,3,0.00976421214916088,0.009245036560812114,0.0005191755883487657,1.0561572239259116,0.0005191755883487657,4.9824046788120025e-05,0.0003954057947657292,0.0006429453819318023,0.026131877123757644,0.024705431412583512,0.0014264457111741295,5.405736060968814e-05,0.0012921597830808662,0.0015607316392673928
tdl_mix,tdl_C_10ns,10.0,3,0.002609818070023148,0.002335159866898148,0.000274658203125,1.117618586640852,0.000274658203125,8.396661805387929e-06,0.0002537997388806378,0.0002955166673693622,0.006912624894606846,0.006110847660305875,0.000801777234300971,2.147506818993811e-05,0.0007484302075459296,0.0008551242610560125
tdl_mix,tdl_C_10ns,12.0,3,0.0008259526005497685,0.0006893770194347994,0.00013657558111496908,1.1981144965159174,0.0001365755811149691,1.1672348532467302e-05,0.000107579859939683,0.0001655713022902552,0.0020923912798249977,0.0016917984747258877,0.0004005928050991101,2.4612217341593603e-05,0.00033945266782876263,0.0004617329423694576
tdl_mix,tdl_C_10ns,14.0,3,0.0004099151234567901,0.0003205287603684414,8.938636308834872e-05,1.2788715838965616,8.938636308834876e-05,2.120845511956436e-06,8.411789077110321e-05,9.465483540559432e-05,0.001003927579011271,0.0007416536018691086,0.0002622739771421622,1.7644432511727048e-05,0.00021844277693569905,0.00030610517734862535
tdl_mix,tdl_C_10ns,16.0,3,0.0002566679024402006,0.00018244613835841048,7.422176408179013e-05,1.406814661848219,7.422176408179011e-05,4.241691023912857e-06,6.368481944729905e-05,8.475870871628118e-05,0.0006263058908245264,0.00041228180525874377,0.0002140240855657827,2.0239911557920053e-05,0.00016374535798037126,0.00026430281315119417
tdl_mix,tdl_C_10ns,18.0,3,0.0001790552963445216,0.00011246292679398148,6.659236955054013e-05,1.5921273031825796,6.659236955054011e-05,7.39196934009446e-06,4.8229699748018686e-05,8.495503935306154e-05,0.00044934977290161184,0.00025602355080598413,0.00019332622209562774,2.703424557265379e-05,0.00012616943315735344,0.00026048301103390203
tdl_mix,tdl_C_10ns,20.0,3,0.0001426979347511574,7.459852430555556e-05,6.809941044560184e-05,1.9128787878787876,6.809941044560185e-05,1.0771076655943648e-05,4.1342572727412335e-05,9.485624816379137e-05,0.0003490458424168515,0.00016984686896401758,0.00017919897345283387,2.5991592594174634e-05,0.00011463227809876587,0.00024376566880690188
tdl_mix,tdl_C_300ns,-10.0,3,0.4021706286771798,0.4005957709418403,0.0015748577353394966,1.0039312889690195,0.0015748577353394781,0.00016593253932747806,0.0011626584567740934,0.001987057013904863,0.6611830842347793,0.6600463257895576,0.00113675844522169,0.00043718129608485057,5.0739900704582916e-05,0.002222776989738797
tdl_mix,tdl_C_300ns,-8.0,3,0.37253909640842015,0.36934633608217593,0.003192760326244215,1.008644353589943,0.0031927603262441964,0.00012313349689062336,0.0028868797630270033,0.0034986408894613894,0.6388976044125028,0.6363934477170309,0.002504156695471845,0.00046907524359799497,0.001338909193157771,0.003669404197785919
tdl_mix,tdl_C_300ns,-6.0,3,0.3366734069070698,0.33284627655406057,0.003827130353009245,1.0114981918759354,0.003827130353009245,0.00027444110227065706,0.0031453808611787374,0.004508879844839752,0.6047819955849353,0.6010267322446093,0.003755263340326017,0.0005268471485960083,0.002446502470121323,0.005064024210530711
tdl_mix,tdl_C_300ns,-4.0,3,0.2944219141830633,0.2907510451328607,0.0036708690502025854,1.0126254715560012,0.00367086905020253,0.00036238442497333185,0.0027706562339414632,0.0045710818664635965,0.5554660131901871,0.5508076427159486,0.004658370474238486,0.0005825045164232096,0.0032113490376722825,0.00610539191080469
tdl_mix,tdl_C_300ns,-2.0,3,0.24683135232807676,0.24361645733868634,0.0032148949893904266,1.0131965427315976,0.0032148949893904266,0.00022300324740446908,0.0026609242126493624,0.003768865766131491,0.4889895235314781,0.4838628040419684,0.005126719489509694,0.0006529680235332405,0.003504656997622692,0.006748781981396696
tdl_mix,tdl_C_300ns,0.0,3,0.19592454698350695,0.1932915581597222,0.0026329888237847376,1.0136218510981687,0.002632988823784719,0.0003998978898491809,0.0016395873947236297,0.0036263902528458083,0.4065356872699879,0.40131349806432376,0.005222189205664178,0.0007734490153894827,0.003300835338346745,0.007143543072981611
tdl_mix,tdl_C_300ns,2.0,3,0.1453693531177662,0.1432556340723862,0.0021137190453799914,1.0147548754997793,0.00211371904538001,0.00036164061924068313,0.0012153539449897017,0.0030120841457703185,0.31413950228396753,0.3091513753673177,0.004988126916649886,0.0008712536488859629,0.00282381287087079,0.0071524409624289815
tdl_mix,tdl_C_300ns,4.0,3,0.10008362193166474,0.09844443238811729,0.0016391895435474563,1.0166509116237772,0.001639189543547447,0.0003412942331999205,0.0007913676680207282,0.002487011419074166,0.22284543127925308,0.21845704960970233,0.004388381669550763,0.0008072422142674312,0.0023830808424967825,0.006393682496604744
tdl_mix,tdl_C_300ns,6.0,3,0.06408597216194059,0.0627805921766493,0.0013053799852912884,1.0207927313208238,0.0013053799852912838,0.00023007395668016666,0.000733844592988976,0.0018769153775935916,0.145203955931428,0.1416417588422328,0.0035621970891952424,0.0006482657778726226,0.001951815623084135,0.00517257855530635
tdl_mix,tdl_C_300ns,8.0,3,0.03893044554157021,0.03803516905984761,0.0008952764817226067,1.0235381228439897,0.0008952764817226113,0.0002411802733863082,0.00029615146925089685,0.0014944014941943259,0.08886540878886058,0.08617995421827575,0.002685454570584824,0.0004697995756573376,0.0015184077276862394,0.0038525014134834085
tdl_mix,tdl_C_300ns,10.0,3,0.02327596405406057,0.02262190830560378,0.0006540557484567902,1.0289124922451733,0.0006540557484567902,0.00015738228256930478,0.0002630964851503305,0.00104501501176325,0.053064184516300385,0.051165199712102795,0.0018989848041975922,0.00033162084991196836,0.0010751929448975946,0.00272277666349759
tdl_mix,tdl_C_300ns,12.0,3,0.014069922176408178,0.013559129503038194,0.0005107926733699843,1.0376714945642735,0.0005107926733699843,0.00010499462327935133,0.00024997157014091965,0.0007716137765990489,0.03199817527683429,0.030602409354882478,0.0013957659219518102,0.00022410715430081827,0.0008390528884591607,0.0019524789554444598
tdl_mix,tdl_C_300ns,14.0,3,0.008785200707706404,0.008316793559510031,0.0004684071481963724,1.0563206414641326,0.0004684071481963735,7.336401723768998e-05,0.00028616082628387274,0.0006506534701088743,0.019863110449579027,0.018670892676361548,0.0011922177732174774,0.00020525628843048708,0.0006823328865342259,0.001702102659900729
tdl_mix,tdl_C_300ns,16.0,3,0.0056939772617669755,0.005224439832899306,0.0004695374288676696,1.0898732579732093,0.0004695374288676696,8.370200261910427e-05,0.0002616101276047081,0.0006774647301306311,0.012828518366326152,0.011654775411488466,0.0011737429548376876,0.00018258531023312193,0.0007201759000588983,0.001627310009616477
tdl_mix,tdl_C_300ns,18.0,3,0.0038366435486593365,0.0033598534854841823,0.0004767900631751543,1.141907992486894,0.00047679006317515445,6.0617942240928706e-05,0.00032620674684009704,0.0006273733795102119,0.008717564417532195,0.0075098986185535245,0.0012076657989786726,0.00012919520980084775,0.0008867271061228212,0.001528604491834524
tdl_mix,tdl_C_300ns,20.0,3,0.0027919816382137347,0.00223399974681713,0.0005579818913966049,1.249768108609495,0.0005579818913966049,8.667230558273315e-05,0.0003426759485260917,0.0007732878342671182,0.006376187115861677,0.005070066913088531,0.0013061202027731475,0.00013520739614484827,0.0009702464110895322,0.0016419939944567626
tdl_mix,tdl_C_30ns,-10.0,3,0.3833857406804591,0.3922949896918403,-0.008909249011381182,0.9772894142278501,-0.008909249011381182,0.00010999543607636541,-0.00918249282226918,-0.008636005200493183,0.6510510172372982,0.6568082674050036,-0.005757250167705415,0.00015673975222027476,-0.006146613297140845,-0.005367887038269984
tdl_mix,tdl_C_30ns,-8.0,3,0.3528457453221451,0.3589954140745563,-0.0061496687524112414,0.9828697846509703,-0.006149668752411279,8.491237461167289e-05,-0.00636060278438634,-0.005938734720436218,0.6263818387632016,0.6314660340179632,-0.0050841952547615215,0.00013510941232694972,-0.005419825641147944,-0.004748564868375099
tdl_mix,tdl_C_30ns,-6.0,3,0.3161758611231674,0.3201537897557388,-0.003977928632571404,0.9875749444177864,-0.003977928632571366,7.015161295455369e-05,-0.00415219489985844,-0.0038036623652842926,0.5896468725469378,0.5937821434603797,-0.004135270913441939,0.00013066686241205893,-0.004459865394048034,-0.0038106764328358447
tdl_mix,tdl_C_30ns,-4.0,3,0.27285323908299575,0.27535181869695213,-0.0024985796139563865,0.9909258648597986,-0.0024985796139563865,0.00011449718560163038,-0.00278300639060937,-0.002214152837303403,0.5368736077238012,0.539923534349159,-0.003049926625357746,0.00014660600752703197,-0.0034141161374384955,-0.002685737113276997
tdl_mix,tdl_C_30ns,-2.0,3,0.22338650550371336,0.22466325171199847,-0.0012767462082851067,0.9943170669944642,-0.001276746208285116,9.831668850365137e-05,-0.0015209784019006316,-0.0010325140146696004,0.4649400593322,0.46675380990828996,-0.001813750576089938,0.00014892194204188658,-0.002183693188437198,-0.001443807963742678
tdl_mix,tdl_C_30ns,0.0,3,0.16974705825617284,0.17009075777030286,-0.0003436995141300192,0.9979793169327039,-0.00034369951413000993,4.715141405911477e-05,-0.00046083011996101667,-0.0002265689082990032,0.3738866341702732,0.3742920517185588,-0.00040541754828558413,0.00012552136572806369,-0.0007172299065327991,-9.360519003836918e-05
tdl_mix,tdl_C_30ns,2.0,3,0.11603225896387924,0.11561433768566744,0.00041792127821180247,1.0036147876342816,0.0004179212782118071,0.00014223050875769775,6.460110763208696e-05,0.0007712414487915271,0.2699431984880824,0.2689124045916546,0.0010307938964278323,0.00012454030102683806,0.0007214186380026905,0.001340169154852974
tdl_mix,tdl_C_30ns,4.0,3,0.06839347180025077,0.0675663889190297,0.0008270828812210612,1.0122410401747564,0.0008270828812210612,6.42547413345371e-05,0.000667465255107172,0.0009867005073349504,0.1672700994912489,0.1651718377331157,0.002098261758133222,0.00015487350410117552,0.001713534646030104,0.0024829888702363402
tdl_mix,tdl_C_30ns,6.0,3,0.033244286054446376,0.03233488106433256,0.0009094049901138129,1.0281245812627078,0.0009094049901138107,0.00011888259020398904,0.0006140842645064148,0.0012047257157212065,0.08445255246795254,0.08208114699816998,0.002371405469782558,0.00017854814651092186,0.0019278672856549734,0.0028149436539101425
tdl_mix,tdl_C_30ns,8.0,3,0.013071790153597608,0.012408032829378858,0.00066375732421875,1.053494162478935,0.00066375732421875,7.371832731746587e-05,0.00048063084727539157,0.0008468838011621084,0.033685815762038586,0.031878346922221,0.0018074688398175762,8.42621030213071e-05,0.0015981501720230837,0.0020167875076120686
tdl_mix,tdl_C_30ns,10.0,3,0.00452903464988426,0.0041852409456983024,0.00034379370418595716,1.0821443039114194,0.0003437937041859569,2.2443140397142993e-05,0.00028804185275321,0.0003995455556187038,0.011487930967116061,0.01053871206916225,0.0009492188979538137,1.3756220141214269e-05,0.0009150465527285988,0.0009833912431790287
tdl_mix,tdl_C_30ns,12.0,3,0.0018133469569830247,0.0016389069733796296,0.0001744399836033951,1.1064367816091953,0.00017443998360339497,3.5330688728070677e-06,0.00016566335397791363,0.0001832166132288763,0.004443373155987097,0.003979188757287453,0.00046418439869964364,3.061088051008846e-05,0.00038814275603178997,0.0005402260413674973
tdl_mix,tdl_C_30ns,14.0,3,0.0009411470389660494,0.0008204895773051698,0.00012065746166087959,1.1470554471358052,0.00012065746166087963,1.2238909588683957e-05,9.02543247997837e-05,0.00015106059852197556,0.0022480812419226025,0.0019408554511711024,0.00030722579075150003,1.7732580246851854e-05,0.00026317561943199977,0.0003512759620710003
tdl_mix,tdl_C_30ns,16.0,3,0.0005759721920814043,0.00046661753713348765,0.00010935465494791663,1.234356075898264,0.00010935465494791668,7.650297021191025e-06,9.035026361077014e-05,0.00012835904628506322,0.001342524845672471,0.0010768132670358527,0.00026571157863661846,2.1058025788937386e-05,0.0002134005426373408,0.0003180226146358961
tdl_mix,tdl_C_30ns,18.0,3,0.0003826000072337963,0.0002843597788869599,9.824022834683637e-05,1.345478635309705,9.824022834683642e-05,7.015104385702017e-06,8.081374298979354e-05,0.0001156667137038793,0.0008929642207712512,0.0006434022220056238,0.00024956199876562747,2.6599884719418047e-05,0.00018348422200342474,0.0003156397755278302
tdl_mix,tdl_C_30ns,20.0,3,0.00028285273799189816,0.00017632378472222222,0.00010652895326967594,1.6041666666666667,0.00010652895326967592,1.842565509587165e-05,6.075708858059514e-05,0.0001523008179587567,0.0006516148623182901,0.00041246384329564605,0.00023915101902264408,2.9722773631719546e-05,0.00016531555614349446,0.0003129864819017937
tdl_mix,tdl_D_100ns,-10.0,3,0.3817304446373457,0.3907361442660108,-0.009005699628665098,0.9769519667918561,-0.009005699628665117,0.00016394728280141237,-0.009412967256626418,-0.008598432000703817,0.6501662076255421,0.6560752811255278,-0.005909073499985744,0.00014864678825366088,-0.006278332592431116,-0.005539814407540372
tdl_mix,tdl_D_100ns,-8.0,3,0.3511587072301794,0.3574798018844039,-0.006321094654224535,0.9823176173285769,-0.006321094654224535,8.674628020608288e-05,-0.006536584360246631,-0.006105604948202439,0.6252335243754916,0.6305440774670353,-0.005310553091543675,0.0001320044568995582,-0.005638470341059321,-0.00498263584202803
tdl_mix,tdl_D_100ns,-6.0,3,0.31419862346884647,0.318635634434076,-0.004437010965229526,0.9860749693827873,-0.004437010965229545,6.70187896616053e-05,-0.004603494868030062,-0.004270527062429027,0.5881890330785587,0.5926533654148196,-0.0044643323362609415,0.0001438363191776135,-0.004821641561062846,-0.004107023111459037
tdl_mix,tdl_D_100ns,-4.0,3,0.27063073052300346,0.2735032446590471,-0.0028725141360436135,0.989497330682038,-0.0028725141360436135,6.370145277931353e-05,-0.0030307573171919405,-0.0027142709548952865,0.5350135947451179,0.538492085389149,-0.0034784906440310883,0.00017045213240088767,-0.003901917214192318,-0.0030550640738698587
tdl_mix,tdl_D_100ns,-2.0,3,0.22101178581331982,0.2226814929349923,-0.0016697071216724702,0.9925018145887862,-0.0016697071216724424,9.830883760338374e-05,-0.0019139198125705313,-0.0014254944307743535,0.4625030001740396,0.4648429376107675,-0.0023399374367278347,0.000200047695496802,-0.0028368834612788763,-0.0018429914121767931
tdl_mix,tdl_D_100ns,0.0,3,0.16698295687451775,0.16772093596281828,-0.0007379790883005333,0.995599958442492,-0.0007379790883005333,3.6043299018497104e-05,-0.0008275156066516429,-0.0006484425699494236,0.3706139741856375,0.37164023444976335,-0.0010262602641258705,0.00020836509712371254,-0.001543867859722871,-0.0005086526685288698
tdl_mix,tdl_D_100ns,2.0,3,0.11298897825641396,0.11290816318841627,8.081506799768878e-05,1.0007157593013256,8.081506799768416e-05,9.018062112581285e-05,-0.0001432060138184409,0.00030483614981380926,0.2656065450038439,0.2652810559964474,0.00032548900739644743,0.0001883992971054835,-0.00014252079142813975,0.0007934988062210346
tdl_mix,tdl_D_100ns,4.0,3,0.06526400719159915,0.06472194341965663,0.0005420637719425192,1.0083752703225826,0.0005420637719425192,0.00013550450017013802,0.0002054519329453411,0.0008786756109396973,0.16195117893778246,0.16057215023923802,0.0013790286985444489,0.00021432845203681446,0.0008466073081187031,0.0019114500889701948
tdl_mix,tdl_D_100ns,6.0,3,0.030325807171103395,0.029609115035445603,0.000716692135657792,1.0242051184170762,0.0007166921356577932,0.0001018438446046768,0.0004636980005561606,0.0009696862707594257,0.07860785722732544,0.07683906869755851,0.001768788529766932,0.00018131485332412126,0.0013183774649070637,0.0022191995946268003
tdl_mix,tdl_D_100ns,8.0,3,0.010340749481577932,0.00981206069757909,0.0005286887839988427,1.0538815240033406,0.0005286887839988421,3.0171561162504834e-05,0.0004537384710898635,0.0006036390969078207,0.02802992934062157,0.0267098424381312,0.0013200869024903698,0.00010055693167571222,0.0010702896363274374,0.0015698841686533022
tdl_mix,tdl_D_100ns,10.0,3,0.002464011863425926,0.002257453070746528,0.00020655879267939816,1.0915008136187256,0.00020655879267939803,3.072617643922746e-05,0.0001302307390459481,0.00028288684631284797,0.006891058907372716,0.006329338859628748,0.0005617200477439679,3.647579117170085e-05,0.00047110915932500836,0.0006523309361629274
tdl_mix,tdl_D_100ns,12.0,3,0.00041792127821180556,0.0003663993176118827,5.152196059992286e-05,1.1406169665809769,5.1521960599922824e-05,6.742323950562024e-06,3.477309940886435e-05,6.82708217909813e-05,0.001224554056175237,0.0010663006691129901,0.00015825338706224696,3.3375862906588117e-06,0.0001499623630910887,0.00016654441103340523
tdl_mix,tdl_D_100ns,14.0,3,6.39550479841821e-05,4.9732349537037034e-05,1.422269844714507e-05,1.2859848484848486,1.4222698447145059e-05,7.111193278061431e-07,1.245618010732084e-05,1.5989216786969278e-05,0.0002044375713596287,0.00016225539727684793,4.218217408278078e-05,1.9038633805448652e-06,3.745271526097095e-05,4.691163290459061e-05
tdl_mix,tdl_D_100ns,16.0,3,1.2998227719907408e-05,9.136435426311728e-06,3.861792293595679e-06,1.422680412371134,3.861792293595678e-06,1.1419937372073084e-06,1.0249225843096192e-06,6.6986620028817375e-06,4.569170303871089e-05,3.343711299479495e-05,1.2254590043915943e-05,1.961946046225474e-06,7.380845881884497e-06,1.712833420594739e-05
tdl_mix,tdl_D_100ns,18.0,3,4.426932629243827e-06,2.5431315104166665e-06,1.8838011188271608e-06,1.740740740740741,1.8838011188271604e-06,7.111193278061433e-07,1.1728277900294029e-07,3.6503194586513807e-06,1.6362976880990583e-05,1.2876479393436269e-05,3.486497487554314e-06,1.3114250822918465e-06,2.287369843753414e-07,6.744257990733286e-06
tdl_mix,tdl_D_100ns,20.0,3,1.6012309510030863e-06,3.767602237654321e-07,1.2244707272376543e-06,4.25,1.2244707272376543e-06,3.262839249163738e-07,4.1393652458449466e-07,2.035004929890814e-06,8.43306546543048e-06,9.590222811154636e-06,-1.1571573457241567e-06,1.6005552390851386e-06,-5.133156975024643e-06,2.81884228357633e-06
tdl_mix,tdl_D_10ns,-10.0,3,0.38014258867428624,0.38951233286916476,-0.009369744194878515,0.9759449357460377,-0.009369744194878479,0.00014904150041689129,-0.009739983806693855,-0.008999504583063103,0.6491528278515662,0.6555918271158948,-0.006438999264328597,0.00011344182169311412,-0.006720804371696716,-0.006157194156960478
tdl_mix,tdl_D_10ns,-8.0,3,0.34913145465615353,0.35596513159481097,-0.00683367693865744,0.9808023979538645,-0.006833676938657422,9.943539415729904e-05,-0.007080688151175616,-0.006586665726139228,0.6237543497556522,0.6297438387517577,-0.005989488996105408,8.328000570306922e-05,-0.006196367998914965,-0.00578260999329585
tdl_mix,tdl_D_10ns,-6.0,3,0.31171765739535107,0.31670549180772567,-0.004987834412374603,0.9842508748935659,-0.0049878344123746214,3.0591184355992304e-05,-0.0050638271270833065,-0.004911841697665936,0.5860264533095889,0.5913862781024274,-0.005359824792838401,8.733353383591335e-05,-0.005576773317748775,-0.005142876267928026
tdl_mix,tdl_D_10ns,-4.0,3,0.2675511866440008,0.27123062698929395,-0.0036794403452931612,0.986434274085727,-0.003679440345293198,5.630548876122375e-05,-0.0038193109333087487,-0.0035395697572776475,0.5318273732691635,0.5365225805176629,-0.004695207248499367,0.0001345656454376118,-0.0050294868430495335,-0.0043609276539492
tdl_mix,tdl_D_10ns,-2.0,3,0.2172066017433449,0.2197814753026138,-0.0025748735592688865,0.9882843922322225,-0.002574873559268905,7.156578797502549e-05,-0.00275265283205548,-0.0023970942864823303,0.4577830636206968,0.4617195155149625,-0.003936451894265632,0.00020006375466921205,-0.004433437812012478,-0.003439465976518785
tdl_mix,tdl_D_10ns,0.0,3,0.16243932276596257,0.1640483714916088,-0.0016090487256462394,0.9901916202458094,-0.001609048725646221,0.00014535463632334378,-0.001970129659328373,-0.001247967791964069,0.3637297142435003,0.366659152287024,-0.002929438043523728,0.0002184986196666262,-0.003472218704623399,-0.0023866573824240568
tdl_mix,tdl_D_10ns,2.0,3,0.10760498046875,0.10849856152946566,-0.0008935810607156591,0.9917641206655723,-0.0008935810607156638,0.00014404880998190747,-0.001251418141937935,-0.0005357439794933926,0.2561542362342646,0.2577993201988715,-0.0016450839646068676,0.00018746289625523263,-0.002110767614765944,-0.001179400314447791
tdl_mix,tdl_D_10ns,4.0,3,0.05975539595992477,0.059857968930844906,-0.00010257297092013812,0.998286394063276,-0.00010257297092014044,0.00013306654941478598,-0.0004331286045063306,0.0002279826626660497,0.15056461537325824,0.1508124718143616,-0.0002478564411033853,0.00018113455968548066,-0.0006978196317363009,0.0002021067495295303
tdl_mix,tdl_D_10ns,6.0,3,0.025473418059172453,0.02515336024908372,0.00032005781008873427,1.012724256597104,0.0003200578100887354,9.7239178878162e-05,7.850229876877268e-05,0.0005616133214086981,0.0675783965414689,0.0668363820899416,0.0007420144515272962,0.00010959928764109415,0.00046975472790684327,0.001014274175147749
tdl_mix,tdl_D_10ns,8.0,3,0.0072997293354552465,0.007014427656008873,0.00028530167944637325,1.0406735507781553,0.0002853016794463735,2.598160602689442e-05,0.00022075979210069816,0.0003498435667920489,0.020348888419476557,0.019538662453860413,0.0008102259656161426,3.877832420264478e-05,0.0007138952680622495,0.0009065566631700358
tdl_mix,tdl_D_10ns,10.0,3,0.0011910332573784722,0.0010636883017457561,0.00012734495563271613,1.1197201806428763,0.00012734495563271613,1.7818358866140164e-05,8.308169841017186e-05,0.0001716082128552604,0.00346110416231332,0.003133365220424754,0.00032773894188856643,1.6389234836124337e-05,0.0002870258255638866,0.00036845205821324625
tdl_mix,tdl_D_10ns,12.0,3,9.070502387152778e-05,7.62939453125e-05,1.441107855902778e-05,1.1888888888888889,1.4411078559027776e-05,5.839023821730948e-06,-9.386071688810671e-08,2.8916017834943658e-05,0.0003067801947587595,0.0002482319123149033,5.85482824438562e-05,6.698498076313667e-06,4.190829075977259e-05,7.518827412793982e-05
tdl_mix,tdl_D_10ns,14.0,3,3.3908420138888887e-06,1.8838011188271604e-06,1.5070408950617283e-06,1.8,1.5070408950617283e-06,4.316330610633982e-07,4.348049303955834e-07,2.5792768597278732e-06,2.2466449811389916e-05,1.6181614890588265e-05,6.284834920801654e-06,2.332985715638042e-06,4.893771233924084e-07,1.20802927182109e-05
tdl_mix,tdl_D_10ns,16.0,3,1.8838011188271604e-07,0.0,1.8838011188271604e-07,inf,1.8838011188271604e-07,1.631419624581869e-07,-2.1688698944386376e-07,5.936472132092959e-07,4.329199855644141e-06,4.680589410310387e-06,-3.5138955466624604e-07,9.995497456513946e-07,-2.8344087727027066e-06,2.131629663370214e-06
tdl_mix,tdl_D_10ns,18.0,3,0.0,0.0,0.0,inf,0.0,0.0,0.0,0.0,2.170111245358845e-06,4.050108131712387e-06,-1.8799968863535422e-06,7.039031376622912e-07,-3.6285892161055845e-06,-1.3140455660149984e-07
tdl_mix,tdl_D_10ns,20.0,3,0.0,0.0,0.0,inf,0.0,0.0,0.0,0.0,1.6003957471409116e-06,4.6082743468969625e-06,-3.0078785997560506e-06,5.236460169597551e-07,-4.308687418142552e-06,-1.7070697813695494e-06
tdl_mix,tdl_D_300ns,-10.0,3,0.3834804958767361,0.3924419261791088,-0.008961430302372675,0.9771649517939561,-0.008961430302372694,0.00026186861575958867,-0.00961194800632941,-0.008310912598415978,0.6512273469088989,0.6569230894983551,-0.005695742589456117,0.00017842801826237185,-0.006138982358471221,-0.005252502820441013
tdl_mix,tdl_D_300ns,-8.0,3,0.3532438866886092,0.3594820940936053,-0.006238207404996143,0.9826466811351895,-0.006238207404996125,0.00024925609377025903,-0.006857393867437688,-0.005619020942554562,0.6268040677647532,0.6318735715783673,-0.0050695038136140775,0.0001890612957218999,-0.005539158108166893,-0.004599849519061262
tdl_mix,tdl_D_300ns,-6.0,3,0.31677368540822726,0.32095073181905864,-0.0041770464108313865,0.9869853968328501,-0.004177046410831405,0.00010427655985048912,-0.0044360837456173365,-0.003918009076045473,0.5905044030996017,0.59469524209882,-0.004190838999218349,0.00022472390138726149,-0.004749084117407102,-0.0036325938810295964
tdl_mix,tdl_D_300ns,-4.0,3,0.2737911836600598,0.27639365490571954,-0.0026024712456597654,0.9905841859989605,-0.00260247124565971,0.00012642102149715149,-0.0029165184727305937,-0.002288424018588826,0.5384288408138134,0.5415885051091512,-0.0031596642953377607,0.00026530627606338963,-0.0038187216208956567,-0.0025006069697798648
tdl_mix,tdl_D_300ns,-2.0,3,0.2247754320686246,0.22630432505666473,-0.0015288929880401259,0.9932440840993326,-0.0015288929880401259,6.121433402637215e-05,-0.0016809578237004371,-0.0013768281523798146,0.4675155491740615,0.4695110379913707,-0.001995488817309173,0.0003029202676510865,-0.00274798447786304,-0.0012429931567553062
tdl_mix,tdl_D_300ns,0.0,3,0.17163971324025848,0.17218403757354359,-0.0005443243332851067,0.9968387061834776,-0.0005443243332851067,6.935721080956752e-05,-0.0007166171962454506,-0.0003720314703247628,0.37783918814894596,0.3785602089799481,-0.0007210208310021357,0.0003029517437427072,-0.0014735946825022192,3.1553020497947985e-05
tdl_mix,tdl_D_300ns,2.0,3,0.11845134217062114,0.11834839243947724,0.00010294973114390038,1.0008698870261086,0.00010294973114390038,5.643367941658388e-05,-3.7239300112936185e-05,0.00024313876240073695,0.2754564916278109,0.27496397771217207,0.0004925139156388517,0.0002639791578831526,-0.00016324666559944375,0.0011482744968771472
tdl_mix,tdl_D_300ns,4.0,3,0.07119223512249229,0.07062285623432678,0.0005693788881655087,1.008062246679408,0.0005693788881655087,6.0183465753415635e-05,0.00041987487125799195,0.0007188829050730255,0.17392781064098264,0.17262480233186558,0.001303008309117069,0.0002346051970714346,0.0007202166916773828,0.0018857999265567552
tdl_mix,tdl_D_300ns,6.0,3,0.035561738190827544,0.0349023136091821,0.0006594245816454458,1.0188934346596428,0.0006594245816454481,8.345026335058945e-05,0.00045212263539295625,0.0008667265278979399,0.0907463745938407,0.08915289877741424,0.0015934758164264558,0.00016683607177535293,0.0011790320388334304,0.002007919594019481
tdl_mix,tdl_D_300ns,8.0,3,0.014199810263551311,0.013739691840277778,0.0004601184232735332,1.033488263683229,0.0004601184232735338,5.116965272218726e-05,0.0003330059592444001,0.0005872308873026675,0.03751535046799683,0.03623815462637095,0.0012771958416258843,8.00606853630576e-05,0.0010783140738794559,0.0014760776093723127
tdl_mix,tdl_D_300ns,10.0,3,0.004514435191213349,0.004282256703317901,0.00023217848789544755,1.054218722505719,0.00023217848789544785,1.0871915512972976e-05,0.00020517115256969256,0.0002591858232212031,0.012199333236541278,0.011524739859188782,0.0006745933773524964,4.4345822857448496e-05,0.0005644322464295659,0.0007847545082754269
tdl_mix,tdl_D_300ns,12.0,3,0.0012398237063560957,0.0011548642758969908,8.49594304591049e-05,1.0735665932631921,8.49594304591049e-05,9.629522568790378e-06,6.103837029892219e-05,0.0001088804906192876,0.003364527827979606,0.0030926999414661598,0.0002718278865134459,1.884635441154311e-05,0.0002250109467889588,0.00031864482623793303
tdl_mix,tdl_D_300ns,14.0,3,0.0003484090169270833,0.000302538459683642,4.5870557243441325e-05,1.1516189290161891,4.587055724344138e-05,2.301400591602197e-06,4.015356124378284e-05,5.158755324309992e-05,0.0009349015689408981,0.0008176562629990786,0.00011724530594181956,1.0142163391111085e-05,9.20507753822794e-05,0.00014243983650135973
tdl_mix,tdl_D_300ns,16.0,3,0.00012272964289158952,0.00010709409360532407,1.5635549286265447e-05,1.1459982409850484,1.5635549286265434e-05,2.1208455119564392e-06,1.0367076969019873e-05,2.0904021603510994e-05,0.00032569259933496386,0.0002746820858270821,5.1010513507881786e-05,5.995262037001426e-06,3.611745698938135e-05,6.590357002638223e-05
tdl_mix,tdl_D_300ns,18.0,3,6.376666787229939e-05,5.425347222222222e-05,9.513195650077169e-06,1.1753472222222223,9.513195650077157e-06,1.8385165457966286e-06,4.94606736481504e-06,1.4080323935339274e-05,0.00016381683846343494,0.0001351071747913123,2.8709663672122618e-05,4.8560789138712674e-06,1.664649491048575e-05,4.0772832433759485e-05
tdl_mix,tdl_D_300ns,20.0,3,4.389256606867284e-05,3.485032069830247e-05,9.04224537037037e-06,1.2594594594594595,9.04224537037037e-06,1.977991174768516e-06,4.128642899433773e-06,1.3955847841306967e-05,0.00010679386638384816,8.837912307093193e-05,1.8414743312916227e-05,4.768124962660221e-06,6.570064278388386e-06,3.025942234744407e-05
tdl_mix,tdl_D_30ns,-10.0,3,0.38073137071397567,0.3898802392276717,-0.009148868513696007,0.9765341569200343,-0.009148868513695988,0.00017102787489137482,-0.009573725307490148,-0.008724011719901828,0.6494913042327504,0.6557293659375037,-0.006238061704753346,0.0001253530700775052,-0.006549455993428269,-0.0059266674160784235
tdl_mix,tdl_D_30ns,-8.0,3,0.3498300623010706,0.3564313723717207,-0.006601310070650068,0.9814794359241599,-0.006601310070650068,8.79993250087052e-05,-0.006819912512520988,-0.006382707628779148,0.6242480815192799,0.6299760165037932,-0.005727934984513257,9.917033853658262e-05,-0.0059742877623682935,-0.0054815822066582205
tdl_mix,tdl_D_30ns,-6.0,3,0.31252401846426503,0.3172710089035976,-0.004746990439332577,0.9850380579816073,-0.0047469904393325395,7.04843138391688e-05,-0.0049220831814338496,-0.0045718976972312295,0.5867487688859304,0.5917585142600683,-0.005009745374138008,0.00010338192616890026,-0.00526656031565722,-0.0047529304326187965
tdl_mix,tdl_D_30ns,-4.0,3,0.2686096003026138,0.27191086757330246,-0.003301267270688635,0.9878590094608901,-0.0033012672706886534,9.835430998027855e-05,-0.0035455929212330336,-0.0030569416201442733,0.532893795658041,0.5371170592160872,-0.004223263558046253,0.00013594315857408816,-0.004560965084927301,-0.0038855620311652054
tdl_mix,tdl_D_30ns,-2.0,3,0.21841100998866705,0.2206735493224344,-0.002262539333767355,0.9897471203924786,-0.002262539333767364,6.06947302201301e-05,-0.002413313402017372,-0.002111765265517356,0.45936915425606717,0.4626820370738889,-0.003312882817821735,0.00018285408378756012,-0.0037671175431230504,-0.0028586480925204194
tdl_mix,tdl_D_30ns,0.0,3,0.1638418126989294,0.1651611328125,-0.00131932011357061,0.99201192138184,-0.00131932011357061,0.00011220882356013749,-0.0015980622837779694,-0.0010405779433632508,0.3660411683865535,0.36821769527447074,-0.002176526887917233,0.00019167003333278658,-0.0026526616459495575,-0.0017003921298849088
tdl_mix,tdl_D_30ns,2.0,3,0.10942181245780286,0.10989323368778935,-0.00047142122998648783,0.995710188751695,-0.00047142122998649244,7.873640811742211e-05,-0.0006670133106861013,-0.0002758291492868836,0.2593103489022196,0.2601575189166599,-0.0008471700144402905,0.00016104796106547508,-0.0012472353279385814,-0.00044710470094199946
tdl_mix,tdl_D_30ns,4.0,3,0.061572227948977626,0.061403627748842594,0.00016860020013503146,1.0027457693676447,0.00016860020013502916,0.00013672318486561313,-0.00017103901947302543,0.0005082394197430838,0.15431597681693088,0.1538990918132994,0.000416885003631499,0.00018977628919875016,-5.454543318088252e-05,0.0008883154404438806
tdl_mix,tdl_D_30ns,6.0,3,0.027035654327015816,0.026497263967255016,0.0005383903597608007,1.020318715186071,0.000538390359760803,7.106532047430703e-05,0.0003618543171663149,0.0007149264023552911,0.07113746020161076,0.06997217173561637,0.0011652884659943685,0.00013347000226450944,0.0008337305999692295,0.0014968463320195074
tdl_mix,tdl_D_30ns,8.0,3,0.008218176570939428,0.007844053668740355,0.00037412290219907343,1.0476950972033765,0.00037412290219907403,2.0534512327998653e-05,0.0003231123457307721,0.00042513345866737595,0.022734493569091515,0.021724669285762457,0.0010098242833290565,5.309149617347889e-05,0.0008779376955063093,0.0011417108711518037
tdl_mix,tdl_D_30ns,10.0,3,0.0015397248444733796,0.0013979688102816357,0.00014175603419174388,1.1014014283789246,0.00014175603419174375,1.8195266297558187e-05,9.65564870049398e-05,0.0001869555813785477,0.004441905760976635,0.0040286597192149476,0.00041324604176168805,1.6889119676576057e-05,0.0003712911426532631,0.000455200940870113
tdl_mix,tdl_D_30ns,12.0,3,0.00017123752170138888,0.00014571201654128087,2.552550516010801e-05,1.1751777634130574,2.552550516010802e-05,3.262839249163737e-06,1.7420163133576427e-05,3.363084718663961e-05,0.0005428195941077982,0.0004558474093856704,8.697218472212785e-05,8.83565183266673e-06,6.502320879587906e-05,0.00010892116064837664
tdl_mix,tdl_D_30ns,14.0,3,1.8272870852623457e-05,1.4128508391203704e-05,4.144362461419753e-06,1.2933333333333332,4.144362461419754e-06,2.4687858717329538e-06,-1.988441625019131e-06,1.0277166547858638e-05,7.506411227187067e-05,5.987412756147944e-05,1.5189984710391232e-05,4.15031022780186e-06,4.880042557657797e-06,2.5499926863124666e-05
tdl_mix,tdl_D_30ns,16.0,3,6.781684027777777e-06,5.839783468364197e-06,9.419005594135802e-07,1.1612903225806452,9.419005594135802e-07,8.632661221267964e-07,-1.2025713699187097e-06,3.08637248874587e-06,2.4815576187303336e-05,2.0961999095483026e-05,3.853577091820312e-06,2.458672858342283e-06,-2.254104876674426e-06,9.961259060315051e-06
tdl_mix,tdl_D_30ns,18.0,3,3.861792293595679e-06,2.5431315104166665e-06,1.3186607831790127e-06,1.5185185185185186,1.3186607831790125e-06,4.3163306106339835e-07,2.4642481851286735e-07,2.3908967478451576e-06,1.1761313888279273e-05,1.110343685659133e-05,6.578770316879444e-07,2.2202075684661526e-06,-4.8574243172597455e-06,6.173178380635634e-06
tdl_mix,tdl_D_30ns,20.0,3,1.9779911747685184e-06,1.1302806712962962e-06,8.477105034722222e-07,1.75,8.477105034722222e-07,8.477105034722222e-07,-1.2581191269291795e-06,2.953540133873624e-06,5.730310663463491e-06,7.373266024292263e-06,-1.6429553608287718e-06,1.4835192282348013e-06,-5.3282214219321815e-06,2.0423107002746375e-06
tdl_mix,tdl_E_100ns,-10.0,3,0.38225423553843557,0.39105102162302274,-0.008796786084587171,0.977504761276222,-0.008796786084587208,0.00022522461393625334,-0.009356275041701705,-0.00823729712747271,0.6503475080301732,0.6561747988065084,-0.005827290776335185,0.00013977486427231732,-0.006174510787841891,-0.005480070764828479
tdl_mix,tdl_E_100ns,-8.0,3,0.3515388582959587,0.3578527003158758,-0.006313842019917082,0.982356310251833,-0.006313842019917045,0.00016351643291462778,-0.006720039357426441,-0.005907644682407649,0.6254838278264175,0.6307165446104827,-0.005232716784065117,0.00013194526432588574,-0.005560486991076242,-0.004904946577053992
tdl_mix,tdl_E_100ns,-6.0,3,0.3147497294861593,0.3190088154357157,-0.004259085949556374,0.9866490023363802,-0.0042590859495563365,3.7988964282745215e-05,-0.004353455768364989,-0.004164716130747684,0.5885259939564599,0.592904344017123,-0.0043783500606631165,0.00015389734401501296,-0.004760652256683402,-0.003996047864642831
tdl_mix,tdl_E_100ns,-4.0,3,0.27129392270688657,0.27399105495876735,-0.002697132251880785,0.9901561302711628,-0.0026971322518807663,9.203072212778361e-05,-0.002925749239366607,-0.0024685152643949258,0.5354710732713158,0.5388508141040803,-0.0033797408327644884,0.00018516669115761192,-0.003839720393246437,-0.0029197612722825397
tdl_mix,tdl_E_100ns,-2.0,3,0.22161714530285495,0.223208768868152,-0.0015916235652970456,0.9928693501901029,-0.001591623565297064,0.00010129119087473165,-0.0018432448324265487,-0.0013400022981675795,0.4631317776662332,0.46538230408856895,-0.002250526422335808,0.0002255852391453249,-0.0028109112221320013,-0.0016901416225396147
tdl_mix,tdl_E_100ns,0.0,3,0.16774128101490163,0.16845213336709106,-0.0007108523521894283,0.995780092908409,-0.0007108523521894283,2.73704374590447e-05,-0.0007788442880711021,-0.0006428604163077545,0.3714946276611752,0.3724666701422798,-0.0009720424811045514,0.00022838472717745875,-0.0015393815946952234,-0.0004047033675138792
tdl_mix,tdl_E_100ns,2.0,3,0.1138103155442226,0.11374579535590278,6.452018831983042e-05,1.0005672314138554,6.452018831983042e-05,2.4375396515669385e-05,3.9683465941112874e-06,0.00012507203004554954,0.2668300771418913,0.2664921861371876,0.00033789100470366096,0.00019540717562602518,-0.00014752732943382354,0.0008233093388411454
tdl_mix,tdl_E_100ns,4.0,3,0.06612433916256752,0.06559433171778549,0.0005300074447820297,1.0080800799535903,0.0005300074447820204,0.00011903696639065473,0.0002343032274675177,0.0008257116620965232,0.16351999452820531,0.16216696706818945,0.001353027460015856,0.00021530855815917835,0.0008181713510099372,0.001887883569021775
tdl_mix,tdl_E_100ns,6.0,3,0.03103270354094329,0.030374126669801313,0.0006585768711419755,1.0216821664800901,0.0006585768711419743,6.351818702915669e-05,0.0005007889473549015,0.0008163647949290472,0.08036175388612865,0.07864792258651168,0.0017138312996169691,0.0001908915887082882,0.0012396303052329433,0.002188032294000995
tdl_mix,tdl_E_100ns,8.0,3,0.011038415225935572,0.010546460563753858,0.0004919546621817133,1.0466464231490578,0.0004919546621817127,1.3601578941694299e-05,0.0004581664669920301,0.0005257428573713954,0.02956392386077363,0.02826480291507862,0.0012991209456950069,9.984491167958366e-05,0.0010510924352560443,0.0015471494561339694
tdl_mix,tdl_E_100ns,10.0,3,0.0028484956717785494,0.002656065387490355,0.0001924302842881945,1.0724493776375048,0.0001924302842881945,2.857733127118261e-05,0.00012144025797359801,0.000263420310602791,0.007808167608109889,0.007244022269905718,0.0005641453382041721,3.83285642051736e-05,0.0004689319064212758,0.0006593587699870683
tdl_mix,tdl_E_100ns,12.0,3,0.0005730523003472222,0.0005145602756076389,5.849202473958337e-05,1.113673805601318,5.8492024739583295e-05,5.501054081085178e-06,4.4826648841867625e-05,7.215740063729896e-05,0.001615897322613976,0.0014449072438349694,0.0001709900787790064,2.82395890161917e-06,0.00016397497597479734,0.00017800518158321544
tdl_mix,tdl_E_100ns,14.0,3,0.00012122260199652778,0.00010850694444444444,1.2715657552083342e-05,1.1171875,1.2715657552083334e-05,2.589798366380389e-06,6.282241764086466e-06,1.91490733400802e-05,0.0003570803315529634,0.00030902132228804454,4.805900926491889e-05,6.609511929418071e-06,3.164007142417029e-05,6.447794710566749e-05
tdl_mix,tdl_E_100ns,16.0,3,3.390842013888889e-05,2.7974446614583332e-05,5.933973524305558e-06,1.2121212121212122,5.933973524305555e-06,1.4128508391203733e-06,2.424257473636545e-06,9.443689574974564e-06,0.00010719539994080364,8.775641439861817e-05,1.9438985542185458e-05,5.456735052822745e-06,5.883704213928766e-06,3.299426687044215e-05
tdl_mix,tdl_E_100ns,18.0,3,1.478783878279321e-05,1.007833598572531e-05,4.7095027970679e-06,1.467289719626168,4.709502797067901e-06,2.900074959901531e-06,-2.4946827779972514e-06,1.1913688372133054e-05,4.3461487792475604e-05,3.2760661848262744e-05,1.0700825944212866e-05,4.381024209051206e-06,-1.8224150999168356e-07,2.1583893398417413e-05
tdl_mix,tdl_E_100ns,20.0,3,5.839783468364197e-06,2.7315116222993826e-06,3.1082718460648146e-06,2.1379310344827585,3.108271846064815e-06,1.5732841104097778e-06,-7.999825440486648e-07,7.016526236178295e-06,2.1806384306672288e-05,1.712070204603937e-05,4.68568226063292e-06,3.1786443678946316e-06,-3.2105080861938815e-06,1.2581872607459723e-05
tdl_mix,tdl_E_10ns,-10.0,3,0.38030440719039355,0.38956470254026815,-0.009260295349874603,0.9762291211460119,-0.009260295349874603,5.110719800307558e-05,-0.00938725266778071,-0.009133338031968497,0.6491708336053071,0.6555897689160006,-0.006418935310693448,0.00010481290823853444,-0.00667930500873681,-0.0061585656126500864
tdl_mix,tdl_E_10ns,-8.0,3,0.34924947479624807,0.3559589150511188,-0.006709440254870747,0.9811510824109934,-0.006709440254870747,0.00016697585834949479,-0.007124231281564207,-0.006294649228177286,0.6237717705008424,0.6297559384946471,-0.005984167993804523,7.747277588338696e-05,-0.006176621038017664,-0.005791714949591383
tdl_mix,tdl_E_10ns,-6.0,3,0.31186327522183643,0.31676530249324847,-0.004902027271412035,0.9845247341396663,-0.004902027271412035,9.187181404573244e-05,-0.005130249509338536,-0.004673805033485534,0.5860355544237442,0.5914105033432996,-0.0053749489195553295,8.595006076116262e-05,-0.005588460706827395,-0.005161437132283264
tdl_mix,tdl_E_10ns,-4.0,3,0.26773108965084874,0.27126283998842593,-0.0035317503375771886,0.9869803385611982,-0.0035317503375771517,7.799004885309819e-05,-0.0037254883590816697,-0.003338012316072634,0.5318264545481882,0.5365543369157815,-0.0047278823675932875,0.00013230440947970714,-0.005056544740625046,-0.004399219994561529
tdl_mix,tdl_E_10ns,-2.0,3,0.21727121612172068,0.21978910469714505,-0.0025178885754243707,0.9885440701035029,-0.00251788857542438,4.200739220237522e-05,-0.0026222407225705113,-0.0024135364282782483,0.4577550406073347,0.4617499013741811,-0.003994860766846427,0.00020212719008633068,-0.004496972542328892,-0.0034927489913639622
tdl_mix,tdl_E_10ns,0.0,3,0.16235596456645449,0.1641180721330054,-0.0017621075665509023,0.989263171668731,-0.0017621075665509207,0.00010296726640841832,-0.002017892436121535,-0.0015063226969803064,0.3636621074911989,0.3666762157722756,-0.0030141082810766773,0.0002064782679240584,-0.003527028733103009,-0.0025011878290503455
tdl_mix,tdl_E_10ns,2.0,3,0.10763587480709877,0.10847294183424962,-0.0008370670271508479,0.9922831720704144,-0.0008370670271508432,8.983124441384402e-05,-0.0010602202091011266,-0.0006139138452005598,0.25604713643774574,0.25778577798678554,-0.0017386415490397618,0.00016371931823456044,-0.002145342881623582,-0.0013319402164559415
tdl_mix,tdl_E_10ns,4.0,3,0.059721770109953706,0.05991495391468943,-0.00019318380473572205,0.9967756996857448,-0.00019318380473572436,0.00010604829912997684,-0.0004566223838813868,7.025477440993812e-05,0.15043076661265928,0.15076356371979655,-0.00033279710713727634,0.00016605010497306968,-0.0007452884349564926,7.96942206819399e-05
tdl_mix,tdl_E_10ns,6.0,3,0.02544958797501929,0.025174553011670524,0.00027503496334876573,1.0109251180436556,0.0002750349633487646,0.00014388963864973386,-8.240671436460966e-05,0.0006324766410621388,0.0674779976223722,0.06679197354817097,0.0006860240742012266,0.00011850792044932221,0.00039163407986088583,0.0009804140685415674
tdl_mix,tdl_E_10ns,8.0,3,0.0072961501133294755,0.007010377483603395,0.0002857726297260804,1.0407642285161498,0.0002857726297260804,2.3240143742437706e-05,0.0002280409122268213,0.00034350434722533953,0.020298225057805763,0.019521187772445475,0.0007770372853602899,5.8128738566659934e-05,0.0006326374937449436,0.0009214370769756363
tdl_mix,tdl_E_10ns,10.0,3,0.0011896204065393518,0.0010630289713541667,0.0001265914351851851,1.1190855927698031,0.00012659143518518518,1.4069043516376136e-05,9.164199361658438e-05,0.00016154087675378597,0.003438832997171967,0.0031240830445133246,0.00031474995265864296,2.5741537870932648e-05,0.00025080442767260505,0.0003786954776446809
tdl_mix,tdl_E_10ns,12.0,3,8.957474320023148e-05,7.441014419367284e-05,1.5164599006558635e-05,1.2037974683544304,1.516459900655864e-05,8.20102816020456e-06,-5.207884322098098e-06,3.5537082335215376e-05,0.0003051083751617827,0.00024746488822900036,5.764348693278238e-05,1.1684283096381153e-05,2.8618118657203467e-05,8.66688552083613e-05
tdl_mix,tdl_E_10ns,14.0,3,6.216543692129629e-06,2.9198917341820986e-06,3.2966519579475307e-06,2.129032258064516,3.2966519579475307e-06,1.4222386556122857e-06,-2.3638472170090783e-07,6.829688637595969e-06,3.0209961865401975e-05,1.9214278325554555e-05,1.0995683539847422e-05,1.8487355673238344e-06,6.40316979783143e-06,1.5588197281863413e-05
tdl_mix,tdl_E_10ns,16.0,3,1.6012309510030863e-06,9.419005594135802e-08,1.5070408950617283e-06,17.0,1.5070408950617283e-06,5.88216710822814e-07,4.582958097008459e-08,2.968252209153372e-06,7.242846437787383e-06,5.18838961667185e-06,2.0544568211155335e-06,4.016118879893151e-07,1.0567975846365068e-06,3.0521160575945605e-06
tdl_mix,tdl_E_10ns,18.0,3,1.8838011188271604e-07,0.0,1.8838011188271604e-07,inf,1.8838011188271604e-07,1.631419624581869e-07,-2.1688698944386376e-07,5.936472132092959e-07,2.8302907190259757e-06,4.077541077240761e-06,-1.2472503582147858e-06,3.675100447106402e-07,-2.1601959197618708e-06,-3.343047966677008e-07
tdl_mix,tdl_E_10ns,20.0,3,9.419005594135802e-08,0.0,9.419005594135802e-08,inf,9.419005594135802e-08,1.631419624581869e-07,-3.110770453852218e-07,4.994571572679379e-07,1.8014900882760373e-06,4.6071729291635376e-06,-2.8056828408875e-06,4.519292436936794e-07,-3.928337318231995e-06,-1.6830283635430056e-06
tdl_mix,tdl_E_300ns,-10.0,3,0.38389804039472414,0.3924660388334298,-0.008567998438705648,0.9781688156657496,-0.00856799843870563,0.00018339529532710691,-0.009023577608002417,-0.008112419269408842,0.6514472343303539,0.6568609027214992,-0.005413668391145321,0.000175369571659116,-0.005849310557613617,-0.004978026224677025
tdl_mix,tdl_E_300ns,-8.0,3,0.35368403682002314,0.3595244796187789,-0.005840442798755785,0.9837550900429681,-0.005840442798755803,9.837622665199109e-05,-0.0060848228933309025,-0.005596062704180704,0.6271028305277412,0.6318048827442122,-0.004702052216470946,0.00017875168741688274,-0.005146096024238931,-0.004258008408702961
tdl_mix,tdl_E_300ns,-6.0,3,0.3173826241198881,0.3211255485628858,-0.003742924442997675,0.9883443579629582,-0.0037429244429977118,2.5685923568871526e-05,-0.003806731814398682,-0.0036791170715967415,0.5908960435125562,0.5945925425600123,-0.0036964990474559847,0.00021511782780988885,-0.00423088135600844,-0.003162116738903529
tdl_mix,tdl_E_300ns,-4.0,3,0.2745463995285976,0.2767640102056809,-0.002217610677083315,0.9919873589220098,-0.0022176106770833335,7.465790462798961e-05,-0.0024030711934569567,-0.0020321501607097102,0.5389357389491282,0.5414450628522002,-0.0025093239030720507,0.0002577945223889628,-0.003149720998045222,-0.0018689268080988794
tdl_mix,tdl_E_300ns,-2.0,3,0.2258813175154321,0.2268218994140625,-0.0009405818986303882,0.995853213904565,-0.0009405818986304068,5.819184842784601e-05,-0.0010851384638319145,-0.0007960253334288989,0.4681969145197928,0.4693972667058309,-0.0012003521860381634,0.00029847914201990965,-0.0019418154789285884,-0.00045888889314773845
tdl_mix,tdl_E_300ns,0.0,3,0.1727959903669946,0.1730483255268615,-0.0002523351598668899,0.9985418225856931,-0.0002523351598668899,7.632690471275731e-05,-0.00044194170229215504,-6.272861744162483e-05,0.37879581031975923,0.3786416329719402,0.0001541773478190104,0.0003112253406977212,-0.0006189492578896191,0.0009273039535276399
tdl_mix,tdl_E_300ns,2.0,3,0.11980136824242862,0.11920702898943866,0.0005943392529899616,1.0049857735573848,0.0005943392529899663,8.027446638968249e-05,0.0003949264237332222,0.0007937520822467103,0.2767930303090884,0.27542871751903014,0.0013643127900582752,0.00027434651001635583,0.0006827982784139259,0.0020458273017026248
tdl_mix,tdl_E_300ns,4.0,3,0.07229689609857252,0.07143241976514275,0.0008644763334297728,1.0121020166511512,0.000864476333429782,0.00014347563458696648,0.0005080630988215847,0.0012208895680379792,0.17559847861160463,0.173521042605977,0.002077436005627653,0.0002571315723469589,0.0014386857698548924,0.0027161862414004138
tdl_mix,tdl_E_300ns,6.0,3,0.03643186592761381,0.03557925754123264,0.0008526083863811748,1.0239636362673699,0.0008526083863811725,0.00013762134182751675,0.0005107380211928981,0.001194478751569447,0.09248776522315579,0.09039104104409983,0.002096724179055954,0.00019294595189317938,0.0016174198636105166,0.0025760284945013914
tdl_mix,tdl_E_300ns,8.0,3,0.014819486641589507,0.014287595395688657,0.0005318912459008496,1.0372274851835006,0.0005318912459008485,6.453022531151925e-05,0.0003715892796507292,0.0006921932121509677,0.038990587593964586,0.0374710684021314,0.0015195191918331897,0.00011525455052086607,0.0012332110164227053,0.0018058273672436741
tdl_mix,tdl_E_300ns,10.0,3,0.004905418113425926,0.004625108506944444,0.00028030960648148164,1.0606060606060606,0.00028030960648148137,1.1397775172536491e-05,0.000251995963344267,0.0003086232496186957,0.013182393712118082,0.012421028125157328,0.0007613655869607572,6.413999657079375e-05,0.0006020330026417195,0.0009206981712797949
tdl_mix,tdl_E_300ns,12.0,3,0.0013987223307291667,0.0013057567455150463,9.296558521412041e-05,1.0711967106686864,9.296558521412034e-05,2.2414067038135577e-05,3.7285956008893746e-05,0.00014864521441934695,0.0038572351109052512,0.003559979552656044,0.0002972555582492072,2.9826533391442057e-05,0.00022316234183795904,0.0003713487746604553
tdl_mix,tdl_E_300ns,14.0,3,0.00040539400077160495,0.00036272590543016974,4.2668095341435205e-05,1.1176317839522203,4.2668095341435185e-05,9.316248870756097e-06,1.9525250188668187e-05,6.581094049420218e-05,0.0011409526794321006,0.001023832722250832,0.00011711995718126865,4.472913935095308e-06,0.00010600862299326697,0.00012823129136927034
tdl_mix,tdl_E_300ns,16.0,3,0.00013704653139467592,0.00011773756992669753,1.9308961467978393e-05,1.164,1.9308961467978396e-05,3.6878744903285474e-06,1.0147773370006693e-05,2.84701495659501e-05,0.00038727076003223045,0.00033016057635972245,5.711018367250808e-05,7.826276519327778e-06,3.766863502752868e-05,7.655173231748747e-05
tdl_mix,tdl_E_300ns,18.0,3,5.152196059992284e-05,4.3327425733024694e-05,8.194534866898144e-06,1.1891304347826086,8.19453486689815e-06,1.495220783976571e-06,4.48020052988937e-06,1.1908869203906932e-05,0.00015085919118446102,0.00011908499376052835,3.1774197423932675e-05,6.110673975563082e-06,1.6594441756454233e-05,4.6953953091411114e-05
tdl_mix,tdl_E_300ns,20.0,3,2.1192762586805555e-05,1.572973934220679e-05,5.463023244598766e-06,1.347305389221557,5.463023244598765e-06,3.4875768179384633e-06,-3.2005978517942063e-06,1.4126644340991736e-05,7.074686145305923e-05,5.270906993044062e-05,1.8037791522618608e-05,4.936726254329566e-07,1.6811440736475685e-05,1.926414230876153e-05
tdl_mix,tdl_E_30ns,-10.0,3,0.38073466736593364,0.38989888885874807,-0.009164221492814428,0.9764959025155509,-0.009164221492814428,0.00017243271952279056,-0.009592568114136769,-0.008735874871492088,0.6494364672236972,0.6557134809317412,-0.00627701370804401,0.00011233768263404101,-0.006556075981936367,-0.0059979514341516535
tdl_mix,tdl_E_30ns,-8.0,3,0.34979210370852626,0.35634631875120565,-0.00655421504267939,0.9816071762277544,-0.00655421504267939,0.0001412197951180366,-0.006905024461390953,-0.006203405623967827,0.6241608490178615,0.6299617099173275,-0.005800860899466002,8.886828125818026e-05,-0.006021621948326185,-0.005580099850605819
tdl_mix,tdl_E_30ns,-6.0,3,0.31248511797116124,0.31729775887948497,-0.004812640908323729,0.9848324144320488,-0.004812640908323673,0.0001317911422920423,-0.005140028254978302,-0.004485253561669044,0.5866053321479279,0.5917339012210752,-0.005128569073147293,9.798796052691772e-05,-0.005371984661198866,-0.00488515348509572
tdl_mix,tdl_E_30ns,-4.0,3,0.2685361320589795,0.27184088436173803,-0.003304752302758507,0.9878430637447424,-0.003304752302758488,4.577665789659126e-05,-0.0034184678249615805,-0.003191036780555396,0.5326691906393309,0.5370576499420919,-0.004388459302760957,0.00013884301897389254,-0.0047333644822202415,-0.004043554123301672
tdl_mix,tdl_E_30ns,-2.0,3,0.21820539309654707,0.22043656714168597,-0.002231174045138895,0.9898783850879659,-0.002231174045138904,3.4511755772249236e-05,-0.0023169059991546897,-0.0021454420911231186,0.45901055799590224,0.46254910215919404,-0.00353854416329182,0.00019664095301337868,-0.00402702737036525,-0.0030500609562183903
tdl_mix,tdl_E_30ns,0.0,3,0.1635862750771605,0.16504895245587384,-0.001462677378713334,0.9911379178301396,-0.0014626773787133434,2.9061257661932143e-05,-0.0015348695448249572,-0.0013904852126017295,0.36550004541138076,0.36795550989515985,-0.0024554644837791275,0.00019234327437509766,-0.0029332716652738177,-0.0019776573022844374
tdl_mix,tdl_E_30ns,2.0,3,0.10904684184510031,0.10956338011188271,-0.0005165382667823987,0.9952854843812328,-0.0005165382667824079,9.214864025089344e-05,-0.0007454481791247755,-0.0002876283544400403,0.2585777656899558,0.2597149715379432,-0.001137205847987414,0.00015474055773589157,-0.0015216027030108777,-0.0007528089929639503
tdl_mix,tdl_E_30ns,4.0,3,0.06123286117742091,0.061130382396556715,0.00010247878086419582,1.0016763968561395,0.0001024787808641935,7.897334894958974e-05,-9.370189349207861e-05,0.0002986594552204656,0.15346017259138603,0.15327518976029056,0.00018498283109547042,0.0001673262975036704,-0.00023067873471658445,0.0006006443969075253
tdl_mix,tdl_E_30ns,6.0,3,0.026678862395109953,0.026278743037471065,0.0004001193576388881,1.0152259701717223,0.00040011935763888926,5.334817007620426e-05,0.0002675951564947358,0.0005326435587830427,0.07034900048632681,0.0693287195890774,0.001020280897249412,0.0001259926658914734,0.0007072977644926729,0.0013332640300061512
tdl_mix,tdl_E_30ns,8.0,3,0.00805108341169946,0.0077123759705343365,0.00033870744116512325,1.043917392313235,0.0003387074411651241,3.4131778338766704e-05,0.00025391940342150206,0.0004234954789087462,0.022203876004542832,0.02127622806087688,0.0009276479436659511,6.563739237904551e-05,0.0007645956219500784,0.0010907002653818237
tdl_mix,tdl_E_30ns,10.0,3,0.0014692706826292439,0.0013321299611786265,0.00013714072145061735,1.1029484550661104,0.00013714072145061727,2.1494533984700066e-05,8.374533898071667e-05,0.00019053610392051785,0.004212803667250239,0.0038329652297873925,0.00037983843746284646,3.155423108317272e-05,0.00030145338206090475,0.00045822349286478816
tdl_mix,tdl_E_30ns,12.0,3,0.00014778419777199074,0.00012602629484953704,2.17579029224537e-05,1.1726457399103138,2.17579029224537e-05,5.565986803857922e-06,7.931225199365558e-06,3.558458064554184e-05,0.0004732763410163583,0.0004001425780042615,7.313376301209682e-05,1.0659269676668408e-05,4.665466922757226e-05,9.961285679662137e-05
tdl_mix,tdl_E_30ns,14.0,3,1.2904037663966049e-05,1.2527277440200617e-05,3.767602237654321e-07,1.0300751879699248,3.767602237654321e-07,2.4032311752080235e-06,-5.5931969688474e-06,6.346717416378264e-06,5.585172182713624e-05,4.607140650522872e-05,9.780315321907517e-06,2.4209437959871772e-06,3.766357540041602e-06,1.5794273103773433e-05
tdl_mix,tdl_E_30ns,16.0,3,3.3908420138888887e-06,2.6373215663580245e-06,7.535204475308642e-07,1.2857142857142858,7.535204475308642e-07,9.92353816359978e-07,-1.7116230911810273e-06,3.2186639862427556e-06,1.2360565845898956e-05,1.0767598701303215e-05,1.5929671445957387e-06,3.318433496085948e-07,7.686225654084775e-07,2.4173117237829998e-06
tdl_mix,tdl_E_30ns,18.0,3,2.8257016782407406e-07,4.709502797067901e-07,-1.8838011188271604e-07,0.6,-1.8838011188271604e-07,1.631419624581869e-07,-5.936472132092959e-07,2.1688698944386376e-07,4.278576197358223e-06,5.433262166672963e-06,-1.1546859693147398e-06,4.190660561269508e-07,-2.195703763093329e-06,-1.1366817553615061e-07
tdl_mix,tdl_E_30ns,20.0,3,2.8257016782407406e-07,0.0,2.8257016782407406e-07,inf,2.8257016782407406e-07,0.0,2.8257016782407406e-07,2.8257016782407406e-07,2.5271092313850214e-06,5.479129132580079e-06,-2.9520199011950564e-06,4.0934919245306345e-07,-3.968899667480497e-06,-1.9351401349096156e-06
tdl_mix,tdl_a,-10.0,3,0.3893890380859375,0.39432363156919126,-0.0049345934832537575,0.9874859301137576,-0.0049345934832537575,0.00020317162276724322,-0.005439299773346359,-0.004429887193161156,0.6544209687430181,0.6573887333089923,-0.0029677645659741403,0.0002346804692314676,-0.0035507431698252163,-0.0023847859621230643
tdl_mix,tdl_a,-8.0,3,0.35924866758746865,0.3618251894727165,-0.0025765218852478733,0.9928790975304881,-0.0025765218852478733,0.0001406945556003024,-0.0029260265366656824,-0.0022270172338300642,0.630537665920493,0.6324771342822063,-0.0019394683617132518,0.0002488154509608502,-0.0025575602067345097,-0.0013213765166919939
tdl_mix,tdl_a,-6.0,3,0.3228501213921441,0.3238414481834129,-0.0009913267912688428,0.9969388514137715,-0.0009913267912688244,9.47829442234159e-05,-0.001226780677453795,-0.000755872905083854,0.5946447553090107,0.5954217025895178,-0.0007769472805070713,0.00029691756986585226,-0.0015145314131198371,-3.936314789430547e-05
tdl_mix,tdl_a,-4.0,3,0.2800410706319927,0.2800414002971885,-3.2966519580845954e-07,0.9999988227983596,-3.2966519580845954e-07,0.00016161559825087065,-0.00040180506763298545,0.00040114573724136854,0.542965527669883,0.5426382175014343,0.00032731016844881705,0.000338515920199464,-0.0005136099949781619,0.0011682303318757959
tdl_mix,tdl_a,-2.0,3,0.23135941116898148,0.23081609937879774,0.0005433117901837425,1.002353873025521,0.0005433117901837425,0.00013049794308992932,0.00021913692843600926,0.0008674866519314758,0.47278708495475624,0.4714875302197021,0.0012995547350541832,0.0003440941998092504,0.0004447773568813249,0.0021543321132270416
tdl_mix,tdl_a,0.0,3,0.1786934181495949,0.17771687919710888,0.0009765389524860335,1.0054949139153122,0.000976538952486015,0.00012896272167494283,0.0006561777921512798,0.0012969001128207503,0.38459728474234356,0.3824110190257614,0.002186265716582166,0.0003423224416269255,0.0013358896297262887,0.0030366418034380436
tdl_mix,tdl_a,2.0,3,0.1260629818763262,0.12483561480486835,0.0012273670714578466,1.0098318662777153,0.001227367071457856,0.00010172038727273873,0.0009746796213702944,0.0014800545215454175,0.284598934981558,0.281664530252233,0.0029344047293250832,0.0003351443833570625,0.0021018599277151844,0.003766949530934982
tdl_mix,tdl_a,4.0,3,0.07936607172459732,0.07798307913321036,0.0013829925913869667,1.0177345214725946,0.0013829925913869667,6.47147892008022e-05,0.001222232143019235,0.0015437530397546984,0.1859333435602394,0.1826603783317554,0.0032729652284840074,0.00024799150810926867,0.0026569201709727673,0.0038890102859952475
tdl_mix,tdl_a,6.0,3,0.04396688202281057,0.04278861151801215,0.0011782705047984204,1.0275370119056662,0.0011782705047984159,7.263593587783332e-05,0.0009978328372492254,0.0013587081723476064,0.105120031370057,0.10213312537719806,0.002986905992858941,0.0001825824251311344,0.0025333461050708016,0.0034404658806470806
tdl_mix,tdl_a,8.0,3,0.02212750470196759,0.02132940881046248,0.0007980958915051115,1.0374176283364043,0.0007980958915051115,3.235384719572557e-05,0.0007177244795629793,0.0008784673034472436,0.05269869742340144,0.05056761749042773,0.002131079932973711,9.097194700998536e-05,0.0019050930886863548,0.0023570667772610672
tdl_mix,tdl_a,10.0,3,0.011214903843255691,0.010774518236701872,0.00044038560655381906,1.0408728814485373,0.00044038560655381966,2.165893884988201e-05,0.00038658181975831,0.0004941893933493294,0.026030576524157995,0.024825889673256486,0.001204686850901509,3.978865472434091e-05,0.0011058463531972435,0.0013035273486057743
tdl_mix,tdl_a,12.0,3,0.0062781675362292635,0.006000471703800155,0.00027769583242910883,1.0462790004081248,0.00027769583242910883,3.7240078828877734e-06,0.0002684448840080239,0.00028694678085019375,0.014216870076869568,0.013518350859000895,0.0006985192178686749,4.6687544771156525e-05,0.0005825409272292514,0.0008144975085080984
tdl_mix,tdl_a,14.0,3,0.0038409291962046683,0.0036342762134693287,0.0002066529827353396,1.0568622115098032,0.0002066529827353396,1.8621290088767976e-05,0.00016039513378264878,0.0002529108316880304,0.008595920259531452,0.008063438903948814,0.0005324813555826376,6.381137026812573e-05,0.00037396512425516126,0.0006909975869101139
tdl_mix,tdl_a,16.0,3,0.0024838859652295524,0.0022835201687282985,0.00020036579650125393,1.0877442639855632,0.0002003657965012538,3.797957062087833e-05,0.00010601931284229688,0.0002947122801602107,0.005536790049072132,0.005035232936671088,0.0005015571124010456,7.656741745976402e-05,0.00031135310319076203,0.0006917611216113292
tdl_mix,tdl_a,18.0,3,0.0016807980007595485,0.00146969453788098,0.00021110346287856862,1.1436376454000705,0.0002111034628785687,3.857524820448511e-05,0.00011527723407007422,0.00030692969168706315,0.0037818644170573425,0.003254532772707731,0.0005273316443496113,6.934858689485298e-05,0.0003550602043810336,0.0006996030843181891
tdl_mix,tdl_a,20.0,3,0.0012180422559196567,0.0009744196762273341,0.00024362257969232255,1.250018124259926,0.00024362257969232258,5.455696272279655e-05,0.00010809557114896984,0.0003791495882356753,0.0027893182755094497,0.002198359602853425,0.000590958672656025,7.48369633327763e-05,0.00040505334980120726,0.0007768639955108427
tdl_mix,tdl_all,-10.0,3,0.38626094865210264,0.3931306862536772,-0.006869737601574555,0.9825255625119488,-0.006869737601574573,0.0001541144303195465,-0.007252579069870675,-0.006486896133278471,0.6525981934718144,0.6569955914108841,-0.004397397939069754,0.00019603844391189444,-0.0048843844305624575,-0.003910411447577051
tdl_mix,tdl_all,-8.0,3,0.3558847733485846,0.3602736437762225,-0.004388870427637914,0.9878179530935547,-0.004388870427637914,8.056125825474027e-05,-0.0045889956873820985,-0.00418874516789373,0.6282640400492115,0.631862379702521,-0.003598339653309505,0.00019068848487999217,-0.00407203610981424,-0.003124643196804769
tdl_mix,tdl_all,-6.0,3,0.3192913808940369,0.32190183945644046,-0.0026104585624035503,0.9918905136832659,-0.0026104585624035317,4.936369478954008e-05,-0.002733084778226173,-0.0024878323465808904,0.5918857273680193,0.5944940048603363,-0.002608277492317179,0.0002067678450530618,-0.003121917293810156,-0.0020946376908242024
tdl_mix,tdl_all,-4.0,3,0.276158391693492,0.27753562927246095,-0.0013772375789689595,0.995037618836258,-0.001377237578968941,6.364368534143336e-05,-0.0015353372578463132,-0.001219137900091569,0.5395889135606495,0.541178440845307,-0.0015895272846574808,0.00022768730335034166,-0.002155133901418073,-0.0010239206678968886
tdl_mix,tdl_all,-2.0,3,0.22702387115101755,0.22756504482693143,-0.0005411736759138863,0.9976218945386561,-0.0005411736759138678,6.232563136706243e-05,-0.0006959991272072595,-0.0003863482246204761,0.4684492481159575,0.4690268899739524,-0.0005776418579949335,0.00023439801519273856,-0.0011599188071165403,4.635091126673277e-06
tdl_mix,tdl_all,0.0,3,0.17380422427330489,0.17372448297194493,7.974130135995905e-05,1.0004590101521433,7.974130135995905e-05,7.379038872036366e-05,-0.00010356418603190622,0.00026304678875182434,0.37872464691783175,0.37825666574048405,0.0004679811773476798,0.00020854216716535936,-5.006628461741333e-05,0.000986028639312773
tdl_mix,tdl_all,2.0,3,0.12066015549647956,0.12007041742772231,0.0005897380687572423,1.0049116017199844,0.0005897380687572331,5.541191084494926e-05,0.00045208725134197083,0.0007273888861724954,0.27665848778905694,0.27518105059862136,0.001477437190435582,0.00016525417878696886,0.001066923052871103,0.0018879513280000613
tdl_mix,tdl_all,4.0,3,0.07356883390450183,0.07267036437988281,0.0008984695246190277,1.0123636303778842,0.0008984695246190231,1.5085319660228363e-05,0.0008609955131558318,0.0009359435360822144,0.17597944434318277,0.1738044977877979,0.002174946555384879,6.906971086574776e-05,0.0020033678818771306,0.002346525228892627
tdl_mix,tdl_all,6.0,3,0.038375213999807097,0.03747771934226707,0.000897494657540028,1.0239474192477833,0.0008974946575400258,1.554213199770613e-05,0.0008588858613220705,0.000936103453757981,0.09427641557506573,0.09199243295523855,0.0022839826198271748,5.734056878682202e-05,0.0021415407504852594,0.00242642448916909
tdl_mix,tdl_all,8.0,3,0.017433142956392266,0.016803407080379532,0.0006297358760127339,1.0374766779737215,0.0006297358760127316,1.7154383170665087e-05,0.0005871220258550647,0.0006723497261703986,0.04285087632877683,0.04113364163728684,0.0017172346914899929,3.174005154593251e-05,0.0016383880324688774,0.0017960813505111084
tdl_mix,tdl_all,10.0,3,0.0077923244900173615,0.0074600643581814235,0.000332260131835938,1.0445385074287663,0.00033226013183593775,9.324569356389535e-06,0.0003090966174510279,0.0003554236462208476,0.018578623479697853,0.01765257373975337,0.0009260497399444847,2.247986240680345e-05,0.0008702066659826856,0.0009818928139062838
tdl_mix,tdl_all,12.0,3,0.003997727382330247,0.0038225762638044946,0.00017515111852575227,1.0458201763518067,0.00017515111852575227,3.904379487081862e-06,0.00016545210220054305,0.0001848501348509615,0.009220900207610275,0.008740441377260677,0.00048045883034959595,3.318414043427429e-05,0.0003980248556616961,0.0005628928050374958
tdl_mix,tdl_all,14.0,3,0.002359084141107253,0.0022320500126591434,0.00012703412844810962,1.056913656830103,0.00012703412844810962,1.2653073848029551e-05,9.560215053147547e-05,0.00015846610636474376,0.005343874986298639,0.0050066780746686355,0.0003371969116300038,4.152521928572285e-05,0.00023404254840975815,0.00044035127485024945
tdl_mix,tdl_all,16.0,3,0.0014992890534577547,0.0013791637656129436,0.00012012528784481114,1.0871000898079886,0.00012012528784481093,2.3610463712612226e-05,6.147364454219243e-05,0.0001787769311474294,0.003375714946269645,0.0030704790854649473,0.0003052358608046974,4.8098374306305046e-05,0.00018575287531202842,0.0004247188462973663
tdl_mix,tdl_all,18.0,3,0.0010037975546754437,0.0008805922520013503,0.0001232053026740934,1.1399118631739955,0.0001232053026740933,2.6353634944246384e-05,5.773924426492751e-05,0.00018867136108325906,0.0022733226359869965,0.001962934313728735,0.00031038832225826145,4.3033361529907465e-05,0.00020348752601441215,0.00041728911850211073
tdl_mix,tdl_all,20.0,3,0.0007194236472800925,0.000578585966133777,0.00014083768114631556,1.2434170363436572,0.00014083768114631556,3.3802775458467593e-05,5.6866931864949714e-05,0.0002248084304276814,0.0016549379349614644,0.001315168196020065,0.00033976973894139935,4.598206998168443e-05,0.00022554394483125848,0.0004539955330515402
tdl_mix,tdl_b,-10.0,3,0.3894179779806255,0.39506938133710695,-0.005651403356481455,0.9856951623602053,-0.005651403356481473,0.00018112896536058142,-0.006101352650040934,-0.005201454062922012,0.6542917664772199,0.6576693731325643,-0.003377606655344515,0.0002414377640635937,-0.0039773713101181225,-0.002777842000570908
tdl_mix,tdl_b,-8.0,3,0.3593207465277778,0.36256385143892267,-0.0032431049111448784,0.9910550792687307,-0.0032431049111448416,0.00014337721996260762,-0.003599273670273272,-0.0028869361520164113,0.6303866823882233,0.6328242441386353,-0.0024375617504119873,0.000251015820260327,-0.003061119615790059,-0.0018140038850339157
tdl_mix,tdl_b,-6.0,3,0.32312755820191935,0.3246611606927566,-0.001533602490837227,0.9952762982564195,-0.0015336024908372086,9.49841538904923e-05,-0.001769556209544151,-0.0012976487721302662,0.594536470686212,0.5958435920837485,-0.001307121397536526,0.0002712634328341862,-0.0019809771208841227,-0.0006332656741889291
tdl_mix,tdl_b,-4.0,3,0.2804905691264588,0.28087408748673803,-0.0003835183602792225,0.9986345541387924,-0.0003835183602792225,9.132384112924329e-05,-0.0006103793580188033,-0.00015665736253964166,0.543015466336115,0.543188366992974,-0.000172900656859117,0.0002883939778702976,-0.000889311013155356,0.0005435096994371219
tdl_mix,tdl_b,-2.0,3,0.23194407239372347,0.23160847322440442,0.00033559916931905076,1.0014489934873578,0.00033559916931906925,7.79541117326197e-05,0.0001419504205707871,0.0005292479180673514,0.47316338324252466,0.4722833884535012,0.0008799947890234527,0.0002813579969232027,0.0001810627783377063,0.001578926799709199
tdl_mix,tdl_b,0.0,3,0.17956373426649305,0.17874769516933112,0.0008160390971619358,1.004565312556276,0.0008160390971619358,0.0001325955118027743,0.00048665358587144075,0.0011454246084524307,0.3854973550747942,0.38362603533415146,0.0018713197406427517,0.00026590528036201305,0.001210774405917089,0.0025318650753684145
tdl_mix,tdl_b,2.0,3,0.12730621997221017,0.1261426431161386,0.0011635768560715742,1.0092242942380736,0.0011635768560715742,0.000118499560063644,0.0008692076300805822,0.0014579460820625663,0.2862180926733547,0.2834933588718191,0.0027247338015356317,0.0002586090821199112,0.0020823132280162623,0.003367154375055001
tdl_mix,tdl_b,4.0,3,0.08083522466965663,0.0795137146372854,0.0013215100323712287,1.01661990058444,0.001321510032371238,7.512870040150232e-05,0.0011348799944620551,0.0015081400702804209,0.18832027512016122,0.18517241967313083,0.0031478554470303712,0.00017782031807355174,0.0027061252889718102,0.0035895856050889323
tdl_mix,tdl_b,6.0,3,0.045473451967592594,0.04433558899679302,0.001137862970799576,1.0256647762338713,0.0011378629707995784,5.744330489932316e-05,0.0009951658908062308,0.001280560050792926,0.10801109937192115,0.1050720149881126,0.002939084383808535,0.0001268262460794557,0.0026240305230709835,0.0032541382445460867
tdl_mix,tdl_b,8.0,3,0.023514735845871913,0.022746686582212097,0.000768049263659816,1.0337653249357395,0.0007680492636598195,2.6575714268960024e-05,0.0007020315296251118,0.0008340669976945272,0.05555316924841867,0.05343081457770349,0.0021223546707151825,5.8562397947460574e-05,0.0019768776094778945,0.0022678317319524705
tdl_mix,tdl_b,10.0,3,0.012285138353889372,0.01185541977117091,0.0004297185827184611,1.0362465936266059,0.0004297185827184611,1.6744070766849626e-05,0.0003881240050767494,0.0004713131603601728,0.02837352856079599,0.02719022952994608,0.0011832990308499162,5.200958799859151e-05,0.0010541000519251587,0.0013124980097746737
tdl_mix,tdl_b,12.0,3,0.007022104145568094,0.006787147051022377,0.00023495709454571766,1.0346179466540841,0.00023495709454571766,2.3983845247642854e-05,0.00017537792009102347,0.0002945362690004118,0.015900525857836734,0.015241260792938619,0.0006592650648981144,7.05071887309359e-05,0.00048411549841551163,0.0008344146313807171
tdl_mix,tdl_b,14.0,3,0.004323935803071952,0.004142455112786941,0.00018148069028501093,1.043809935254293,0.0001814806902850115,3.845583000020454e-05,8.595111274125105e-05,0.00027701026782877197,0.00969954793447835,0.009211283436438804,0.00048826449803954464,8.267086055337596e-05,0.0002828986956683273,0.000693630300410762
tdl_mix,tdl_b,16.0,3,0.0027724842966338733,0.002594747661072531,0.00017773663556134222,1.0684986205895164,0.00017773663556134252,5.6111927372920486e-05,3.8346880690033e-05,0.00031712639043265207,0.006217961929797795,0.005762573826716786,0.00045538810308100975,0.00010042537340054693,0.0002059176457907206,0.0007048585603712989
tdl_mix,tdl_b,18.0,3,0.0018548612241391783,0.0016661749945746528,0.00018868622956452557,1.1132451454252523,0.00018868622956452543,6.958677650801225e-05,1.5823093795329265e-05,0.00036154936533372157,0.0041807382242762476,0.003703260313414005,0.00047747791086224286,9.368308377261053e-05,0.0002447562295008835,0.0007101995922236022
tdl_mix,tdl_b,20.0,3,0.0013110313886477622,0.0010905560152030286,0.0002204753734447336,1.2021678578368922,0.00022047537344473375,8.099447012232498e-05,1.9273955763064168e-05,0.0004216767911264033,0.003019261739421923,0.002475235936542588,0.0005440258028793352,9.77173557385004e-05,0.00030128243438767486,0.0007867691713709956
tdl_mix,tdl_c,-10.0,3,0.3891786645959925,0.39487259476273145,-0.00569393016673897,0.9855803359304782,-0.005693930166739007,8.998071424191762e-05,-0.005917454652325991,-0.005470405681152023,0.6541682996867615,0.6577552218496064,-0.003586922162844841,0.00023484063761338168,-0.004170298647013675,-0.003003545678676007
tdl_mix,tdl_c,-8.0,3,0.3589473065034843,0.36221897454909335,-0.0032716680456090774,0.9909677066208864,-0.003271668045609096,7.091022919017496e-05,-0.003447818820095893,-0.003095517271122299,0.6302560266153312,0.6329163750748575,-0.0026603484595263405,0.00023373884045757448,-0.0032409879278296316,-0.0020797089912230494
tdl_mix,tdl_c,-6.0,3,0.3225555419921875,0.3240665153220848,-0.0015109733298973027,0.9953374592608077,-0.0015109733298972843,0.0001386611431507196,-0.0018554267047653518,-0.0011665199550292167,0.5943645152412814,0.5959210568740044,-0.0015565416327229336,0.0002577321962266991,-0.002196783900925991,-0.0009162993645198762
tdl_mix,tdl_c,-4.0,3,0.2795877574402609,0.28003836266788434,-0.00045060522762346844,0.9983909160754597,-0.00045060522762344995,8.140891202420699e-05,-0.0006528361760629529,-0.000248374279183947,0.5426970583237248,0.5431585962205757,-0.0004615378968509942,0.000287374525603578,-0.0011754157933260504,0.000252339999624062
tdl_mix,tdl_c,-2.0,3,0.23072089677975502,0.23047635584701726,0.00024454093273776345,1.0010610239468558,0.00024454093273774496,0.00010848692107788087,-2.4955519153635833e-05,0.0005140373846291258,0.4724795078789746,0.4719050055668678,0.0005745023121068357,0.00030499820137227016,-0.0001831552219665356,0.001332159846180207
tdl_mix,tdl_c,0.0,3,0.1779181397991416,0.177212350162459,0.00070578963668258,1.0039827339123686,0.00070578963668258,0.0001565647997476259,0.0003168611132822372,0.0010947181600829228,0.3841094358099832,0.38254194439929207,0.0015674914106910687,0.00032129793918507136,0.0007693430832237523,0.0023656397381583852
tdl_mix,tdl_c,2.0,3,0.12524119718575183,0.12421445493344907,0.0010267422523027592,1.0082658838124183,0.0010267422523027546,0.00021050951628185012,0.0005038076242050243,0.001549676880400485,0.28378150345366676,0.2813414823677805,0.002440021085886294,0.00033577402076634226,0.0016059121782432157,0.0032741299935293722
tdl_mix,tdl_c,4.0,3,0.07835293993537809,0.07718540709695698,0.0011675328384211092,1.0151263416536043,0.0011675328384211047,0.00012572628772921675,0.0008552114257028389,0.0014798542511393704,0.18470135450731087,0.1817808710958487,0.0029204834114622082,0.00028825495358563076,0.0022044184106343725,0.003636548412290044
tdl_mix,tdl_c,6.0,3,0.04293832661193094,0.0418722129162447,0.0010661136956862452,1.0254611261606534,0.0010661136956862476,0.00011086100311976703,0.0007907196970636063,0.0013415076943088888,0.1035642956877932,0.10076697989378447,0.002797315794008747,0.00024180147129431562,0.002196647640387233,0.003397983947630261
tdl_mix,tdl_c,8.0,3,0.021207573973102335,0.020449179190176504,0.0007583947829258308,1.0370868080265125,0.0007583947829258286,8.392994993352931e-05,0.0005499012291427903,0.0009668883367088668,0.051081196393495724,0.04898362212963862,0.002097574263857103,0.0001508798873239433,0.0017227678457969592,0.0024723806819172468
tdl_mix,tdl_c,10.0,3,0.010431077745225694,0.010000958854769483,0.00043011889045621067,1.0430077652255398,0.00043011889045621067,4.353726472453775e-05,0.00032196632928346174,0.0005382714516289596,0.024580112300571746,0.023337198913609036,0.0012429133869627112,8.80042163622738e-05,0.00102429879429593,0.0014615279796294926
tdl_mix,tdl_c,12.0,3,0.00565615995430652,0.005384256810317805,0.00027190314398871547,1.0504996610614246,0.00027190314398871547,2.8480686528449885e-05,0.00020115319652419278,0.00034265309145323816,0.01306455539766538,0.012313701685612882,0.0007508537120524978,7.174824591357212e-05,0.0005726211886199539,0.0009290862354850417
tdl_mix,tdl_c,14.0,3,0.0033856144657841434,0.0031697779525945214,0.00021583651318962194,1.0680919977416574,0.0002158365131896218,2.3436330937160248e-05,0.00015761743968137158,0.000274055586697872,0.007718665638218047,0.007145141249931143,0.0005735243882869036,7.162298560933377e-05,0.0003956030286999152,0.0007514457478738919
tdl_mix,tdl_c,16.0,3,0.0021604137656129436,0.0019499225380979939,0.00021049122751494974,1.1079485073905901,0.00021049122751494982,2.8985861096641587e-05,0.00013848635685451773,0.0002824960981753819,0.004895173089809962,0.0043626799723358685,0.0005324931174740926,6.782316189376355e-05,0.00036401104327731047,0.0007009751916708748
tdl_mix,tdl_c,18.0,3,0.0014486195128641012,0.0012387876157407408,0.00020983189712336036,1.1693848844282237,0.00020983189712336036,2.610003730824887e-05,0.00014499581016541043,0.0002746679840813103,0.0033051253420085455,0.0027757550680154995,0.0005293702739930457,5.356299752643408e-05,0.0003963124118782372,0.0006624281361078542
tdl_mix,tdl_c,20.0,3,0.001049324318214699,0.0008142494860990547,0.00023507483211564434,1.2887012348535238,0.0002350748321156443,3.5846502043796654e-05,0.00014602718455096489,0.0003241224796803237,0.0024112497890411287,0.0018547787006314362,0.0005564710884096924,5.8032874660060324e-05,0.0004123094359399349,0.00070063274087945
tdl_mix,tdl_d,-10.0,3,0.38152122497558594,0.390642660635489,-0.009121435659903088,0.9766501803846397,-0.009121435659903069,0.00018567799200519043,-0.009582685362102585,-0.008660185957703553,0.6500094216546894,0.6560798909193204,-0.006070469264630951,0.00014137225907122133,-0.006421657424798317,-0.005719281104463585
tdl_mix,tdl_d,-8.0,3,0.35084102771900316,0.35733959998613524,-0.0064985722671320745,0.9818140159462198,-0.006498572267132037,0.0001258288703871287,-0.006811148509299403,-0.006185996024964671,0.6250100058537943,0.6305343760752383,-0.0055243702214441415,0.00012548148768480187,-0.005836083517140215,-0.005212656925748068
tdl_mix,tdl_d,-6.0,3,0.31380349618417247,0.31839071674111447,-0.0045872205569419955,0.9855924801957342,-0.004587220556942033,5.3582837624875266e-05,-0.004720327704593586,-0.00445411340929048,0.5878671645934199,0.5926233499690339,-0.004756185375613953,0.0001384812009678444,-0.005100191749319589,-0.004412179001908317
tdl_mix,tdl_d,-4.0,3,0.27014567528241945,0.2732595985318408,-0.0031139232494213354,0.9886045238075746,-0.00311392324942128,1.4352958291204098e-05,-0.0031495779743889803,-0.0030782685244535794,0.534540901121534,0.5384300575580127,-0.0038891564364786912,0.00017356082895477032,-0.004320305436984099,-0.003458007435973283
tdl_mix,tdl_d,-2.0,3,0.2203512074034891,0.2223602106541763,-0.0020090032506872024,0.9909650955772312,-0.0020090032506872115,4.668825401548861e-05,-0.0021249833031872275,-0.0018930231981871958,0.4617926918062163,0.46468888204774744,-0.0028961902415311123,0.00021845249156286949,-0.0034388563140686657,-0.002353524168993559
tdl_mix,tdl_d,0.0,3,0.16622595139491705,0.16727861946011768,-0.0010526680652006293,0.9937070973648751,-0.0010526680652006108,6.573478639852828e-05,-0.0012159623270731887,-0.0008893738033280329,0.36955601124115933,0.3712693227478015,-0.0017133115066422417,0.00022904885188058688,-0.0022823003974533213,-0.001144322615831162
tdl_mix,tdl_d,2.0,3,0.11211677833839699,0.11241208771128713,-0.0002953093728901429,0.9973729749273175,-0.0002953093728901475,8.890835638137393e-05,-0.0005161699738751626,-7.444877190513241e-05,0.26413190544203474,0.2645504682060377,-0.0004185627640029462,0.0001984906882886508,-0.0009116409682306068,7.451544022471442e-05
tdl_mix,tdl_d,4.0,3,0.06444596655574845,0.06415159908341772,0.0002943674723307338,1.0045886225212868,0.0002943674723307338,0.00010686134004189113,2.8909187594513197e-05,0.0005598257570669544,0.16018989544223858,0.15947712904969116,0.0007127663925474056,0.0002023773539566953,0.0002100331755604273,0.001215499609534384
tdl_mix,tdl_d,6.0,3,0.029599154437029804,0.02904051321524161,0.0005586412217881941,1.0192366167101687,0.0005586412217881941,8.435571436880486e-05,0.00034909001051512597,0.0007681924330612622,0.07701752214106145,0.07570013032513268,0.0013173918159287655,0.00014602048253395687,0.0009546568285645413,0.0016801268032929897
tdl_mix,tdl_d,8.0,3,0.01001461641288098,0.009602558465651523,0.0004120579472294567,1.0429112666903715,0.00041205794722945613,2.9987655051694737e-05,0.0003375644824257794,0.00048655141203313287,0.02715716544929662,0.026052832201031256,0.0011043332482653645,6.56284866146598e-05,0.0009413030496946552,0.0012673634468360739
tdl_mix,tdl_d,10.0,3,0.0024273012891227815,0.0022503417215229554,0.00017695956759982605,1.0786367536571582,0.00017695956759982635,1.3573850007580866e-05,0.00014324025490108412,0.00021067888029856858,0.006748350516800987,0.006254025914614308,0.0004943246021866795,2.392896665729095e-05,0.0004348817537078513,0.0005537674506655077
tdl_mix,tdl_d,12.0,3,0.0004799218825352045,0.00043581738884066357,4.410449369454092e-05,1.1011994813053816,4.41044936945409e-05,3.5267070109937215e-06,3.534366780990764e-05,5.286531957917416e-05,0.0013596704182553502,0.001215769983069931,0.00014390043518541922,1.5752149143924071e-06,0.00013998738441231833,0.00014781348595852012
tdl_mix,tdl_d,14.0,3,0.00010850694444444444,9.207077968267747e-05,1.6436164761766964e-05,1.1785166240409206,1.643616476176698e-05,7.619358433553156e-07,1.4543411199282567e-05,1.8328918324251394e-05,0.00030921742559594686,0.00026399185068199857,4.522557491394829e-05,4.077754176890539e-06,3.509587198350612e-05,5.535527784439046e-05
tdl_mix,tdl_d,16.0,3,3.567448368778935e-05,3.0517578125e-05,5.156905562789349e-06,1.1689814814814814,5.15690556278935e-06,5.651403356481507e-07,3.7530191425217427e-06,6.560791983056957e-06,0.00010013226960415557,8.344044683191762e-05,1.6691822772237948e-05,2.7931883319327437e-06,9.753158300601875e-06,2.363048724387402e-05
tdl_mix,tdl_d,18.0,3,1.8013848198784723e-05,1.4834933810763889e-05,3.178914388020834e-06,1.2142857142857144,3.178914388020834e-06,6.158474030022335e-07,1.649064629481948e-06,4.70876414655972e-06,4.852781011951591e-05,4.078429979326308e-05,7.743510326252836e-06,2.2551446352611517e-06,2.1414204921384845e-06,1.3345600160367187e-05
tdl_mix,tdl_d,20.0,3,1.1867947048611111e-05,9.089340398341049e-06,2.778606650270062e-06,1.305699481865285,2.7786066502700618e-06,7.215689880957227e-07,9.861299152445411e-07,4.571083385295583e-06,3.063940956497076e-05,2.7487721563318945e-05,3.151688001651812e-06,1.99467900428278e-06,-1.8033693359099885e-06,8.106745339213613e-06
tdl_mix,tdl_e,-10.0,3,0.38179783762237174,0.3907451629638672,-0.008947325341495449,0.9771018909776682,-0.008947325341495468,0.0001533875933333633,-0.00932836124662383,-0.008566289436367107,0.6501005107973828,0.6560847378439373,-0.005984227046554473,0.00013303150430342528,-0.006314695623257916,-0.00565375846985103
tdl_mix,tdl_e,-8.0,3,0.35106611840518903,0.3574206034342448,-0.006354485029055779,0.9822212682537065,-0.00635448502905576,0.00011439264265070264,-0.006638652106621837,-0.0060703179514896835,0.6251298194682157,0.6305597689416674,-0.0054299494734516935,0.00011919514827019426,-0.005726046636338491,-0.005133852310564896
tdl_mix,tdl_e,-6.0,3,0.3141201866997613,0.3185493563428337,-0.004429169643072439,0.986095813553283,-0.004429169643072439,5.5743918998155215e-05,-0.00456764521446172,-0.004290694071683159,0.588015731010172,0.5926603227853775,-0.004644591775205413,0.0001380561958989328,-0.004987542377791641,-0.004301641172619185
tdl_mix,tdl_e,-4.0,3,0.2705268859863281,0.2734646973786531,-0.0029378113923249627,0.9892570725929676,-0.002937811392324944,3.9620139043951466e-05,-0.003036233273872517,-0.0028393895107773712,0.5347256143519908,0.5384769659535384,-0.0037513516015476775,0.00017791027066556316,-0.004193305214232332,-0.0033093979888630227
tdl_mix,tdl_e,-2.0,3,0.2207437680091387,0.22256408503026137,-0.001820317021122675,0.9918211555971613,-0.0018203170211226933,5.225557324323906e-05,-0.0019501270612702368,-0.00169050698097515,0.46202357269731564,0.4647696435819437,-0.0027460708846280637,0.0002296573245495383,-0.003316571305342712,-0.0021755704639134154
tdl_mix,tdl_e,0.0,3,0.1666198777563778,0.16766687087070795,-0.0010469931143301525,0.9937555158696942,-0.0010469931143301432,4.617169737775317e-05,-0.001161689969006057,-0.0009322962596542292,0.3698631477208785,0.37143500719541384,-0.0015718594745353458,0.0002340017737335582,-0.0021531521053052066,-0.000990566843765485
tdl_mix,tdl_e,2.0,3,0.11257360010971258,0.11274728657286844,-0.00017368646315585323,0.9984595064907075,-0.0001736864631558671,5.806182391686956e-05,-0.0003179200295661943,-2.94528967455399e-05,0.26456200239467037,0.26485541329523665,-0.0002934109005663192,0.00019584749094594153,-0.0007799230385951105,0.0001931012374624721
tdl_mix,tdl_e,4.0,3,0.06484396663712866,0.0645180219485436,0.00032594468858505865,1.0050519944465286,0.0003259446885850679,0.00010901476415880093,5.513700179043783e-05,0.000596752375379698,0.1607523530859638,0.1599316907885634,0.0008206622974004282,0.00019999772464740094,0.0003238404073208767,0.0013174841874799797
tdl_mix,tdl_e,6.0,3,0.029898254959671584,0.029351670065043883,0.000546584894627701,1.0186219350863668,0.000546584894627701,8.892266821509597e-05,0.00032568874107681133,0.0007674810481785908,0.07766912930449586,0.07628991419196497,0.001379215112530886,0.00015566649141268327,0.0009925181107422376,0.0017659121143195342
tdl_mix,tdl_e,8.0,3,0.010301283848138503,0.009889202353395061,0.0004120814947434423,1.0416698415117343,0.00041208149474344116,2.8756055936969653e-05,0.0003406474917465264,0.00048351549774035594,0.027764153129271704,0.026633321787633096,0.0011308313416386097,8.425206186031225e-05,0.0009215376174708153,0.0013401250658064041
tdl_mix,tdl_e,10.0,3,0.002603201218593268,0.002419083206741898,0.00018411801185136975,1.076110656854729,0.00018411801185136962,1.659338024594152e-05,0.00014289777021546312,0.00022533825348727612,0.007160549496162545,0.00665552466734094,0.0005050248288216045,3.87797255326629e-05,0.00040869065017096656,0.0006013590074722425
tdl_mix,tdl_e,12.0,3,0.0005522833930121528,0.0005051883650414738,4.709502797067898e-05,1.0932227090519249,4.709502797067905e-05,9.512991647149872e-06,2.3463446667539438e-05,7.072660927381867e-05,0.001562879287424342,0.0014131235656810691,0.00014975572174327312,1.1217335077463568e-05,0.0001218903166509581,0.00017762112683558813
tdl_mix,tdl_e,14.0,3,0.0001364342960310571,0.00012167000476224924,1.4764291268807856e-05,1.1213470098703309,1.476429126880787e-05,2.6592014771523305e-06,8.158468596023152e-06,2.1370113941592588e-05,0.0003960236736694006,0.00034953493234241495,4.6488741326985604e-05,1.3612088803903816e-06,4.310731101351124e-05,4.9870171640459965e-05
tdl_mix,tdl_e,16.0,3,4.3986756124614196e-05,3.7110882040895064e-05,6.8758740837191325e-06,1.1852791878172588,6.875874083719135e-06,1.0196372653636678e-06,4.342954700428012e-06,9.408793467010258e-06,0.0001285173930641801,0.0001084682447690789,2.00491482951012e-05,3.2922981201308536e-06,1.1870626376251851e-05,2.8227670213950547e-05
tdl_mix,tdl_e,18.0,3,1.669518741560571e-05,1.3469177999614198e-05,3.226009415991513e-06,1.2395104895104896,3.226009415991512e-06,5.207142862271893e-07,1.932483420478749e-06,4.519535411504275e-06,5.0357386473330205e-05,4.03391147131762e-05,1.0018271760154004e-05,2.592571863839201e-06,3.5779662225259973e-06,1.645857729778201e-05
tdl_mix,tdl_e,20.0,3,6.852326569733796e-06,4.615312741126543e-06,2.237013828607253e-06,1.4846938775510203,2.237013828607253e-06,8.832672182017695e-07,4.2856422236912725e-08,4.431171234977593e-06,2.4220461269848146e-05,1.99790185095559e-05,4.241442760292244e-06,1.0851762393808272e-06,1.5457155400495471e-06,6.9371699805349405e-06
tdl_mix,uma,-10.0,3,0.4036207787784529,0.4040693118248457,-0.0004485330463927517,0.9988899601299414,-0.0004485330463927332,0.00029771852672289494,-0.0011881068661396385,0.0002910407733541721,0.6614781780007445,0.6618821304521443,-0.00040395245139979163,0.0004196754518701714,-0.0014464840681255521,0.0006385791653259689
tdl_mix,uma,-8.0,3,0.37411414252387154,0.373440401053723,0.0006737414701485367,1.0018041472434356,0.0006737414701485182,0.00041486211959437943,-0.0003568331663513128,0.001704316106648349,0.6393904112003468,0.6389729954578258,0.00041741574252092867,0.0004497143364939072,-0.0006997366003203775,0.0015345680853622347
tdl_mix,uma,-6.0,3,0.3385297987196181,0.3375687775788484,0.00096102114076968,1.002846889892076,0.0009610211407696615,0.0005188669267597738,-0.0003279157594227631,0.002249958040962086,0.6059323836255956,0.6044939749034834,0.0014384087221121684,0.0005389851044767419,9.949549795944864e-05,0.002777321946264888
tdl_mix,uma,-4.0,3,0.2973273006486304,0.2958096162772473,0.00151768437138311,1.0051306120148598,0.001517684371383073,0.000536615033255609,0.00018465873053052505,0.0028507100122356207,0.5580938668162735,0.5554956569347853,0.0025982098814881782,0.0006689330806440419,0.0009364879891604954,0.004259931773815861
tdl_mix,uma,-2.0,3,0.25117002887490353,0.2492006089952257,0.0019694198796778306,1.007902949706337,0.0019694198796778493,0.0006097508925354395,0.0004547146927001767,0.0034841250666555216,0.4941621316067966,0.49034687839908364,0.003815253207712995,0.0008611037242397244,0.0016761529725199923,0.005954353442905997
tdl_mix,uma,0.0,3,0.20181227319034528,0.19942681583357447,0.002385457356770815,1.0119615676898814,0.002385457356770824,0.0006366648894210005,0.000803894095153284,0.003967020618388364,0.4153669818683907,0.4102422893047333,0.005124692563657422,0.0012028013318147845,0.002136768415440425,0.00811261671187442
tdl_mix,uma,2.0,3,0.15257837742934993,0.14980287905092593,0.0027754983784240017,1.018527670469407,0.0027754983784239926,0.0006520498316385644,0.0011557168016492652,0.00439527995519872,0.32750994040642256,0.32107246290018526,0.006437477506237281,0.0015956354841558011,0.00247369922568979,0.010401255786784771
tdl_mix,uma,4.0,3,0.10845853075569059,0.10532624044536072,0.003132290310329869,1.0297389358728206,0.0031322903103298597,0.0008089705080325307,0.001122696163556851,0.005141884457102869,0.24117457167601883,0.23358949706142332,0.007585074614595492,0.0019247574020954544,0.0028037121658997643,0.01236643706329122
tdl_mix,uma,6.0,3,0.07323050793306327,0.07008663224585263,0.00314387568721064,1.0448569946431785,0.0031438756872106447,0.0007027485988036461,0.0013981513909771517,0.0048895999834441374,0.1684401344369959,0.15981136869501186,0.008628765741984049,0.0020569286239962227,0.003519071776544154,0.013738459707423944
tdl_mix,uma,8.0,3,0.04835660957995756,0.04539546260127315,0.002961146978684416,1.0652300209977674,0.002961146978684416,0.0005469446397136056,0.0016024611728810542,0.004319832784487778,0.11663820438178969,0.10694378154513277,0.009694422836656919,0.0019155735247838018,0.004935874403932013,0.014452971269381824
tdl_mix,uma,10.0,3,0.03259682360990548,0.029827918535397378,0.0027689050745080997,1.0928293092668262,0.002768905074508102,0.0003306180850114078,0.0019476042213137,0.0035902059277025038,0.08440779080545462,0.07387351433252111,0.010534276472933502,0.001807175698927854,0.006045003167299228,0.015023549778567777
tdl_mix,uma,12.0,3,0.022987836672935958,0.020335444697627315,0.0026523919753086433,1.1304319632419013,0.002652391975308642,0.00019468086587706517,0.002168777894609029,0.003136006056008255,0.06515034605507497,0.05418447391302497,0.010965872142049997,0.0014547945879854554,0.007351962043049132,0.014579782241050861
tdl_mix,uma,14.0,3,0.017057536560812114,0.014459492247781636,0.0025980443130304773,1.1796774235574605,0.0025980443130304777,0.00010861003848584959,0.0023282420205429774,0.002867846605517978,0.05328559650131214,0.04216923463491746,0.011116361866394678,0.0012871888372483738,0.007918807533521682,0.014313916199267675
tdl_mix,uma,16.0,3,0.013336746780960649,0.0107421875,0.0025945592809606486,1.2415298821548821,0.002594559280960648,0.0001286324457987781,0.002275018571385206,0.0029140999905360905,0.045636466738802416,0.03450699519641973,0.011129471542382682,0.001802471094531535,0.00665188512194861,0.015607057962816754
tdl_mix,uma,18.0,3,0.010945167070553626,0.008385834870515045,0.0025593322000385804,1.3051970661904282,0.00255933220003858,0.00014661698051014467,0.002195115429556669,0.002923548970520491,0.0402169375921841,0.02950380540188448,0.010713132190299622,0.00216147024383919,0.005343742444550578,0.016082521936048665
tdl_mix,uma,20.0,3,0.00948399673273534,0.006881054536795911,0.0026029421959394283,1.3782766408870029,0.002602942195939429,0.00022704760620517492,0.0020389246749813045,0.003166959716897554,0.03613467455876094,0.026288423991911572,0.009846250566849369,0.002306511142162641,0.004116559255815345,0.015575941877883392
tdl_mix,uma_normalized,-10.0,3,0.4036207787784529,0.4040693118248457,-0.0004485330463927517,0.9988899601299414,-0.0004485330463927332,0.00029771852672289494,-0.0011881068661396385,0.0002910407733541721,0.6614781780007445,0.6618821304521443,-0.00040395245139979163,0.0004196754518701714,-0.0014464840681255521,0.0006385791653259689
tdl_mix,uma_normalized,-8.0,3,0.37411414252387154,0.373440401053723,0.0006737414701485367,1.0018041472434356,0.0006737414701485182,0.00041486211959437943,-0.0003568331663513128,0.001704316106648349,0.6393904112003468,0.6389729954578258,0.00041741574252092867,0.0004497143364939072,-0.0006997366003203775,0.0015345680853622347
tdl_mix,uma_normalized,-6.0,3,0.3385297987196181,0.3375687775788484,0.00096102114076968,1.002846889892076,0.0009610211407696615,0.0005188669267597738,-0.0003279157594227631,0.002249958040962086,0.6059323836255956,0.6044939749034834,0.0014384087221121684,0.0005389851044767419,9.949549795944864e-05,0.002777321946264888
tdl_mix,uma_normalized,-4.0,3,0.2973273006486304,0.2958096162772473,0.00151768437138311,1.0051306120148598,0.001517684371383073,0.000536615033255609,0.00018465873053052505,0.0028507100122356207,0.5580938668162735,0.5554956569347853,0.0025982098814881782,0.0006689330806440419,0.0009364879891604954,0.004259931773815861
tdl_mix,uma_normalized,-2.0,3,0.25117002887490353,0.2492006089952257,0.0019694198796778306,1.007902949706337,0.0019694198796778493,0.0006097508925354395,0.0004547146927001767,0.0034841250666555216,0.4941621316067966,0.49034687839908364,0.003815253207712995,0.0008611037242397244,0.0016761529725199923,0.005954353442905997
tdl_mix,uma_normalized,0.0,3,0.20181227319034528,0.19942681583357447,0.002385457356770815,1.0119615676898814,0.002385457356770824,0.0006366648894210005,0.000803894095153284,0.003967020618388364,0.4153669818683907,0.4102422893047333,0.005124692563657422,0.0012028013318147845,0.002136768415440425,0.00811261671187442
tdl_mix,uma_normalized,2.0,3,0.15257837742934993,0.14980287905092593,0.0027754983784240017,1.018527670469407,0.0027754983784239926,0.0006520498316385644,0.0011557168016492652,0.00439527995519872,0.32750994040642256,0.32107246290018526,0.006437477506237281,0.0015956354841558011,0.00247369922568979,0.010401255786784771
tdl_mix,uma_normalized,4.0,3,0.10845853075569059,0.10532624044536072,0.003132290310329869,1.0297389358728206,0.0031322903103298597,0.0008089705080325307,0.001122696163556851,0.005141884457102869,0.24117457167601883,0.23358949706142332,0.007585074614595492,0.0019247574020954544,0.0028037121658997643,0.01236643706329122
tdl_mix,uma_normalized,6.0,3,0.07323050793306327,0.07008663224585263,0.00314387568721064,1.0448569946431785,0.0031438756872106447,0.0007027485988036461,0.0013981513909771517,0.0048895999834441374,0.1684401344369959,0.15981136869501186,0.008628765741984049,0.0020569286239962227,0.003519071776544154,0.013738459707423944
tdl_mix,uma_normalized,8.0,3,0.04835660957995756,0.04539546260127315,0.002961146978684416,1.0652300209977674,0.002961146978684416,0.0005469446397136056,0.0016024611728810542,0.004319832784487778,0.11663820438178969,0.10694378154513277,0.009694422836656919,0.0019155735247838018,0.004935874403932013,0.014452971269381824
tdl_mix,uma_normalized,10.0,3,0.03259682360990548,0.029827918535397378,0.0027689050745080997,1.0928293092668262,0.002768905074508102,0.0003306180850114078,0.0019476042213137,0.0035902059277025038,0.08440779080545462,0.07387351433252111,0.010534276472933502,0.001807175698927854,0.006045003167299228,0.015023549778567777
tdl_mix,uma_normalized,12.0,3,0.022987836672935958,0.020335444697627315,0.0026523919753086433,1.1304319632419013,0.002652391975308642,0.00019468086587706517,0.002168777894609029,0.003136006056008255,0.06515034605507497,0.05418447391302497,0.010965872142049997,0.0014547945879854554,0.007351962043049132,0.014579782241050861
tdl_mix,uma_normalized,14.0,3,0.017057536560812114,0.014459492247781636,0.0025980443130304773,1.1796774235574605,0.0025980443130304777,0.00010861003848584959,0.0023282420205429774,0.002867846605517978,0.05328559650131214,0.04216923463491746,0.011116361866394678,0.0012871888372483738,0.007918807533521682,0.014313916199267675
tdl_mix,uma_normalized,16.0,3,0.013336746780960649,0.0107421875,0.0025945592809606486,1.2415298821548821,0.002594559280960648,0.0001286324457987781,0.002275018571385206,0.0029140999905360905,0.045636466738802416,0.03450699519641973,0.011129471542382682,0.001802471094531535,0.00665188512194861,0.015607057962816754
tdl_mix,uma_normalized,18.0,3,0.010945167070553626,0.008385834870515045,0.0025593322000385804,1.3051970661904282,0.00255933220003858,0.00014661698051014467,0.002195115429556669,0.002923548970520491,0.0402169375921841,0.02950380540188448,0.010713132190299622,0.00216147024383919,0.005343742444550578,0.016082521936048665
tdl_mix,uma_normalized,20.0,3,0.00948399673273534,0.006881054536795911,0.0026029421959394283,1.3782766408870029,0.002602942195939429,0.00022704760620517492,0.0020389246749813045,0.003166959716897554,0.03613467455876094,0.026288423991911572,0.009846250566849369,0.002306511142162641,0.004116559255815345,0.015575941877883392
tdl_mix,umi,-10.0,3,0.39096493191189235,0.3958191106348862,-0.004854178722993818,0.9877363710023809,-0.0048541787229938365,0.00029688381404387886,-0.005591679001496244,-0.004116678444491429,0.6550880280541785,0.6580702603599171,-0.002982232305738649,0.00025387448634238045,-0.003612891491336718,-0.00235157312014058
tdl_mix,umi,-8.0,3,0.36070807186173803,0.3632833221812307,-0.0025752503194926835,0.992911179340603,-0.002575250319492665,0.00020227017905758468,-0.0030777172992709993,-0.0020727833397143304,0.6313268969088425,0.6332629970562311,-0.001936100147388616,0.00027330538242294943,-0.002615028354715343,-0.0012571719400618884
tdl_mix,umi,-6.0,3,0.3244948210539641,0.3253447921187789,-0.0008499710648148251,0.9973874760395596,-0.0008499710648147881,0.0002113509633064298,-0.0013749959631987956,-0.0003249461664307806,0.5956483273594467,0.5963664746578828,-0.0007181472984361115,0.000300808193188746,-0.0014653962751678563,2.9101678295633438e-05
tdl_mix,umi,-4.0,3,0.2819114025728202,0.28159153314284335,0.0003198694299768601,1.001135934118497,0.0003198694299768601,0.00018056300054859956,-0.00012867392904958032,0.0007684127890033004,0.5443885414688676,0.5438939778157222,0.0004945636531453745,0.0003242230265691646,-0.0003108509942032063,0.0012999783004939555
tdl_mix,umi,-2.0,3,0.233613661777826,0.23251323935426313,0.001100422423562869,1.0047327301732107,0.0011004224235628783,0.0001388527876670688,0.0007554929773244796,0.0014453518698012771,0.4749709018218664,0.4733481491789406,0.0016227526429258472,0.0003360346332187005,0.0007879963380616899,0.0024575089477900046
tdl_mix,umi,0.0,3,0.18141560495635609,0.18003487292631173,0.0013807320300443515,1.0076692476718634,0.00138073203004437,0.0001249638679925518,0.0010703045729462076,0.0016911594871425323,0.38796979152126077,0.3853137743325881,0.0026560171886726622,0.0003286935860627304,0.0018394970558930736,0.0034725373214522506
tdl_mix,umi,2.0,3,0.12937550485869984,0.12773857587649498,0.001636928982204855,1.012814680068044,0.0016369289822048456,0.0001960493328576462,0.001149915441071358,0.002123942523338333,0.2895261086063621,0.286029655624319,0.0034964529820430412,0.0003200934718858177,0.0027012967172164834,0.0042916092468695995
tdl_mix,umi,4.0,3,0.08312884672188464,0.08141364580319252,0.0017152009186921224,1.0210677325867263,0.0017152009186921318,7.423532955702578e-05,0.0015307901369883748,0.0018996117003958887,0.19237880335177904,0.1885431204681043,0.0038356828836747237,0.00024808590266772767,0.003219403337081023,0.0044519624302684245
tdl_mix,umi,6.0,3,0.04767749927662037,0.0463006290388696,0.0013768702377507727,1.0297376140742036,0.0013768702377507703,6.907747411355281e-05,0.001205272279266383,0.0015484681962351576,0.11228812559519286,0.10882787774374457,0.0034602478514482913,0.0001864153803755498,0.0029971663749896902,0.003923329327906892
tdl_mix,umi,8.0,3,0.025305194619261187,0.024376763237847224,0.0009284313814139633,1.0380867374538258,0.0009284313814139668,1.7013759192851754e-05,0.0008861668605827754,0.0009706959022451582,0.05932997461454368,0.056825537510492186,0.002504437104051497,0.00012903531062074131,0.002183895622779041,0.002824978585323953
tdl_mix,umi,10.0,3,0.013644559883777007,0.013091193305121528,0.000553366578655479,1.0422701403728407,0.0005533665786554785,1.264429146245988e-05,0.0005219564173940379,0.000584776739916919,0.031280234502053555,0.02978727573321925,0.0014929587688343043,9.16607621716822e-05,0.0012652608128272873,0.0017206567248413214
tdl_mix,umi,12.0,3,0.008021413544077932,0.007693067009066358,0.00032834653501157343,1.0426808364758313,0.0003283465350115737,3.3908420138889853e-06,0.00031992321648996783,0.0003367698535331796,0.018055190688666,0.01714250939771717,0.000912681290948833,7.416029070645364e-05,0.0007284569160836358,0.0010969056658140302
tdl_mix,umi,14.0,3,0.0050448193962191355,0.004775624216338734,0.0002691951798804012,1.0563685850656779,0.0002691951798804012,2.7370437459041404e-05,0.00020120324399873555,0.0003371871157620669,0.011366143644453935,0.010630269810833313,0.0007358738336206225,7.507171927743998e-05,0.0005493853446705862,0.0009223623225706587
tdl_mix,umi,16.0,3,0.0033379072024498457,0.003065980510947145,0.0002719266915027006,1.0886915916561704,0.00027192669150270045,3.770097447872009e-05,0.000178272279026853,0.0003655811039785479,0.007543862797319889,0.006842979012965512,0.0007008837843543771,8.914196376756194e-05,0.0004794428704515671,0.0009223246982571872
tdl_mix,umi,18.0,3,0.002291173110773534,0.0020110518844039353,0.0002801212263695988,1.1392908997236664,0.0002801212263695988,4.838170121232494e-05,0.00015993441782490578,0.00040030803491429177,0.0052307635778561234,0.004513022718364718,0.0007177408594914057,7.24578444544099e-05,0.0005377455955632973,0.0008977361234195141
tdl_mix,umi,20.0,3,0.0016375883125964506,0.001323558666087963,0.00031402964650848754,1.2372615997722742,0.0003140296465084876,7.937472633344863e-05,0.00011685189545629045,0.0005112073975606847,0.0038630504723074902,0.003061111621920847,0.000801938850386643,6.920227288449742e-05,0.0006300308745689606,0.0009738468262043254
tdl_mix,umi_normalized,-10.0,3,0.39096493191189235,0.3958191106348862,-0.004854178722993818,0.9877363710023809,-0.0048541787229938365,0.00029688381404387886,-0.005591679001496244,-0.004116678444491429,0.6550880280541785,0.6580702603599171,-0.002982232305738649,0.00025387448634238045,-0.003612891491336718,-0.00235157312014058
tdl_mix,umi_normalized,-8.0,3,0.36070807186173803,0.3632833221812307,-0.0025752503194926835,0.992911179340603,-0.002575250319492665,0.00020227017905758468,-0.0030777172992709993,-0.0020727833397143304,0.6313268969088425,0.6332629970562311,-0.001936100147388616,0.00027330538242294943,-0.002615028354715343,-0.0012571719400618884
tdl_mix,umi_normalized,-6.0,3,0.3244948210539641,0.3253447921187789,-0.0008499710648148251,0.9973874760395596,-0.0008499710648147881,0.0002113509633064298,-0.0013749959631987956,-0.0003249461664307806,0.5956483273594467,0.5963664746578828,-0.0007181472984361115,0.000300808193188746,-0.0014653962751678563,2.9101678295633438e-05
tdl_mix,umi_normalized,-4.0,3,0.2819114025728202,0.28159153314284335,0.0003198694299768601,1.001135934118497,0.0003198694299768601,0.00018056300054859956,-0.00012867392904958032,0.0007684127890033004,0.5443885414688676,0.5438939778157222,0.0004945636531453745,0.0003242230265691646,-0.0003108509942032063,0.0012999783004939555
tdl_mix,umi_normalized,-2.0,3,0.233613661777826,0.23251323935426313,0.001100422423562869,1.0047327301732107,0.0011004224235628783,0.0001388527876670688,0.0007554929773244796,0.0014453518698012771,0.4749709018218664,0.4733481491789406,0.0016227526429258472,0.0003360346332187005,0.0007879963380616899,0.0024575089477900046
tdl_mix,umi_normalized,0.0,3,0.18141560495635609,0.18003487292631173,0.0013807320300443515,1.0076692476718634,0.00138073203004437,0.0001249638679925518,0.0010703045729462076,0.0016911594871425323,0.38796979152126077,0.3853137743325881,0.0026560171886726622,0.0003286935860627304,0.0018394970558930736,0.0034725373214522506
tdl_mix,umi_normalized,2.0,3,0.12937550485869984,0.12773857587649498,0.001636928982204855,1.012814680068044,0.0016369289822048456,0.0001960493328576462,0.001149915441071358,0.002123942523338333,0.2895261086063621,0.286029655624319,0.0034964529820430412,0.0003200934718858177,0.0027012967172164834,0.0042916092468695995
tdl_mix,umi_normalized,4.0,3,0.08312884672188464,0.08141364580319252,0.0017152009186921224,1.0210677325867263,0.0017152009186921318,7.423532955702578e-05,0.0015307901369883748,0.0018996117003958887,0.19237880335177904,0.1885431204681043,0.0038356828836747237,0.00024808590266772767,0.003219403337081023,0.0044519624302684245
tdl_mix,umi_normalized,6.0,3,0.04767749927662037,0.0463006290388696,0.0013768702377507727,1.0297376140742036,0.0013768702377507703,6.907747411355281e-05,0.001205272279266383,0.0015484681962351576,0.11228812559519286,0.10882787774374457,0.0034602478514482913,0.0001864153803755498,0.0029971663749896902,0.003923329327906892
tdl_mix,umi_normalized,8.0,3,0.025305194619261187,0.024376763237847224,0.0009284313814139633,1.0380867374538258,0.0009284313814139668,1.7013759192851754e-05,0.0008861668605827754,0.0009706959022451582,0.05932997461454368,0.056825537510492186,0.002504437104051497,0.00012903531062074131,0.002183895622779041,0.002824978585323953
tdl_mix,umi_normalized,10.0,3,0.013644559883777007,0.013091193305121528,0.000553366578655479,1.0422701403728407,0.0005533665786554785,1.264429146245988e-05,0.0005219564173940379,0.000584776739916919,0.031280234502053555,0.02978727573321925,0.0014929587688343043,9.16607621716822e-05,0.0012652608128272873,0.0017206567248413214
tdl_mix,umi_normalized,12.0,3,0.008021413544077932,0.007693067009066358,0.00032834653501157343,1.0426808364758313,0.0003283465350115737,3.3908420138889853e-06,0.00031992321648996783,0.0003367698535331796,0.018055190688666,0.01714250939771717,0.000912681290948833,7.416029070645364e-05,0.0007284569160836358,0.0010969056658140302
tdl_mix,umi_normalized,14.0,3,0.0050448193962191355,0.004775624216338734,0.0002691951798804012,1.0563685850656779,0.0002691951798804012,2.7370437459041404e-05,0.00020120324399873555,0.0003371871157620669,0.011366143644453935,0.010630269810833313,0.0007358738336206225,7.507171927743998e-05,0.0005493853446705862,0.0009223623225706587
tdl_mix,umi_normalized,16.0,3,0.0033379072024498457,0.003065980510947145,0.0002719266915027006,1.0886915916561704,0.00027192669150270045,3.770097447872009e-05,0.000178272279026853,0.0003655811039785479,0.007543862797319889,0.006842979012965512,0.0007008837843543771,8.914196376756194e-05,0.0004794428704515671,0.0009223246982571872
tdl_mix,umi_normalized,18.0,3,0.002291173110773534,0.0020110518844039353,0.0002801212263695988,1.1392908997236664,0.0002801212263695988,4.838170121232494e-05,0.00015993441782490578,0.00040030803491429177,0.0052307635778561234,0.004513022718364718,0.0007177408594914057,7.24578444544099e-05,0.0005377455955632973,0.0008977361234195141
tdl_mix,umi_normalized,20.0,3,0.0016375883125964506,0.001323558666087963,0.00031402964650848754,1.2372615997722742,0.0003140296465084876,7.937472633344863e-05,0.00011685189545629045,0.0005112073975606847,0.0038630504723074902,0.003061111621920847,0.000801938850386643,6.920227288449742e-05,0.0006300308745689606,0.0009738468262043254
tdl_mix,urban_all,-10.0,3,0.39729285534517267,0.39994421122986595,-0.002651355884693285,0.9933706856850356,-0.0026513558846933036,0.0002796440857773256,-0.0033460303040668275,-0.0019566814653197797,0.6582831030274615,0.6599761954060307,-0.001693092378569257,0.0003344411505370234,-0.0025238902530106905,-0.0008622945041278238
tdl_mix,urban_all,-8.0,3,0.3674111071928048,0.36836186161747686,-0.0009507544246720734,0.997418966175007,-0.0009507544246720548,0.0003063124918022607,-0.001711676837166881,-0.00018983201217722865,0.6353586540545946,0.6361179962570285,-0.0007593422024338622,0.000355488049602776,-0.0016424234725619007,0.0001237390676941762
tdl_mix,urban_all,-6.0,3,0.3315123098867911,0.33145678484881363,5.552503797745523e-05,1.0001675181819034,5.552503797741822e-05,0.00036162305697078236,-0.0008427964353159241,0.0009538465112707606,0.6007903554925212,0.6004302247806832,0.000360130711838047,0.0004095914944531467,-0.0006573509659834559,0.00137761238965955
tdl_mix,urban_all,-4.0,3,0.28961935161072533,0.28870057471004534,0.0009187769006799851,1.0031824560848304,0.0009187769006799665,0.0003539820733773674,3.9436682886605776e-05,0.0017981171184733272,0.5512412041425705,0.5496948173752537,0.0015463867673167393,0.0004808083110814861,0.0003519927095913173,0.0027407808250421613
tdl_mix,urban_all,-2.0,3,0.24239184532636476,0.2408569241747444,0.0015349211516203498,1.0063727507809024,0.0015349211516203682,0.0003716285726165074,0.0006117445995850375,0.002458097703655699,0.48456651671433154,0.4818475137890121,0.002719002925319458,0.0005765833647133319,0.00128669044501331,0.004151315405625606
tdl_mix,urban_all,0.0,3,0.1916139390733507,0.1897308443799431,0.001883094693407611,1.0099250846617045,0.0018830946934075925,0.00038004228298752727,0.0009390173261430805,0.0028271720606721047,0.4016683866948257,0.3977780318186607,0.003890354876165051,0.0007466914612813771,0.002035470458084263,0.005745239294245839
tdl_mix,urban_all,2.0,3,0.1409769411440249,0.13877072746371044,0.002206213680314456,1.0158982641414156,0.0022062136803144283,0.00041994410393160676,0.0011630146948714915,0.003249412665757365,0.3085180245063923,0.3035510592622521,0.004966965244140161,0.0009476193528082668,0.002612948273356175,0.007320982214924146
tdl_mix,urban_all,4.0,3,0.09579368873878762,0.09336994312427661,0.0024237456145110026,1.0259585208409623,0.0024237456145109935,0.0004415937340948874,0.0013267659663319814,0.0035207252626900058,0.21677668751389892,0.21106630876476382,0.005710378749135094,0.0010822076156295883,0.003022025999105125,0.008398731499165063
tdl_mix,urban_all,6.0,3,0.06045400360484182,0.05819363064236111,0.00226037296248071,1.0388422742752075,0.0022603729624807076,0.0003824533810806054,0.0013103060955162258,0.0032104398294451894,0.14036413001609438,0.1343196232193782,0.00604450679671617,0.0011214437786992043,0.0032586860143369173,0.008830327579095423
tdl_mix,urban_all,8.0,3,0.036830902099609375,0.03488611291956018,0.0019447891800491932,1.055746800583185,0.0019447891800491886,0.00028108030961816293,0.0012465469828699918,0.0026430313772283854,0.08798408949816668,0.08188465952781247,0.006099429970354213,0.001021276343188357,0.0035624388920261324,0.008636421048682293
tdl_mix,urban_all,10.0,3,0.023120691746841244,0.021459555920259454,0.0016611358265817902,1.077407744724743,0.0016611358265817902,0.0001637869742559917,0.0012542664271236992,0.002068005226039881,0.057844012653754086,0.05183039503287018,0.006013617620883903,0.0009489835539001669,0.00365621178672099,0.008371023455046816
tdl_mix,urban_all,12.0,3,0.015504625108506944,0.014014255853346836,0.0014903692551601084,1.1063466566299476,0.0014903692551601077,9.879256150666352e-05,0.0012449549274717614,0.001735783582848454,0.04160276837187049,0.035663491655371075,0.005939276716499418,0.0007644547042515148,0.004040265956671868,0.007838287476326969
tdl_mix,urban_all,14.0,3,0.011051177978515625,0.009617558232060185,0.0014336197464554397,1.1490627570807381,0.001433619746455439,6.413673693362247e-05,0.0012742952595240255,0.0015929442333868526,0.03232587007288303,0.026399752222875387,0.005926117850007648,0.0006720045828472825,0.004256765923224885,0.007595469776790412
tdl_mix,urban_all,16.0,3,0.008337326991705247,0.0069040840054735726,0.001433242986231674,1.2075935033663259,0.0014332429862316755,8.149802414546757e-05,0.0012307906710111668,0.0016356953014521841,0.026590164768061152,0.02067498710469262,0.005915177663368528,0.0009241304304158504,0.0036195104105101153,0.008210844916226942
tdl_mix,urban_all,18.0,3,0.00661817009066358,0.00519844337745949,0.00141972671320409,1.273106122375025,0.0014197267132040898,9.678495749369516e-05,0.001179299550354807,0.0016601538760533726,0.022723850585020116,0.0170084140601246,0.005715436524895513,0.0011015813806694484,0.002978956674509628,0.008451916375281398
tdl_mix,urban_all,20.0,3,0.005560792522665895,0.004102306601441937,0.001458485921223958,1.355528258348927,0.0014584859212239583,0.00014466405969982716,0.0010991204749752016,0.001817851367472715,0.019998862515534215,0.014674767806916211,0.005324094708618006,0.001170820368352755,0.002415615677798134,0.008232573739437879
umi_uma_mix,in_domain,-10.0,3,0.3962520081319927,0.3998247782389323,-0.0035727701069396267,0.9910641603487501,-0.0035727701069396267,0.0004626817365575162,-0.004722135257303509,-0.0024234049565757445,0.6575608591974517,0.6595691339469251,-0.0020082747494732933,0.00028828751998110193,-0.002724420649712258,-0.0012921288492343287
umi_uma_mix,in_domain,-8.0,3,0.3659141446337288,0.3677948374807099,-0.0018806928469811135,0.9948865708397014,-0.0018806928469810764,0.0004656041812474014,-0.0030373177524098804,-0.0007240679415522727,0.6340106618993077,0.6353358022960616,-0.001325140396753947,0.0003259861766128476,-0.00213493495161768,-0.0005153458418902143
umi_uma_mix,in_domain,-6.0,3,0.3297018828215422,0.3305193583170573,-0.0008174754955150854,0.997526694050002,-0.0008174754955150484,0.00035168931010841077,-0.0016911201736076638,5.6169182577567116e-05,0.5986761548268942,0.5991367793377534,-0.00046062451085926437,0.000331613653748213,-0.0012843984938974966,0.0003631494721789679
umi_uma_mix,in_domain,-4.0,3,0.2875178301775897,0.28746583726671004,5.199291087965019e-05,1.0001808663992007,5.1992910879613184e-05,0.0002928145890532445,-0.0006753988523655824,0.0007793846741248089,0.5482097632355161,0.5478472144883356,0.0003625487471804467,0.00031309431596980125,-0.0004152206504840603,0.0011403181448449537
umi_uma_mix,in_domain,-2.0,3,0.23997083122347607,0.23942094967689043,0.0005498815465856399,1.002296714415876,0.0005498815465856491,0.00025859620839036566,-9.250704681666407e-05,0.0011922701399879622,0.48040042008146827,0.4792962607778149,0.001104159303653392,0.0003231945173122717,0.0003012996149368394,0.0019070189923699448
umi_uma_mix,in_domain,0.0,3,0.18879869249131945,0.18787125010549285,0.0009274423858265934,1.0049365849500964,0.0009274423858265842,0.00021221613770222475,0.0004002682750986608,0.0014546164965545077,0.39604099757141537,0.39424868332751006,0.0017923142439053203,0.0003725577117530912,0.0008668295823012521,0.0027177989055093884
umi_uma_mix,in_domain,2.0,3,0.13774918921199847,0.13662131038712866,0.0011278788248698102,1.0082555116890173,0.0011278788248697917,0.00020067689883310216,0.000629369772582629,0.0016263878771569545,0.30113244029106917,0.2987791395481722,0.0023533007428969874,0.00040671779328062426,0.001342957734530717,0.0033636437512632577
umi_uma_mix,in_domain,4.0,3,0.0922350471402392,0.09101392015998747,0.00122112698025173,1.0134169254341006,0.0012211269802517393,0.00021239885287002963,0.0006934989798849459,0.0017487549806185325,0.20757393207814956,0.2049845462595975,0.0025893858185520777,0.00040016820019841374,0.0015953129013585574,0.003583458735745598
umi_uma_mix,in_domain,6.0,3,0.05676034056110146,0.05575123539677373,0.0010091051643277352,1.0181001399726135,0.0010091051643277376,0.0001809098721601952,0.0005597001284497645,0.0014585102002057106,0.12943129613995552,0.12702937345997786,0.002401922679977649,0.0003381542414872373,0.0015619009762792837,0.0032419443836760146
umi_uma_mix,in_domain,8.0,3,0.033155088071469906,0.03242068820529514,0.0007343998661747675,1.022652198544472,0.0007343998661747675,0.00016084926750085701,0.00033482813485344483,0.00113397159749609,0.07543416089021866,0.07354475806156795,0.0018894028286507158,0.00023099523597768063,0.0013155788517023126,0.0024632268055991193
umi_uma_mix,in_domain,10.0,3,0.019543965657552082,0.019030158902391976,0.0005138067551601067,1.026999604038804,0.0005138067551601089,7.202412784165637e-05,0.00033488890302599473,0.0006927246072942232,0.044007157699929335,0.042623728065303075,0.0013834296346262643,0.00013912117077046176,0.0010378334877995054,0.0017290257814530233
umi_uma_mix,in_domain,12.0,3,0.01206682935173129,0.011632236433617863,0.00043459291811342657,1.0373610801838093,0.00043459291811342597,6.302597581827231e-05,0.0002780277147575033,0.0005911581214693486,0.026930036701629925,0.025845428187124153,0.001084608514505771,6.724270980358996e-05,0.0009175683632361075,0.0012516486657754345
umi_uma_mix,in_domain,14.0,3,0.007705453001422647,0.007329587583188657,0.0003758654182339895,1.0512805685133069,0.0003758654182339895,7.000235120620118e-05,0.00020196993768493415,0.0005497608987830449,0.017194735587655028,0.016242525005644118,0.0009522105820109079,4.892095758202754e-05,0.0008306841863818847,0.001073736977639931
umi_uma_mix,in_domain,16.0,3,0.005036153911072531,0.004706159050081983,0.0003299948609905472,1.0701197850473836,0.0003299948609905478,6.063177125417971e-05,0.000179377191482156,0.00048061253049893964,0.011323326533907496,0.010397107788810023,0.0009262187450974716,4.403472369795417e-05,0.0008168304273287639,0.0010356070628661793
umi_uma_mix,in_domain,18.0,3,0.0033966347023292823,0.0030544893241222994,0.00034214537820698296,1.1120139381417866,0.00034214537820698296,4.673276905583827e-05,0.00022605474421649033,0.00045823601219747555,0.00768215525004277,0.00674971452530439,0.0009324407247383792,4.624750819063286e-05,0.0008175555455632253,0.0010473259039135332
umi_uma_mix,in_domain,20.0,3,0.002341470600646219,0.002003469584900656,0.00033800101574556294,1.1687078347946684,0.0003380010157455632,4.0675711473776804e-05,0.00023695694691747862,0.0004390450845736478,0.005395843627478893,0.0044692935300617255,0.0009265500974171672,5.594235322679315e-05,0.0007875815880772063,0.0010655186067571282
umi_uma_mix,tdl_A_100ns,-10.0,3,0.39139594560788,0.39614792812017746,-0.00475198251229747,0.9880045251407805,-0.004751982512297433,0.00042513177112692,-0.005808068377456742,-0.003695896647138124,0.6552946449797831,0.6579446557127399,-0.002650010732956861,0.0003488432931622588,-0.003516585513024994,-0.0017834359528887279
umi_uma_mix,tdl_A_100ns,-8.0,3,0.3610024157865548,0.3639312555760513,-0.00292883978949654,0.9919522169513564,-0.0029288397894965215,0.00035442860743148033,-0.0038092892593733266,-0.0020483903196197163,0.6312520136067897,0.6331402990553113,-0.0018882854485216722,0.00040709642053979284,-0.002899569019141175,-0.0008770018779021692
umi_uma_mix,tdl_A_100ns,-6.0,3,0.3247687257366416,0.32614418312355326,-0.0013754573869116382,0.9957826707999554,-0.0013754573869116566,0.00025905787852454796,-0.002018992832504724,-0.0007319219413185892,0.5953193799948987,0.5962254095960546,-0.0009060296011559702,0.0004162565843154936,-0.0019400682800573567,0.00012800907774541623
umi_uma_mix,tdl_A_100ns,-4.0,3,0.2823146302023052,0.2826226316852334,-0.0003080014829281996,0.9989102023390992,-0.00030800148292823665,0.0004144487582457433,-0.0013375492729133021,0.0007215463070568287,0.5439259380470087,0.5438991137492803,2.6824297728341346e-05,0.0004263445984887605,-0.0010322743976184717,0.0010859229930751542
umi_uma_mix,tdl_A_100ns,-2.0,3,0.23423022988401812,0.23391280939549575,0.00031742048852237414,1.0013570034464665,0.0003174204885223834,0.00023128507766147634,-0.000257123495083201,0.0008919644721279679,0.4745820164680481,0.473766718013787,0.0008152984542611116,0.0004637345306136343,-0.00033668198152037867,0.001967278890042602
umi_uma_mix,tdl_A_100ns,0.0,3,0.18230965696735146,0.18161396921416859,0.0006956877531828776,1.0038305850381062,0.0006956877531828776,0.0002552359522017487,6.164649890016418e-05,0.001329729007465591,0.3879388486161644,0.38647303721051157,0.0014658114056528466,0.0004922859336893182,0.00024290535276499828,0.002688717458540695
umi_uma_mix,tdl_A_100ns,2.0,3,0.13047046425901812,0.1297006489318094,0.0007698153272087116,1.0059353236359938,0.0007698153272087301,0.00027481983880292923,8.712500167555245e-05,0.0014525056527419078,0.29020201479211266,0.2882969980990446,0.001905016693068103,0.0005014269119382117,0.0006594031913890349,0.0031506301947471713
umi_uma_mix,tdl_A_100ns,4.0,3,0.08424236156322339,0.08335980073905286,0.000882560824170528,1.0105873672483128,0.0008825608241705233,0.00025676679159019597,0.0002447167540321921,0.0015204048943088543,0.19406108852521875,0.19208126873881728,0.001979819786401447,0.00044562898777913864,0.0008728160123685298,0.0030868235604343637
umi_uma_mix,tdl_A_100ns,6.0,3,0.04895217330367477,0.048365934395495754,0.000586238908179014,1.0121209052508993,0.0005862389081790117,0.00016576764812936692,0.00017444924205720585,0.0009980285743008176,0.1147491400256569,0.11309456871247586,0.0016545713131810441,0.00034994468562302193,0.000785260522565589,0.002523882103796499
umi_uma_mix,tdl_A_100ns,8.0,3,0.026317549340518904,0.02598920280550733,0.00032834653501157343,1.012633959474201,0.00032834653501157576,0.00013141821776509657,1.8855842380047358e-06,0.0006548074857851468,0.06160198391219716,0.060484607232573595,0.0011173766796235714,0.00022124359032890266,0.0005677771333838345,0.0016669762258633082
umi_uma_mix,tdl_A_100ns,10.0,3,0.014111177420910493,0.01391036422164352,0.0002008131992669738,1.0144362287045312,0.00020081319926697552,6.823079803051677e-05,3.131850077017439e-05,0.0003703078977637767,0.03249047721885604,0.03179406878296976,0.0006964084358862856,0.00013909667580569042,0.0003508731379252656,0.0010419437338473057
umi_uma_mix,tdl_A_100ns,12.0,3,0.008046468098958334,0.007891996407214507,0.00015447169174382692,1.0195732085740201,0.0001544716917438275,7.533785604004975e-05,-3.2677917574715725e-05,0.00034162130106237074,0.018225156909061804,0.017744648419780493,0.00048050848928130746,0.00013010044329447322,0.00015732107176591687,0.0008036959067966981
umi_uma_mix,tdl_A_100ns,14.0,3,0.004942528995466821,0.004811793197820216,0.0001307357976466049,1.027169870414595,0.0001307357976466049,5.3713856281727665e-05,-2.696818391390249e-06,0.00026416841368460004,0.011091214432208627,0.010676544107910657,0.000414670324297967,0.0001373655074243423,7.343548699860529e-05,0.0007559051615973287
umi_uma_mix,tdl_A_100ns,16.0,3,0.003196998878761574,0.0030619303385416665,0.00013506854021990734,1.0441122185308231,0.00013506854021990748,4.379290657120325e-05,2.628092949513139e-05,0.00024385615094468357,0.007188920957829665,0.006760381814667288,0.000428539143162377,0.00014702288560004446,6.331404853921672e-05,0.0007937642377855373
umi_uma_mix,tdl_A_100ns,18.0,3,0.0021445191936728396,0.001996264045621142,0.00014825514805169755,1.0742663017835237,0.00014825514805169747,5.674268830943794e-05,7.298496150827058e-06,0.0002892117999525679,0.00488210587049432,0.004425102508523398,0.0004570033619709218,0.00014249952770936238,0.00010301491126817091,0.0008109918126736728
umi_uma_mix,tdl_A_100ns,20.0,3,0.001501672061873071,0.0013373104142554012,0.0001643616476176698,1.122904634455557,0.00016436164761766972,5.984775673341398e-05,1.5691578146945163e-05,0.00031303171708839427,0.003441103438007427,0.003003028114355043,0.000438075323652384,0.00013025347947099423,0.00011450774319962117,0.0007616429041051467
umi_uma_mix,tdl_A_10ns,-10.0,3,0.38394749017409335,0.3918002093279803,-0.007852719153886967,0.9799573380336982,-0.007852719153886948,0.0006427919402681014,-0.009449502853576156,-0.00625593545419774,0.6523788909853241,0.6573670226850628,-0.004988131699738663,0.0004582718159102724,-0.006126541999916488,-0.003849721399560837
umi_uma_mix,tdl_A_10ns,-8.0,3,0.35263711434823497,0.35793078387225113,-0.005293669524016165,0.9852103541730975,-0.005293669524016202,0.00047036459025067074,-0.006462119940973827,-0.004125219107058577,0.6275108750955558,0.6319107884242211,-0.004399913328665257,0.0005543273602850564,-0.0057769388290561646,-0.00302288782827435
umi_uma_mix,tdl_A_10ns,-6.0,3,0.3153227817865066,0.31868084566092786,-0.00335806387442128,0.9894626115119758,-0.0033580638744212985,0.00045003475481373043,-0.004476012180494443,-0.002240115568348154,0.590416842036777,0.5938766304357552,-0.003459788398978166,0.0005895761442343278,-0.0049243767328740915,-0.0019952000650822407
umi_uma_mix,tdl_A_10ns,-4.0,3,0.27143445427035107,0.273405381190924,-0.001970926920572935,0.9927911919217252,-0.001970926920572954,0.00039233186285597053,-0.0029455332966513816,-0.000996320544494526,0.5370582551867874,0.5394336757836519,-0.0023754205968644637,0.0005964758087182849,-0.003857148647504056,-0.0008936925462248715
umi_uma_mix,tdl_A_10ns,-2.0,3,0.22150628360701197,0.22231886121961805,-0.0008125776126060857,0.9963449902174365,-0.0008125776126060857,0.0003564810911577994,-0.0016981257347103858,7.297050949821434e-05,0.46410950282473623,0.46529721109955396,-0.001187708274817752,0.0006043320928832112,-0.0026889524172263985,0.0003135358675908943
umi_uma_mix,tdl_A_10ns,0.0,3,0.16705312846619405,0.16709485466097607,-4.172619478201578e-05,0.9997502843826839,-4.172619478201578e-05,0.00043950738389234527,-0.0011335230617427802,0.0010500706721787486,0.371325926648246,0.3712500863605075,7.584028773840086e-05,0.0006433250792075546,-0.001522267802495955,0.0016739483779727566
umi_uma_mix,tdl_A_10ns,2.0,3,0.11252396195023148,0.1119826516987365,0.0005413102514949808,1.0048338759913567,0.0005413102514949855,0.0003762875995160522,-0.00039343996496199885,0.0014760604679519697,0.26493329527201476,0.26369624870058933,0.0012370465714254448,0.0006524741977903462,-0.0003837891893105538,0.0028578823321614433
umi_uma_mix,tdl_A_10ns,4.0,3,0.06439114794319059,0.06350613817756559,0.000885009765625,1.0139358145688293,0.000885009765625,0.00029543694146804826,0.00015110371785244598,0.001618915813397554,0.15989003505235835,0.15790245488837915,0.0019875801639792356,0.0006220988325802716,0.00044220099347260997,0.0035329593344858613
umi_uma_mix,tdl_A_10ns,6.0,3,0.029322683075327934,0.028511141553337192,0.0008115415219907413,1.0284640136373548,0.000811541521990739,0.0002176060001598163,0.0002709782506702616,0.0013521047933112164,0.07619951637806716,0.07413026354747054,0.0020692528305966177,0.0004964591099326797,0.0008359800332244647,0.0033025256279687705
umi_uma_mix,tdl_A_10ns,8.0,3,0.010048854498215664,0.009541641046971451,0.0005072134512442133,1.0531578843458176,0.0005072134512442127,9.658073071688735e-05,0.00026729361583296653,0.000747133286655459,0.027017976122873804,0.025505885918751175,0.0015120902041226257,0.0002972527606888695,0.0007736734113457388,0.002250506996899513
umi_uma_mix,tdl_A_10ns,10.0,3,0.002959168987509645,0.0026714183666087963,0.0002877506209008488,1.1077145476341583,0.0002877506209008486,6.868044109194308e-05,0.00011713894711828948,0.00045836229468340775,0.007931274620609151,0.006988286799578755,0.0009429878210303954,0.00022741103466489705,0.0003780674937299177,0.0015079081483308733
umi_uma_mix,tdl_A_10ns,12.0,3,0.0011999813126929012,0.000995777271412037,0.0002042040412808643,1.2050699962164209,0.00020420404128086418,6.28153758482376e-05,4.816199725261793e-05,0.0003602460853091104,0.0032364738088986483,0.00251543222506887,0.000721041583829778,0.00025232334101253797,9.423565684212097e-05,0.001347847510817435
umi_uma_mix,tdl_A_10ns,14.0,3,0.0007608672718942901,0.0005848260573398919,0.00017604121455439816,1.3010146561443068,0.00017604121455439814,5.3645929617050255e-05,4.277733770576792e-05,0.00030930509140302833,0.0021894183114960063,0.0014703193668493093,0.0007190989446466973,0.00029416537645852444,-1.1648360532637769e-05,0.0014498462498260323
umi_uma_mix,tdl_A_10ns,16.0,3,0.0005664589964313271,0.00039324348355516974,0.0001732155128761574,1.4404790419161677,0.00017321551287615742,5.228464468215903e-05,4.333325527085526e-05,0.00030309777048145956,0.0017916286454204022,0.00102298644463942,0.0007686422007809821,0.0003161090662339438,-1.6616251706472293e-05,0.0015539006532684363
umi_uma_mix,tdl_A_10ns,18.0,3,0.0004555031105324074,0.00027927351586612653,0.00017622959466628087,1.6310286677908938,0.00017622959466628084,5.4274317578945105e-05,4.1404715583838995e-05,0.0003110544737487227,0.0015350303517916025,0.0007614924174678306,0.0007735379343237718,0.0002863917056316434,6.210149800495157e-05,0.0014849743706425922
umi_uma_mix,tdl_A_10ns,20.0,3,0.0003895700713734568,0.00021023220486111112,0.00017933786651234566,1.8530465949820787,0.0001793378665123457,5.041271425201862e-05,5.4105741882503195e-05,0.00030456999114218816,0.0013110798275102963,0.0005946749342068937,0.0007164048933034028,0.00024135081877803277,0.0001168562225925242,0.0013159535640142814
umi_uma_mix,tdl_A_300ns,-10.0,3,0.39911811734423225,0.39991543616777586,-0.0007973188235436135,0.9980062814499385,-0.000797318823543595,0.00029781640092657016,-0.0015371357762908665,-5.7501870796323345e-05,0.6590027257248207,0.6590473975664303,-4.467184160964847e-05,0.00029196633027985767,-0.0007699564132464714,0.0006806127300271745
umi_uma_mix,tdl_A_300ns,-8.0,3,0.3691796196831597,0.36842741789641203,0.0007522017867476749,1.00204165529005,0.0007522017867476934,0.0002314173769159753,0.0001773291535747593,0.0013270744199206275,0.6357234296975313,0.6349206331335467,0.0008027965639844462,0.0003321193141326542,-2.223354908416201e-05,0.0016278266770530544
umi_uma_mix,tdl_A_300ns,-6.0,3,0.33319666356216243,0.3318057590060764,0.0013909045560860367,1.0041919240951467,0.0013909045560860367,0.000269861216915135,0.0007205321301831027,0.002061276981988971,0.6006747005898275,0.5990533328350679,0.0016213677547595913,0.00031341392894176787,0.0008428043944582275,0.002399931115060955
umi_uma_mix,tdl_A_300ns,-4.0,3,0.29132136592158564,0.28981583206741895,0.0015055338541666852,1.0051947950649447,0.0015055338541666667,0.00018302521518921586,0.0010508740148968175,0.001960193693436516,0.5506433594374008,0.5485173934771691,0.002125965960231846,0.0002934296345393171,0.0013970463393001983,0.0028548855811634938
umi_uma_mix,tdl_A_300ns,-2.0,3,0.24416228871286652,0.24273399070457177,0.0014282980082947483,1.0058842109592847,0.001428298008294739,0.00018386446584308982,0.0009715533548259119,0.001885042661763566,0.48371202967785026,0.48144868163414944,0.0022633480437008005,0.0003118221848084959,0.0014887387950285036,0.003037957292373097
umi_uma_mix,tdl_A_300ns,0.0,3,0.19371513084129052,0.1926378791714892,0.0010772516698013268,1.005592107193219,0.0010772516698013175,0.00015069452302498066,0.0007029057221866564,0.0014515976174159786,0.4011171607323634,0.3989283972316318,0.002188763500731642,0.00033929725367664335,0.0013459023973484761,0.003031624604114808
umi_uma_mix,tdl_A_300ns,2.0,3,0.14364567509403936,0.14269991274233218,0.00094576235170718,1.0066276309041262,0.00094576235170718,0.00017689005352939326,0.0005063430988847541,0.001385181604529606,0.3090095637757101,0.3069702075955309,0.002039356180179234,0.0003559116912092198,0.0011552225259603224,0.0029234898343981457
umi_uma_mix,tdl_A_300ns,4.0,3,0.09850669201509452,0.09782824104214892,0.0006784509729455962,1.006935123904081,0.0006784509729456054,0.00016852272548409814,0.00025981731526786495,0.001097084630623346,0.21849657595157623,0.2167572647701075,0.0017393111814687223,0.00033277655948832786,0.000912648380426151,0.0025659739825112937
umi_uma_mix,tdl_A_300ns,6.0,3,0.06302115357952354,0.062481727129147374,0.0005394264503761625,1.0086333473026632,0.0005394264503761579,0.00022538473950294816,-2.0460280697195987e-05,0.0010993131814495119,0.1419935766377567,0.1406733637422691,0.0013202128954875696,0.00034167354753640025,0.0004714487509129586,0.0021689770400621805
umi_uma_mix,tdl_A_300ns,8.0,3,0.03832659309293017,0.038002956060715666,0.0003236370322145035,1.008516101528982,0.00032363703221450585,0.00018746871411325054,-0.00014206107030507493,0.0007893351347340867,0.08671349323826072,0.08577161852592304,0.0009418747123376795,0.00025814991798240125,0.0003005947657682248,0.0015831546589071342
umi_uma_mix,tdl_A_300ns,10.0,3,0.022896189748505016,0.022679646809895832,0.00021654293860918356,1.0095478973029994,0.0002165429386091824,0.00012986130954467328,-0.00010605043774015557,0.0005391363149585204,0.0517125514416415,0.050999797213776614,0.0007127542278648919,0.0001880056552534188,0.00024572228960997866,0.0011797861661198051
umi_uma_mix,tdl_A_300ns,12.0,3,0.013876361611448689,0.013674889081790124,0.00020147252965856469,1.0147330284328853,0.00020147252965856469,0.00012775171978372376,-0.00011588033520907909,0.0005188253945262085,0.03121203923436963,0.03058307993881128,0.0006289592955583413,0.00016206070849940373,0.00022637817796685507,0.0010315404131498273
umi_uma_mix,tdl_A_300ns,14.0,3,0.008626490463445217,0.008444986225646219,0.00018150423779899824,1.0214925439721614,0.00018150423779899708,0.0001321342137258538,-0.00014673534554221883,0.000509743821140213,0.01930887265889733,0.018692227511632218,0.0006166451472651088,0.00015203266897234515,0.00023897506083864868,0.000994315233691569
umi_uma_mix,tdl_A_300ns,16.0,3,0.005515581295814043,0.005298379026813272,0.00021720226900077098,1.040994097987627,0.00021720226900077155,9.406418101246321e-05,-1.6466110385985374e-05,0.0004508706483875285,0.012299794631860692,0.011651538326807412,0.0006482563050532782,0.00012293217296673037,0.00034287585818772414,0.0009536367519188322
umi_uma_mix,tdl_A_300ns,18.0,3,0.0035876992308063274,0.003369837631413966,0.00021786159939236145,1.0646504737680633,0.00021786159939236115,8.87931510784146e-05,-2.712815754968333e-06,0.00043843601453969063,0.00809657269295443,0.007427053482927107,0.0006695192100273237,0.00011338618583014985,0.0003878523098045247,0.0009511861102501227
umi_uma_mix,tdl_A_300ns,20.0,3,0.0024288789725597994,0.0021989610460069445,0.0002299179265528549,1.1045575259145035,0.00022991792655285503,7.770028820250752e-05,3.689971040787788e-05,0.0004229361426978322,0.0055267482832143154,0.004885370805744588,0.0006413774774697278,0.00011377681281562916,0.0003587402060210358,0.0009240147489184197
umi_uma_mix,tdl_A_30ns,-10.0,3,0.3853353806483893,0.3927033035843461,-0.007367922935956783,0.9812379400206032,-0.0073679229359568015,0.00042196954788974677,-0.00841615340311938,-0.006319692468794223,0.6529366491753378,0.6574854637369697,-0.004548814561631957,0.00043515380634608964,-0.005629796542428632,-0.0034678325808352823
umi_uma_mix,tdl_A_30ns,-8.0,3,0.35428807764877507,0.35916034086250964,-0.004872263213734573,0.9864342950504111,-0.004872263213734555,0.0004079883018277254,-0.005885762340295899,-0.003858764087173211,0.6282522030818609,0.632171548443076,-0.003919345361215076,0.0005225056984814879,-0.005217321471466202,-0.002621369250963951
umi_uma_mix,tdl_A_30ns,-6.0,3,0.31724651948905286,0.32018345962336037,-0.0029369401343075086,0.9908273208810902,-0.00293694013430749,0.0004192282788191756,-0.003978360911593552,-0.0018955193570214283,0.5914363092110481,0.594390101638841,-0.0029537924277929597,0.0005561907749000321,-0.004335446906701729,-0.0015721379488841903
umi_uma_mix,tdl_A_30ns,-4.0,3,0.27373871979890047,0.2753773442021123,-0.0016386244032118302,0.994049530806684,-0.0016386244032117931,0.00042705019332483205,-0.0026994758933001736,-0.0005777729131234127,0.5385553262851857,0.5404343752213466,-0.0018790489361610134,0.0005676482389049545,-0.0032891653334865033,-0.00046893253883552376
umi_uma_mix,tdl_A_30ns,-2.0,3,0.22426219045380016,0.22491351469063464,-0.0006513242368344774,0.9971041124952835,-0.0006513242368344959,0.0002928232807317678,-0.0013787375914060904,7.60891177370986e-05,0.466472531174436,0.46722732797081085,-0.000754796796374857,0.0005803522210548706,-0.002196471634849543,0.0006868780420998292
umi_uma_mix,tdl_A_30ns,0.0,3,0.1703124811619888,0.17022149356794947,9.098759403933232e-05,1.000534524707381,9.098759403934158e-05,0.0004478132757798265,-0.001021442252189612,0.0012034174402682954,0.3751218513942059,0.3747476641042733,0.0003741872899326408,0.0006023346642958344,-0.0011220949647953882,0.00187046954466067
umi_uma_mix,tdl_A_30ns,2.0,3,0.11635674370659722,0.11574253035180362,0.0006142133547935996,1.00530672133162,0.0006142133547935996,0.000361287185775539,-0.00028327376819731664,0.0015117004777845159,0.27068033041777434,0.2693134980437197,0.0013668323740546977,0.0006052506723820355,-0.0001366936463283047,0.0028703583944377003
umi_uma_mix,tdl_A_30ns,4.0,3,0.0685174259138696,0.06770936942394869,0.0008080564899209108,1.0119341901541192,0.0008080564899209108,0.00034010959731300364,-3.682258692431421e-05,0.0016529355667661359,0.16748488225318767,0.1655259809376281,0.0019589013155595727,0.0005735532178917856,0.0005341161372452508,0.0033836864938738944
umi_uma_mix,tdl_A_30ns,6.0,3,0.033219325689621916,0.032490577226803624,0.0007287484628182919,1.0224295326528425,0.0007287484628182919,0.00021842491197024652,0.00018615090178685065,0.0012713460238497332,0.08435621462118477,0.08241539627865509,0.001940818342529696,0.00044491897227590495,0.0008355783447843554,0.0030460583402750364
umi_uma_mix,tdl_A_30ns,8.0,3,0.012991257655767747,0.01251211284119406,0.00047914481457368707,1.0382944767726345,0.0004791448145736882,0.00013816766242222934,0.00013591731379333137,0.000822372315354045,0.033665340554751,0.03230266505277451,0.0013626755019764865,0.00028201118704577045,0.0006621208770742657,0.0020632301268787073
umi_uma_mix,tdl_A_30ns,10.0,3,0.004669001073013117,0.004424577877845293,0.0002444231951678243,1.0552421500798297,0.00024442319516782403,9.130252718838606e-05,1.761514419251466e-05,0.0004712312461431334,0.011939070015041917,0.011121701201952902,0.0008173688130890146,0.00020877554472109271,0.0002987416091366263,0.001335996017041403
umi_uma_mix,tdl_A_30ns,12.0,3,0.0020805641456886573,0.0019188398196373457,0.00016172432605131163,1.0842823483212252,0.0001617243260513117,5.399555350727412e-05,2.7591935312014837e-05,0.0002958567167906086,0.005178264918576144,0.004606791514684848,0.0005714734038912954,0.00021030555510420304,4.904544344671018e-05,0.0010939013643358805
umi_uma_mix,tdl_A_30ns,14.0,3,0.0012010174033082561,0.0010567182376060957,0.0001442991657021604,1.1365540600766555,0.00014429916570216048,5.703742591031393e-05,2.610345011855677e-06,0.0002859879863924653,0.003085942736274942,0.0025436715071986394,0.0005422712290763029,0.00022918494030991978,-2.705572413422828e-05,0.0011115981822868342
umi_uma_mix,tdl_A_30ns,16.0,3,0.0008046656479070216,0.0006676191165123457,0.00013704653139467592,1.2052765237020315,0.0001370465313946759,4.9439282791795866e-05,1.423254456506788e-05,0.0002598605182242839,0.0021972872008192983,0.0016406115181679425,0.0005566756826513562,0.00022711017509660967,-7.497268049569709e-06,0.001120848633352282
umi_uma_mix,tdl_A_30ns,18.0,3,0.0005781385633680555,0.0004458957248263889,0.00013224283854166663,1.2965779467680607,0.00013224283854166666,3.835779444369813e-05,3.6956794820925374e-05,0.00022752888226240794,0.0016918507089715683,0.0011463278681023642,0.000545522840869204,0.00020297255901479005,4.131105255113243e-05,0.0010497346291872757
umi_uma_mix,tdl_A_30ns,20.0,3,0.00044683762538580245,0.0003201520001446759,0.00012668562524112653,1.39570461900559,0.00012668562524112656,3.100856236620253e-05,4.9656086077183914e-05,0.00020371516440506919,0.0013452872550136997,0.0008490444648981075,0.0004962427901155923,0.00018053470615374945,4.77697182624329e-05,0.0009447158619687519
umi_uma_mix,tdl_B_100ns,-10.0,3,0.39176564157744986,0.3969168015468268,-0.005151159969376928,0.987022066213115,-0.005151159969376928,0.0006824502657456438,-0.006846460410973473,-0.0034558595277803836,0.6555715747821478,0.6582338927704611,-0.0026623179883132897,0.00039677045108758044,-0.0036479504288052054,-0.001676685547821374
umi_uma_mix,tdl_B_100ns,-8.0,3,0.36127292962721835,0.36442302185812114,-0.00315009223090279,0.9913559461341352,-0.00315009223090279,0.0006707577768925305,-0.004816346919994004,-0.001483837541811577,0.6315652544115796,0.6334871053695679,-0.001921850957988284,0.0004576633548138747,-0.0030587497570103584,-0.00078495215896621
umi_uma_mix,tdl_B_100ns,-6.0,3,0.32506740240403165,0.3265758561499325,-0.0015084537459008618,0.9953810004092638,-0.0015084537459008618,0.000440905935677721,-0.0026037248080936445,-0.0004131826837080791,0.5956854849685858,0.596634578557662,-0.0009490935890762812,0.0004704761157679131,-0.0021178210507771214,0.0002196338726245592
umi_uma_mix,tdl_B_100ns,-4.0,3,0.28261763961226855,0.28302444646387925,-0.0004068068516107082,0.9985626441224659,-0.00040680685161072666,0.00031231410010811104,-0.0011826380856298302,0.00036902438240837696,0.544376191533642,0.5443830331902445,-6.841656602437259e-06,0.00045561459930038576,-0.0011386510647911057,0.0011249677515862313
umi_uma_mix,tdl_B_100ns,-2.0,3,0.23451204653139468,0.23428542525679977,0.00022662127459491255,1.0009672871214526,0.0002266212745949218,0.0002628059033133864,-0.0004262247807210245,0.000879467329910868,0.47518007402066836,0.4743683566281825,0.0008117173924857927,0.00046040225105503505,-0.00033198520197777503,0.0019554199869493603
umi_uma_mix,tdl_B_100ns,0.0,3,0.1826237808039159,0.18196322594159914,0.0006605548623167534,1.0036301558125198,0.0006605548623167442,0.00030823268026999737,-0.00010513756276463399,0.0014262472873981225,0.3887372513612111,0.38725699833881705,0.0014802530223940364,0.0004872340259789342,0.00026989660396630724,0.0026906094408217654
umi_uma_mix,tdl_B_100ns,2.0,3,0.13097513457875193,0.13014268286434222,0.0008324517144097099,1.006396454230757,0.0008324517144097284,0.00032939828768452036,1.4181005755853739e-05,0.0016507224230636031,0.2912654666988938,0.2893299079603619,0.0019355587385318878,0.0005024091329549207,0.0006875052645838472,0.0031836122124799283
umi_uma_mix,tdl_B_100ns,4.0,3,0.08480599485797646,0.0839108125663098,0.0008951822916666574,1.0106682591228544,0.0008951822916666574,0.0002357185706724018,0.0003096249008774373,0.0014807396824558774,0.1953213823798262,0.19328386916054618,0.0020375132192800203,0.00046169075243173926,0.000890609809954819,0.0031844166286052215
umi_uma_mix,tdl_B_100ns,6.0,3,0.04934626449773341,0.04866555296344521,0.0006807115342881975,1.0139875434026098,0.0006807115342881998,0.00021696918080004102,0.00014173020995497242,0.001219692858621427,0.11595158978008929,0.11422051544542666,0.0017310743346626394,0.0003514361638826717,0.0008580585066559932,0.0026040901626692855
umi_uma_mix,tdl_B_100ns,8.0,3,0.02649688720703125,0.026110896357783565,0.0003859908492476853,1.0147827498511985,0.0003859908492476853,0.00018811216253741017,-8.130566776797692e-05,0.0008532873662633475,0.06241315276718434,0.061211547273912544,0.0012016054932717953,0.0002379227469643864,0.0006105726250321043,0.0017926383615114862
umi_uma_mix,tdl_B_100ns,10.0,3,0.014030739113136573,0.013769267517843364,0.0002614715952932098,1.0189895065190921,0.0002614715952932098,8.930931040120968e-05,3.96149693068053e-05,0.0004833282212796143,0.03278155164954103,0.032025902865477546,0.0007556487840634831,0.0001527112651238704,0.000376292971345907,0.0011350045967810593
umi_uma_mix,tdl_B_100ns,12.0,3,0.007866094141830633,0.007681670012297454,0.0001844241295331792,1.0240083379314573,0.0001844241295331792,8.99329593863192e-05,-3.898172641608893e-05,0.00040782998548244734,0.018126421332083368,0.017597345175382532,0.000529076156700835,0.00013677332979255148,0.0001893123701887152,0.0008688399432129547
umi_uma_mix,tdl_B_100ns,14.0,3,0.004679173599054784,0.004532142921730324,0.0001470306773244598,1.0324417565517385,0.0001470306773244598,4.9602400849307235e-05,2.3811482776705107e-05,0.0002702498718722145,0.01072649981389627,0.010270628940176081,0.0004558708737201894,0.0001474459054068832,8.959493964200415e-05,0.0008221468077983746
umi_uma_mix,tdl_B_100ns,16.0,3,0.0029227174358603396,0.0027658909927179786,0.00015682644314236101,1.0567001532436573,0.00015682644314236115,2.6063938977503455e-05,9.208002940915052e-05,0.00022157285687557178,0.006711589500170063,0.006247750716283917,0.0004638387838861455,0.00014887820404871157,9.400482273717181e-05,0.0008336727450351192
umi_uma_mix,tdl_B_100ns,18.0,3,0.0019014146592881945,0.001755043312355324,0.0001463713469328704,1.0834004186121398,0.00014637134693287033,5.322604972023856e-05,1.4150509570355087e-05,0.00027859218429538557,0.004380362354115479,0.003922308372609593,0.0004580539815058858,0.00013401666345642805,0.0001251381337983003,0.0007909698292134712
umi_uma_mix,tdl_B_100ns,20.0,3,0.0012612990391107253,0.0011110658998842592,0.00015023313922646613,1.1352153272295695,0.000150233139226466,5.3721288291063754e-05,1.678206105380428e-05,0.0002836842173991277,0.0029613949555363276,0.0025313333205786753,0.0004300616349576525,0.00012927951956666578,0.00010891350503305572,0.0007512097648822493
umi_uma_mix,tdl_B_10ns,-10.0,3,0.3841096854504244,0.3921087759512442,-0.007999090500819817,0.9795998177255425,-0.007999090500819836,0.0006358352032597872,-0.009578592707755311,-0.00641958829388436,0.6524913855540899,0.6575394066763512,-0.005048021122261326,0.0004836353558114516,-0.006249437948413525,-0.0038466042961091272
umi_uma_mix,tdl_B_10ns,-8.0,3,0.352789608048804,0.35819056004653743,-0.005400951997733439,0.9849215680138759,-0.005400951997733401,0.0006975155925314436,-0.007133676785739802,-0.0036682272097270014,0.6276162906929299,0.6320925737604682,-0.004476283067538407,0.0005890601633893725,-0.00593958963395879,-0.0030129765011180244
umi_uma_mix,tdl_B_10ns,-6.0,3,0.3154789488992573,0.3187530894338349,-0.0032741405345775854,0.9897282861151462,-0.0032741405345775667,0.0005398766873196596,-0.004615268573293611,-0.0019330124958615224,0.5905117650090913,0.5940336592403459,-0.0035218942312546706,0.00063183484214928,-0.005091458990294542,-0.0019523294722147996
umi_uma_mix,tdl_B_10ns,-4.0,3,0.2715176240897473,0.27351341718508876,-0.0019957930953414804,0.9927031254412251,-0.0019957930953414436,0.0005360324802701239,-0.0033273715943536006,-0.0006642145963292865,0.5371253034214915,0.5395337380008933,-0.0024084345794019115,0.0006387000073673545,-0.00399505335425804,-0.0008218158045457836
umi_uma_mix,tdl_B_10ns,-2.0,3,0.2213812934027778,0.22229173448350695,-0.0009104410807291574,0.9959042962940364,-0.0009104410807291482,0.0004700655597922562,-0.002078148664848036,0.00025726650338973964,0.4641306484922951,0.46531471977999184,-0.001184071287696764,0.0006504025959853984,-0.0027997609042651685,0.00043161832887164036
umi_uma_mix,tdl_B_10ns,0.0,3,0.16689394727165316,0.16686201684268903,3.1930428964127566e-05,1.0001913582825397,3.193042896411832e-05,0.0003011577649149308,-0.0007161869320756367,0.0007800477900038734,0.3712681458320147,0.37115582087893545,0.00011232495307922363,0.0006874843180747569,-0.0015954807677514657,0.001820130673909913
umi_uma_mix,tdl_B_10ns,2.0,3,0.11223366819782021,0.1116943359375,0.0005393322603202133,1.0048286446738177,0.000539332260320218,0.0004084063121497827,-0.00047520526144608866,0.0015538697820865247,0.2648016188615634,0.2634948048694634,0.001306813992099957,0.0007008965437256336,-0.0004343095442698333,0.0030479375284697477
umi_uma_mix,tdl_B_10ns,4.0,3,0.06411875030140818,0.06328111813392168,0.0008376321674865017,1.0132366840565905,0.0008376321674864925,0.0003079616007949291,7.26131411520381e-05,0.0016026511938209468,0.1596971398886339,0.1576207184497221,0.0020764214389118185,0.0006511294708442447,0.00045892616509476307,0.003693916712728874
umi_uma_mix,tdl_B_10ns,6.0,3,0.029123000156732252,0.028324927812741128,0.0007980723439911241,1.028175617931571,0.0007980723439911276,0.0002036494654670018,0.0002921790268277264,0.001303965661154529,0.07596396355901236,0.07381859182575602,0.002145371733256333,0.0004942127352773678,0.0009176792398803701,0.0033730642266322957
umi_uma_mix,tdl_B_10ns,8.0,3,0.009949578179253472,0.009410434299045138,0.0005391438802083339,1.0572921358436178,0.0005391438802083327,0.00013522599018569022,0.00020322389836664647,0.000875063862050019,0.026706851076012773,0.025160175207772372,0.001546675868240403,0.00030020426657662193,0.0008009271283810214,0.0022924246080997844
umi_uma_mix,tdl_B_10ns,10.0,3,0.0028135511610243055,0.0025177001953125,0.0002958509657118055,1.1175084175084176,0.0002958509657118055,8.128350795903876e-05,9.393153823980549e-05,0.0004977703931838055,0.007549211334000216,0.006620642760722541,0.0009285685732776735,0.00022997340844399557,0.00035728295664069765,0.0014998541899146494
umi_uma_mix,tdl_B_10ns,12.0,3,0.0010679268542631174,0.0008727650583526235,0.00019516179591049388,1.2236132095834233,0.00019516179591049388,5.651426903946412e-05,5.4772568932277236e-05,0.0003355510228887105,0.002878084564639002,0.002223352227219162,0.0006547323374198403,0.0002371528813234534,6.561192145184379e-05,0.0012438527533878369
umi_uma_mix,tdl_B_10ns,14.0,3,0.0006567872600790895,0.0005038226092303241,0.0001529646508487654,1.303608151056272,0.00015296465084876543,5.58805875281674e-05,1.4149576010059125e-05,0.00029177972568747174,0.001838509471938632,0.0012394312502973337,0.0005990782216412984,0.0002697410842912366,-7.099577828018685e-05,0.0012691522215627837
umi_uma_mix,tdl_B_10ns,16.0,3,0.0004770726333429784,0.00031958685980902775,0.00015748577353395067,1.4927792513999412,0.00015748577353395064,6.349304093742134e-05,-2.3968389833693726e-07,0.00031521123096623824,0.0014092987686227492,0.0008207539744719805,0.0005885447941507687,0.0002732675730158072,-9.028948940181434e-05,0.0012673790777033517
umi_uma_mix,tdl_B_10ns,18.0,3,0.00036564579716435184,0.00021616617838541666,0.00014947961877893518,1.6915032679738562,0.00014947961877893518,5.2147021080649264e-05,1.9939237152183186e-05,0.00027902000040568714,0.0011191042932004178,0.000575139473138408,0.0005439648200620097,0.0002371724911639333,-4.520430945024621e-05,0.0011331339495742657
umi_uma_mix,tdl_B_10ns,20.0,3,0.00028869252146026235,0.0001563554928626543,0.00013233702859760804,1.8463855421686748,0.00013233702859760804,4.7686872826938516e-05,1.387626944831296e-05,0.0002507977877469031,0.0008888759022688139,0.00042017577095661475,0.0004687001313121993,0.00019227598071980536,-8.939883475611533e-06,0.0009463401461000101
umi_uma_mix,tdl_B_300ns,-10.0,3,0.39961638274016203,0.4016776379243827,-0.0020612551842206783,0.9948683845212993,-0.002061255184220697,0.0003820901786517848,-0.0030104198063347124,-0.0011120905621066816,0.658606688917419,0.6593736167307253,-0.0007669278133062655,0.000281827133476731,-0.001467025223796636,-6.683040281589504e-05
umi_uma_mix,tdl_B_300ns,-8.0,3,0.36991185317804787,0.3706529405381944,-0.0007410873601465529,0.9980005895567144,-0.0007410873601466269,0.00042513358666293276,-0.0017971777353474124,0.00031500301505415866,0.6353306593718352,0.6354054690879068,-7.480971607165543e-05,0.0003247095605583873,-0.0008814329808509581,0.0007318135487076472
umi_uma_mix,tdl_B_300ns,-6.0,3,0.3345689184871721,0.3342184372890143,0.00035048119815778156,1.0010486590775802,0.00035048119815780005,0.0005317018813392956,-0.0009703394967354162,0.0016713018930510162,0.600465714931488,0.5997992930588899,0.000666421872598133,0.00032051837907624234,-0.0001297899202041922,0.0014626336654004583
umi_uma_mix,tdl_B_300ns,-4.0,3,0.29334277871214315,0.29260357515311536,0.0007392035590277901,1.0025262970851978,0.0007392035590277716,0.0003432278530299922,-0.00011342169443919706,0.0015918288124947403,0.5509760788193455,0.5497745698616828,0.0012015089576626892,0.00030267005840396824,0.0004496348513354405,0.001953383063989938
umi_uma_mix,tdl_B_300ns,-2.0,3,0.24691348605685765,0.24602687506028165,0.0008866109965759983,1.0036037160426428,0.0008866109965760075,0.0002468132473373099,0.0002734929010827764,0.0014997290920692385,0.4851559338010388,0.48368270382469086,0.0014732299763479488,0.00033258872323278907,0.0006470337864314131,0.0022994261662644846
umi_uma_mix,tdl_B_300ns,0.0,3,0.19738939073350695,0.1965195455668885,0.0008698451666184492,1.0044262526870253,0.0008698451666184492,0.0002136335744723754,0.00033914994775564064,0.0014005403854812578,0.40440209669831356,0.40280289267316277,0.0015992040251508095,0.0003758219860147699,0.0006656104567515041,0.002532797593550115
umi_uma_mix,tdl_B_300ns,2.0,3,0.1483223055615837,0.1476586424274209,0.0006636631341628008,1.0044945769732985,0.00066366313416281,0.00019694498789077366,0.00017442466258472792,0.001152901605740892,0.31483612457911175,0.31324130885395,0.0015948157251616986,0.00039308565786230483,0.0006183368184810365,0.0025712946318423606
umi_uma_mix,tdl_B_300ns,4.0,3,0.10426462432484568,0.1036889347029321,0.0005756896219135804,1.0055520834847318,0.0005756896219135804,0.0002929915189798236,-0.0001521416596345841,0.001303520903461745,0.22708955149591706,0.22571240733435124,0.0013771441615658224,0.0003557639648596917,0.0004933774799428066,0.0022609108431888383
umi_uma_mix,tdl_B_300ns,6.0,3,0.06891839298201197,0.0685522762345679,0.00036611674744406464,1.0053406942490328,0.00036611674744406464,0.0002066253334854717,-0.00014716903568948744,0.0008794025305776167,0.15249220695760515,0.15147773930687966,0.0010144676507255108,0.0002893619522037551,0.00029565271288343326,0.0017332825885675884
umi_uma_mix,tdl_B_300ns,8.0,3,0.043766822343991124,0.04351957344714506,0.0002472488968460612,1.0056813262920958,0.0002472488968460658,0.0001480203846549076,-0.00012045412279680846,0.0006149519164889402,0.09744718348906363,0.0967378016607261,0.0007093818283375372,0.00018688193739088943,0.00024514136000240564,0.0011736222966726687
umi_uma_mix,tdl_B_300ns,10.0,3,0.027348459502797066,0.02723675009645062,0.00011170940634644758,1.004101422010734,0.0001117094063464522,8.179239066845527e-05,-9.147415585491457e-05,0.000314892968547819,0.06098541488618026,0.06041761814260188,0.0005677967435783841,8.5814333934656e-05,0.000354622120434552,0.0007809713667222161
umi_uma_mix,tdl_B_300ns,12.0,3,0.01723273006486304,0.01702805507330247,0.00020467499156057167,1.012019869014957,0.00020467499156057167,0.00012422111538724185,-0.00010390736578017008,0.0005132573489013135,0.03822924346191647,0.037701829922971906,0.0005274135389445739,7.360360679326585e-05,0.00034457204358170315,0.0007102550343074446
umi_uma_mix,tdl_B_300ns,14.0,3,0.010935842255015432,0.010742752640335649,0.00019308961467978322,1.017973942167745,0.0001930896146797844,5.7016423752128355e-05,5.145296624265846e-05,0.00033472626311691035,0.02426923793039204,0.02379163563895373,0.0004776022914383162,0.0001891208878719866,7.79996177814043e-06,0.0009474046210984919
umi_uma_mix,tdl_B_300ns,16.0,3,0.007018006878134645,0.006895277235243056,0.00012272964289158916,1.0177990875064884,0.00012272964289158946,0.00012913868873291792,-0.00019806864384790387,0.0004435279296310828,0.015672478249963418,0.015184712504255182,0.00048776574570823586,0.00023690270150884306,-0.00010073318914754505,0.0010762646805640168
umi_uma_mix,tdl_B_300ns,18.0,3,0.00459496768904321,0.004437670295621142,0.00015729739342206818,1.0354459396357771,0.00015729739342206818,0.00015950987945630157,-0.00023894711354698165,0.0005535419003911181,0.010327853595860947,0.009870625239003589,0.0004572283568573584,0.0002848402239964724,-0.00025035398542230054,0.0011648106991370174
umi_uma_mix,tdl_B_300ns,20.0,3,0.0030624954788773147,0.0029035026644483024,0.00015899281442901224,1.0547589697009019,0.00015899281442901237,0.00017425791665657425,-0.0002738878479249093,0.0005918734767829341,0.007006150285172978,0.006612738818620091,0.0003934114665528875,0.00032902675167909105,-0.0004239362954985923,0.0012107592286043673
umi_uma_mix,tdl_B_30ns,-10.0,3,0.3855468373239776,0.3932381147219811,-0.007691277398003515,0.9804411700950167,-0.007691277398003478,0.0006134925678795983,-0.009215277421809052,-0.006167277374197904,0.6531143239986749,0.6576928864290684,-0.004578562430393562,0.0004647630850697322,-0.0057330979370881305,-0.003424026923698994
umi_uma_mix,tdl_B_30ns,-8.0,3,0.35450462058738424,0.3595460491415895,-0.005041428554205252,0.9859783508503526,-0.005041428554205252,0.000675482572641602,-0.0067194202865974925,-0.003363436821813011,0.6284408039516873,0.6324002036341915,-0.003959399682504139,0.0005626986620485478,-0.00535722064930296,-0.0025615787157053185
umi_uma_mix,tdl_B_30ns,-6.0,3,0.31743668921199847,0.3203883229950328,-0.002951633783034313,0.9907873240964525,-0.00295163378303435,0.0004120204765987958,-0.003975149387005255,-0.001928118179063445,0.5916279620594449,0.594604832890593,-0.0029768708311480965,0.0005972503315740353,-0.004460522903222343,-0.00149321875907385
umi_uma_mix,tdl_B_30ns,-4.0,3,0.27385852955005785,0.2754566522292149,-0.0015981226791570435,0.9941982788717435,-0.001598122679157025,0.0004569583653165348,-0.002733270187182304,-0.0004629751711317466,0.5387288633687997,0.5405989171546182,-0.001870053785818541,0.0005958533975933977,-0.00335023568151053,-0.0003898718901265523
umi_uma_mix,tdl_B_30ns,-2.0,3,0.22421076268325618,0.22478777096595293,-0.0005770082826967449,0.9974330975381034,-0.0005770082826967634,0.000393522863692618,-0.0015545732688683448,0.00040055670347481783,0.46660461837862743,0.4673160288804843,-0.0007114105018568573,0.0005974397937643428,-0.002195533224103015,0.0007727122203893008
umi_uma_mix,tdl_B_30ns,0.0,3,0.1702805507330247,0.17006777539665316,0.00021277533637154011,1.001251120830359,0.0002127753363715216,0.0003317845489296223,-0.000611423173831622,0.0010369738465746652,0.3751826172257647,0.3747413765501093,0.0004412406756554114,0.0006164925609802379,-0.0010902117441467319,0.001972693095457555
umi_uma_mix,tdl_B_30ns,2.0,3,0.11627008885513117,0.1156452320240162,0.0006248568311149616,1.0054032217340807,0.0006248568311149663,0.0003899928318533483,-0.0003439390698406757,0.0015936527320706082,0.27068364417847296,0.269253823860192,0.0014298203182809277,0.0006220691612043686,-0.00011548514444185498,0.0029751257810037104
umi_uma_mix,tdl_B_30ns,4.0,3,0.06845469533661265,0.0676219610520351,0.0008327342845775437,1.0123145539055982,0.0008327342845775437,0.00036051269443141494,-6.282889525793746e-05,0.001728297464413025,0.1674525654978222,0.1654474729741061,0.002005092523716112,0.0005777331821038556,0.0005699237386684302,0.003440261308763794
umi_uma_mix,tdl_B_30ns,6.0,3,0.03308030116705247,0.032349857283227236,0.0007304438838252325,1.022579508695513,0.0007304438838252302,0.00020984578443843736,0.00020915805703027306,0.0012517297106201873,0.08426772646697951,0.08230139094370383,0.0019663355232756863,0.0004452725242997067,0.0008602172536149211,0.0030724537929364515
umi_uma_mix,tdl_B_30ns,8.0,3,0.012909406497154706,0.012429508162133488,0.00047989833502121854,1.0386095997332565,0.00047989833502121854,0.00013013831379815423,0.00015661684195946742,0.0008031798280829696,0.03343540841690552,0.032066596671938896,0.0013688117449666207,0.0002828672995453298,0.0006661304187186637,0.0020714930712145774
umi_uma_mix,tdl_B_30ns,10.0,3,0.00454156192732446,0.004271989987220293,0.00026957194010416696,1.0631021938044318,0.00026957194010416636,6.63101338636056e-05,0.00010484843589617619,0.0004342954443121565,0.011544661274478759,0.010769402924465177,0.0007752583500135827,0.00019797093671658863,0.00028347128026687187,0.0012670454197602934
umi_uma_mix,tdl_B_30ns,12.0,3,0.0019129058461130402,0.0017525943709008488,0.00016031147521219143,1.0914709517923362,0.00016031147521219135,5.221766220027521e-05,3.059561131616968e-05,0.000290027339108213,0.0047452671893147965,0.004256976971023336,0.0004882902182914593,0.00017657515873476922,4.9653207503622284e-05,0.0009269272290792962
umi_uma_mix,tdl_B_30ns,14.0,3,0.001060203269675926,0.0009376620068962192,0.00012254126277970673,1.1306880964339527,0.0001225412627797068,4.962412729014481e-05,-7.31903239076649e-07,0.0002458144287984903,0.00267724375661612,0.0022637404138179215,0.00041350334279819837,0.00019644012471132504,-7.448097911649408e-05,0.0009014876647128908
umi_uma_mix,tdl_B_30ns,16.0,3,0.0006885293089313271,0.0005855795777874229,0.00010294973114390428,1.175808267653209,0.00010294973114390435,5.099145511326002e-05,-2.3720065484732826e-05,0.00022961952777254152,0.0018178387695508807,0.0014095845200907565,0.00040825424946012425,0.00020455022452669922,-9.98766772527562e-05,0.0009163851761730047
umi_uma_mix,tdl_B_30ns,18.0,3,0.00048752772955246913,0.00038090458622685184,0.0001066231433256173,1.2799208704253215,0.0001066231433256173,3.805406486906982e-05,1.2091605695412476e-05,0.0002011546809558221,0.0013419463765235434,0.0009430788123934712,0.00039886756413007215,0.00018721740867314537,-6.620626106855189e-05,0.0008639413893286962
umi_uma_mix,tdl_B_30ns,20.0,3,0.00036536322699652775,0.0002593052240065586,0.00010605800298996913,1.4090083545223393,0.00010605800298996915,3.633234137610453e-05,1.580346361800672e-05,0.00019631254236193157,0.0010219209957203592,0.0006654782824446074,0.0003564427132757519,0.00015700225830449194,-3.3572517423070586e-05,0.0007464579439745744
umi_uma_mix,tdl_C_100ns,-10.0,3,0.3904368082682292,0.3963218029634452,-0.005884994695216028,0.985150969108407,-0.005884994695216046,0.0004958668750836863,-0.007116796299665547,-0.004653193090766546,0.6549297490237671,0.6581837203767565,-0.0032539713529893266,0.0003585965256969314,-0.004144774505809221,-0.002363168200169432
umi_uma_mix,tdl_C_100ns,-8.0,3,0.35985376805434993,0.3635474310980903,-0.0036936630437403584,0.9898399418403708,-0.0036936630437403584,0.000451755942518404,-0.004815887017099845,-0.002571439070380872,0.6308212096308484,0.6333820106070719,-0.002560800976223391,0.0004236709279159928,-0.003613257905671345,-0.001508344046775437
umi_uma_mix,tdl_C_100ns,-6.0,3,0.32345844786844136,0.325288466465326,-0.0018300185968846416,0.994374166976253,-0.00183001859688466,0.0004265954564567115,-0.0028897404579699766,-0.0007702967357993435,0.5947952645796316,0.5963730863582941,-0.0015778217786623916,0.0004282587728059894,-0.0026416755466176756,-0.0005139680107071076
umi_uma_mix,tdl_C_100ns,-4.0,3,0.2806497267734857,0.2812921029550058,-0.0006423761815200768,0.9977163376619115,-0.0006423761815200583,0.0002196445257676522,-0.00118800343117952,-9.674893186059662e-05,0.5431793486630475,0.5437592036194272,-0.0005798549563796515,0.0004056765527375235,-0.0015876113798457044,0.00042790146708640163
umi_uma_mix,tdl_C_100ns,-2.0,3,0.23199359281563464,0.23198106553819445,1.2527277440194107e-05,1.0000540012927828,1.2527277440194107e-05,0.00022178254267339164,-0.0005384111006433744,0.0005634656555237626,0.4733122598241877,0.47299380766020876,0.0003184521639788736,0.0004072442664723138,-0.0006931986762971475,0.0013301030042548946
umi_uma_mix,tdl_C_100ns,0.0,3,0.17959792525679977,0.17906678753134644,0.0005311377254533234,1.0029661431512549,0.0005311377254533048,0.0002340884219793828,-5.037015149167402e-05,0.0011126456023982838,0.3856990271144443,0.3846077926364946,0.0010912344779497503,0.00044418132899535053,-1.2173112304477004e-05,0.0021946420682039773
umi_uma_mix,tdl_C_100ns,2.0,3,0.12726866168740356,0.12659972391010801,0.0006689377772955418,1.0052838802221284,0.0006689377772955141,0.00035757458160035326,-0.00021932672565467474,0.0015572022802457029,0.2865311648742652,0.2848765848227489,0.0016545800515163078,0.0004975532960339134,0.00041858914518630485,0.002890570957846311
umi_uma_mix,tdl_C_100ns,4.0,3,0.08059136661482447,0.0798847528151524,0.0007066137996720734,1.00884541511078,0.0007066137996720687,0.00027293182245056286,2.8613566760382148e-05,0.0013846140325837553,0.1887118645288326,0.1868730652847408,0.0018387992440918415,0.0005159176207577433,0.000557188826162828,0.003120409662020855
umi_uma_mix,tdl_C_100ns,6.0,3,0.045066645115981865,0.044456010983314045,0.00061063413266782,1.013735693310338,0.0006106341326678246,0.00024672421283900643,-2.2627888705159483e-06,0.001223531054206165,0.10814982073174582,0.1065228538196764,0.0016269669120694368,0.0004535227468671931,0.0005003539533976742,0.0027535798707411996
umi_uma_mix,tdl_C_100ns,8.0,3,0.022751325442467208,0.022323890968605323,0.0004274344738618846,1.019146952225443,0.00042743447386188346,0.00013564820074528754,9.046566284676285e-05,0.000764403284877004,0.05487163912182972,0.053729571494055384,0.0011420676277743454,0.00026879838835221453,0.00047433541438578674,0.001809799841162904
umi_uma_mix,tdl_C_100ns,10.0,3,0.011288301444347993,0.011051225073543596,0.00023707637080439686,1.0214524968251668,0.0002370763708043986,5.8414847183442824e-05,9.196584598441848e-05,0.0003821868956243787,0.02675172753264139,0.02604926756962582,0.0007024599630155691,0.0001700903585933394,0.0002799320888128276,0.0011249878372183106
umi_uma_mix,tdl_C_100ns,12.0,3,0.005987944426359954,0.005827727141203704,0.00016021728515625,1.0274922420480992,0.0001602172851562503,9.476301391641486e-05,-7.518709140149019e-05,0.00039562166171399076,0.01394646045073499,0.013445339884241054,0.0005011205664939346,0.00018029424902911954,5.3244823252149916e-05,0.0009489963097357194
umi_uma_mix,tdl_C_100ns,14.0,3,0.003492661464361497,0.0033380955825617286,0.00015456588179976836,1.046303611738149,0.0001545658817997685,8.156592367146808e-05,-4.805510519389442e-05,0.0003571868687934314,0.008082629831070885,0.007614837341401497,0.00046779248966938937,0.00019521560716319883,-1.714996202518824e-05,0.000952734941363967
umi_uma_mix,tdl_C_100ns,16.0,3,0.002195664394048997,0.0020443009741512347,0.00015136341989776224,1.0740416513085145,0.00015136341989776237,5.153194687754406e-05,2.335096729452624e-05,0.00027937587250099853,0.00512488257214657,0.004639672493435627,0.00048521007871094295,0.00020554862738701095,-2.5401018198850504e-05,0.0009958211756207363
umi_uma_mix,tdl_C_100ns,18.0,3,0.0014558015046296296,0.0012908747166763116,0.00016492678795331796,1.1277635899306824,0.00016492678795331788,5.660814525959043e-05,2.430435951644014e-05,0.0003055492163901956,0.0034483456754206138,0.002962221027880815,0.0004861246475397988,0.00019401962323930289,4.153184613329953e-06,0.0009680961104662676
umi_uma_mix,tdl_C_100ns,20.0,3,0.0010058556073977622,0.0008540212372202932,0.00015183437017746908,1.1777875813389214,0.00015183437017746908,5.8610211687825183e-05,6.238533024597052e-06,0.0002974302073303411,0.0024159523107996784,0.001972373393881652,0.0004435789169180265,0.00017234674447194512,1.5445869461768857e-05,0.0008717119643742842
umi_uma_mix,tdl_C_10ns,-10.0,3,0.3842873278959298,0.3924581268687307,-0.00817079897280093,0.9791804566821115,-0.00817079897280093,0.000408076425401733,-0.00918451701045577,-0.007157080935146091,0.6524438306137368,0.6575397253036499,-0.005095894689913154,0.00044244266143361456,-0.006194983190508914,-0.003996806189317394
umi_uma_mix,tdl_C_10ns,-8.0,3,0.3530681280442226,0.35837206428433643,-0.005303936240113827,0.9851999171567524,-0.005303936240113845,0.0005577740669499716,-0.006689523834512732,-0.003918348645714958,0.6275935268696443,0.6321087222040435,-0.004515195334399184,0.0005466902486935713,-0.005873249197876125,-0.0031571414709222435
umi_uma_mix,tdl_C_10ns,-6.0,3,0.31571838002146024,0.3189835725007234,-0.003265192479263157,0.9897637597646012,-0.00326519247926312,0.00048218107716095594,-0.0044629966769760936,-0.0020673882815501468,0.5905204466831536,0.5940595066841737,-0.003539060001020111,0.0005907162014508262,-0.0050064803940412,-0.0020716396079990223
umi_uma_mix,tdl_C_10ns,-4.0,3,0.2717804143458237,0.2736023325978974,-0.0018219182520737287,0.993340998832962,-0.0018219182520736916,0.0003710275785696603,-0.0027436018521326557,-0.0009002346520147276,0.5371548272209403,0.5395715041660968,-0.0024166769451565337,0.0005934401179644254,-0.0038908639219129683,-0.0009424899684000992
umi_uma_mix,tdl_C_10ns,-2.0,3,0.22149290861906828,0.22236331892602237,-0.0008704103069540892,0.9960856389841722,-0.0008704103069540984,0.0005332198896383595,-0.002195001943509911,0.0004541813296017144,0.46417418085498574,0.46536519130071,-0.0011910104457243016,0.000599426031556896,-0.0026800672561756306,0.00029804636472702717
umi_uma_mix,tdl_C_10ns,0.0,3,0.1669737262490355,0.16694669370298032,2.703254605518346e-05,1.0001619232190562,2.7032546055174207e-05,0.0003826357268320784,-0.0009234872928671362,0.0009775523849774846,0.3713474181699164,0.3712438970436285,0.00010352112628793837,0.0006381486697343072,-0.0014817280499619784,0.001688770302537855
umi_uma_mix,tdl_C_10ns,2.0,3,0.11230346302927276,0.11176300048828125,0.000540462540991507,1.004835791260348,0.0005404625409915117,0.00041074335185861617,-0.00047988050924958447,0.0015608055912326078,0.2649156580000748,0.26364397671487594,0.0012716812851988335,0.00066233381334371,-0.00037364711835755743,0.0029170096887552247
umi_uma_mix,tdl_C_10ns,4.0,3,0.06411526526933835,0.06334733374324845,0.0007679315260898933,1.012122554821366,0.0007679315260898933,0.0004118923607657981,-0.00025526582050877785,0.0017911288726885645,0.15985729848897015,0.15784995165871984,0.0020073468302503152,0.0006533366342667393,0.0003843686585392387,0.0036303250019613918
umi_uma_mix,tdl_C_10ns,6.0,3,0.029143062638647764,0.028377014913676696,0.0007660477249710682,1.0269953597057828,0.0007660477249710635,0.00022978653999547184,0.00019522631529421907,0.001336869134647908,0.07617160466350155,0.0740946185901577,0.002076986073343843,0.0005499835317733396,0.0007107512411726731,0.003443220905515013
umi_uma_mix,tdl_C_10ns,8.0,3,0.00997359664351852,0.00944311824845679,0.000530478395061729,1.056176188956272,0.0005304783950617285,0.00014276767430543172,0.00017582383128737918,0.0008851329588360778,0.026929084878460862,0.025427645072340965,0.0015014398061198957,0.00034715560609623465,0.0006390574731382642,0.002363822139101527
umi_uma_mix,tdl_C_10ns,10.0,3,0.0027821858723958335,0.002519301426263503,0.0002628844461323304,1.1043481511945266,0.00026288444613233026,6.503432881752719e-05,0.00010133021735226404,0.00042443867491239644,0.007594143839575994,0.006718446960511767,0.0008756968790642276,0.0002608478320991373,0.00022771494229407324,0.001523678815834382
umi_uma_mix,tdl_C_10ns,12.0,3,0.0009776927806712963,0.0008250106999903549,0.00015268208068094143,1.1850667884461699,0.00015268208068094135,5.9678079120284055e-05,4.433513767848499e-06,0.0003009306475940342,0.0027317464248173763,0.0021615878004799193,0.0005701586243374571,0.0002495359345219481,-4.972300106868756e-05,0.001190040249743602
umi_uma_mix,tdl_C_10ns,14.0,3,0.0005455488040123457,0.0004247971522955247,0.00012075165171682102,1.2842572062084259,0.00012075165171682098,5.538831803971576e-05,-1.6840557921232564e-05,0.00025834386135487454,0.0015629480956165396,0.0010989472293995615,0.0004640008662169782,0.00024855895019593123,-0.00015345379558102766,0.001081455528014984
umi_uma_mix,tdl_C_10ns,16.0,3,0.0003681889286747685,0.0002669346185378086,0.0001012543101369599,1.3793225123500354,0.00010125431013695989,4.9264820956970415e-05,-2.1126289469480762e-05,0.00022363490974340052,0.0011046111289213087,0.0006986100289440748,0.0004060010999772337,0.0002222373781608991,-0.00014606715209353698,0.0009580693520480044
umi_uma_mix,tdl_C_10ns,18.0,3,0.0002699487003279321,0.00018235194830246913,8.759675202546296e-05,1.4803719008264462,8.759675202546297e-05,3.568895897498675e-05,-1.0595368607461709e-06,0.00017625304091167213,0.0008559387298966477,0.0005038799456682974,0.0003520587842283504,0.00018235809210918161,-0.00010094382943994434,0.000805061397896645
umi_uma_mix,tdl_C_10ns,20.0,3,0.00021428237726658952,0.00013676396122685186,7.751841603973765e-05,1.5668044077134986,7.751841603973767e-05,3.282722769663363e-05,-4.028938256751667e-06,0.000159065770336227,0.0007034549164557204,0.00039987585432193297,0.00030357906213378743,0.00015234937466647403,-7.487776485101401e-05,0.0006820358891185889
umi_uma_mix,tdl_C_300ns,-10.0,3,0.3998076827437789,0.40083049256124614,-0.0010228098174672184,0.9974482734311664,-0.0010228098174672,0.0002332106792533603,-0.0016021372606051698,-0.0004434823743292302,0.659193973482391,0.6596661887051147,-0.0004722152227237079,0.00026527816003939957,-0.001131202704206103,0.00018677225875868704
umi_uma_mix,tdl_C_300ns,-8.0,3,0.3697421226972415,0.36939597424165704,0.0003461484555844496,1.0009370661288204,0.00034614845558448665,0.00036555407045767824,-0.0005619381965574202,0.0012542351077263934,0.6360306820751708,0.635777062839932,0.00025361923523888513,0.0002770222012314239,-0.00043454206185806387,0.0009417805323358342
umi_uma_mix,tdl_C_300ns,-6.0,3,0.33366610680097414,0.3327820389359086,0.0008840678650655631,1.0026565972968144,0.0008840678650655631,0.00034676256822004277,2.2661892294362955e-05,0.0017454738378367633,0.6011561354001363,0.6002010232136573,0.0009551121864789606,0.00021002748935127093,0.00043337497965760627,0.0014768493933003148
umi_uma_mix,tdl_C_300ns,-4.0,3,0.2916734483506944,0.2905184898847415,0.0011549584659529266,1.0039755076050791,0.0011549584659529266,0.00016541203240457434,0.0007440521982640027,0.0015658647336418505,0.5513379849769451,0.5499623476723094,0.001375637304635709,0.00014632778969449214,0.0010121389239648795,0.0017391356853065387
umi_uma_mix,tdl_C_300ns,-2.0,3,0.24442545572916666,0.24337467146508487,0.0010507842640817833,1.0043175580176695,0.0010507842640817926,0.0001318426296369907,0.0007232690157718952,0.00137829951239169,0.48461560040344426,0.4831130265453716,0.0015025738580727126,0.0001518366243176334,0.0011253907735662273,0.0018797569425791979
umi_uma_mix,tdl_C_300ns,0.0,3,0.19390520637418018,0.19310346061800732,0.0008017457561728669,1.004151897400528,0.0008017457561728484,0.0001027228389895995,0.0005465680779711305,0.0010569234343745662,0.4021318330440992,0.4006488356325361,0.0014829974115630844,0.00018155726906354458,0.0010319841526229701,0.0019340106705031986
umi_uma_mix,tdl_C_300ns,2.0,3,0.14361007125289352,0.14295450846354166,0.0006555627893518601,1.0045858140215218,0.0006555627893518415,8.824653221483974e-05,0.0004363462507375235,0.0008747793279661596,0.30991557718795026,0.3085342601493553,0.0013813170385949536,0.00021556372676589675,0.0008458270556302069,0.0019168070215597002
umi_uma_mix,tdl_C_300ns,4.0,3,0.09865522973331405,0.09820321165485146,0.00045201807846258213,1.0046028848837578,0.00045201807846258213,7.106869106374707e-05,0.0002754736628597549,0.0006285624940654093,0.2190420037066495,0.21787647958155032,0.0011655241250991728,0.0002930403359515857,0.00043757157547047606,0.0018934766747278696
umi_uma_mix,tdl_C_300ns,6.0,3,0.06287318100163966,0.0625485078788098,0.00032467312282985494,1.0051907412956824,0.0003246731228298573,0.00018408812103745458,-0.00013262712094174096,0.0007819733666014555,0.14207262950546948,0.14111494254550816,0.000957686959961318,0.00038030164539790476,1.2965300752152656e-05,0.0019024086191704835
umi_uma_mix,tdl_C_300ns,8.0,3,0.03809554488570602,0.03788606620129244,0.00020947868441358042,1.00552917485021,0.00020947868441358042,0.00012514902686600897,-0.00010140873282481942,0.0005203661016519802,0.08650146939872223,0.08571898721066522,0.0007824821880570201,0.00034203393722865715,-6.717721414308605e-05,0.0016321415902571263
umi_uma_mix,tdl_C_300ns,10.0,3,0.022660526228539736,0.02248034065152392,0.00018018557701581644,1.0080152511836427,0.0001801855770158176,0.0001340271542051626,-0.00015275633115632481,0.0005131274851879601,0.05139442717219576,0.050767209104917665,0.0006272180672780963,0.0002883198940897084,-8.900825470494508e-05,0.0013434443892611377
umi_uma_mix,tdl_C_300ns,12.0,3,0.01361846923828125,0.01342764018494406,0.00019082905333719057,1.0142116597338646,0.00019082905333719113,0.00012762206891680334,-0.00012620174092256242,0.0005078598475969447,0.030825186543810515,0.030244555623259072,0.0005806309205514416,0.00022512453345732283,2.1390577128875326e-05,0.0011398712639740078
umi_uma_mix,tdl_C_300ns,14.0,3,0.008394029405381944,0.008181254069010416,0.00021277533637152797,1.0260076675992125,0.00021277533637152797,0.00010732422676724894,-5.383282273546588e-05,0.0004793834954785218,0.018952343152996935,0.01833527539799243,0.0006170677550045069,0.00019430360460713503,0.00013439084325274532,0.0010997446667562686
umi_uma_mix,tdl_C_300ns,16.0,3,0.005325034812644676,0.0050821186583719135,0.00024291615427276224,1.0477982059455853,0.00024291615427276224,9.126462344746771e-05,1.6202261409688077e-05,0.00046963004713583643,0.011996554429240433,0.011304639124621948,0.000691915304618485,0.0001639009407986503,0.0002847627965738875,0.0010990678126630827
umi_uma_mix,tdl_C_300ns,18.0,3,0.0034507468894675927,0.003173828125,0.00027691876446759266,1.0872507122507122,0.00027691876446759266,9.527141410314512e-05,4.025145183328714e-05,0.0005135860771018981,0.007844334166428005,0.00711503930757811,0.000729294858849895,0.00016145052015492957,0.00032822953313624455,0.0011303601845635454
umi_uma_mix,tdl_C_300ns,20.0,3,0.00231726375626929,0.0020413810824170524,0.00027588267385223776,1.135145111428967,0.0002758826738522376,7.021987117688736e-05,0.00010144684374092155,0.0004503185039635536,0.005311924498528242,0.0046200247317621556,0.0006918997667660862,0.00015945457961882644,0.00029579263220876723,0.001088006901323405
umi_uma_mix,tdl_C_30ns,-10.0,3,0.38574633186246143,0.39340906967351463,-0.0076627378110532,0.9805222136403403,-0.007662737811053255,0.0004758400243910773,-0.00884478996044778,-0.006480685661658729,0.6530347532696195,0.6577260273474234,-0.0046912740778040085,0.0004203525577143098,-0.005735487718692103,-0.0036470604369159138
umi_uma_mix,tdl_C_30ns,-8.0,3,0.3547006300937982,0.35976909119405864,-0.005068461100260435,0.9859119050960202,-0.005068461100260417,0.0005431081690575844,-0.006417616584626775,-0.003719305615894059,0.6283855305777656,0.632475961137701,-0.00409043055993541,0.0005129862209483235,-0.005364758977049352,-0.0028161021428214673
umi_uma_mix,tdl_C_30ns,-6.0,3,0.3177283016251929,0.32073729715229554,-0.0030089955271026536,0.9906185044464165,-0.0030089955271026167,0.00048287218181697973,-0.004208516523954449,-0.0018094745302507842,0.5916106998920441,0.5947260054541222,-0.0031153055620782486,0.0005483459106238681,-0.004477472317794304,-0.0017531388063621938
umi_uma_mix,tdl_C_30ns,-4.0,3,0.27412150818624614,0.2757549521363812,-0.0016334439501350384,0.9940764655811977,-0.00163344395013502,0.0003509710693598002,-0.002505304419297829,-0.0007615834809722109,0.5387569621757224,0.5407720579777235,-0.002015095802001025,0.0005450790970529802,-0.003369147342928074,-0.0006610442610739758
umi_uma_mix,tdl_C_30ns,-2.0,3,0.22439273787133487,0.22506525487075618,-0.0006725169994213076,0.9970119021711836,-0.0006725169994212984,0.00039711444676230695,-0.0016590039725415135,0.0003139699736989166,0.4666833748788009,0.46754451298419336,-0.0008611381053924561,0.0005433333671731774,-0.0022108530128903945,0.0004885768021054824
umi_uma_mix,tdl_C_30ns,0.0,3,0.17046356201171875,0.1703618367513021,0.00010172526041665741,1.000597112958844,0.00010172526041666667,0.00033203870451288926,-0.0007231046072555461,0.0009265551280888794,0.37534768382708233,0.37503377706916247,0.0003139067579198869,0.000574636227101078,-0.001113568764413512,0.0017413822802532857
umi_uma_mix,tdl_C_30ns,2.0,3,0.1163890508957851,0.1158702520676601,0.000518798828125,1.0044774117503608,0.0005187988281250047,0.0003488490946939858,-0.00034779036374687784,0.0013853880199968872,0.2709239736015414,0.2696029505244008,0.001321023077140604,0.0005987130393356044,-0.00016626256244556313,0.002808308716726771
umi_uma_mix,tdl_C_30ns,4.0,3,0.06851883876470873,0.06777577341338735,0.0007430653513213759,1.0109635835033437,0.0007430653513213712,0.0003008994618990692,-4.410349455599054e-06,0.0014905410520983414,0.1677559365828832,0.16586383956450002,0.0018920970183831747,0.0005897947410790648,0.00042696565982154816,0.003357228376944801
umi_uma_mix,tdl_C_30ns,6.0,3,0.03327254307122878,0.03255151819299768,0.0007210248782310996,1.0221502688125375,0.0007210248782310996,0.00022543439016272407,0.00016101480808137852,0.0012810349483808208,0.08467531268611367,0.08279072171376076,0.0018845909723529074,0.00048968812084059,0.0006681382443308971,0.0031010437003749177
umi_uma_mix,tdl_C_30ns,8.0,3,0.013112103497540509,0.012613084581163194,0.0004990189163773147,1.0395635907431056,0.0004990189163773152,0.0001423761133176476,0.00014533704401920727,0.0008527007887354232,0.033941990362457285,0.032582442126708265,0.0013595482357490172,0.00030904587400706245,0.0005918357254383605,0.002127260746059674
umi_uma_mix,tdl_C_30ns,10.0,3,0.004667305652006173,0.004387278615692516,0.00028002703631365734,1.0638270465231112,0.0002800270363136576,6.094154851001485e-05,0.00012863983744177424,0.000431414235185541,0.011930037422082674,0.011144651479467199,0.0007853859426154771,0.00021908771391234046,0.0002411418902841969,0.0013296299949467573
umi_uma_mix,tdl_C_30ns,12.0,3,0.0019571751724054786,0.0018101444950810186,0.00014703067732446,1.0812259340201895,0.00014703067732445993,7.74285228561661e-05,-4.531243627489822e-05,0.0003393737909238181,0.004973278757483687,0.004472738954692757,0.0005005398027909299,0.00021904739794469637,-4.360409912473602e-05,0.0010446837047065958
umi_uma_mix,tdl_C_30ns,14.0,3,0.0010778168101369598,0.0009552755473572531,0.00012254126277970673,1.1282784460658646,0.00012254126277970676,5.008537957888619e-05,-1.8777174442133956e-06,0.00024696024300362694,0.0027497395492923436,0.002327221470351768,0.00042251807894057547,0.0002187551216735123,-0.00012089976846756519,0.0009659359263487161
umi_uma_mix,tdl_C_30ns,16.0,3,0.0006865513177565587,0.0005725813500675154,0.00011396996768904327,1.1990458957065309,0.00011396996768904323,4.1439021889965915e-05,1.1029730670260128e-05,0.00021691020470782633,0.0017993024312652128,0.0013943803043034286,0.0004049221269617843,0.0002141138654588859,-0.0001269662008532737,0.0009368104547768422
umi_uma_mix,tdl_C_30ns,18.0,3,0.00046953742886766974,0.0003681889286747685,0.00010134850019290122,1.2752622154003581,0.00010134850019290124,4.6190788068214306e-05,-1.3395778387132368e-05,0.00021609277877293484,0.0012974842125116498,0.0009135137930727832,0.0003839704194388666,0.00018723022415213095,-8.11352411744009e-05,0.000849076080052134
umi_uma_mix,tdl_C_30ns,20.0,3,0.0003565093617380401,0.00025506667148919755,0.00010144269024884255,1.3977104874446085,0.00010144269024884259,4.030068791838738e-05,1.3302315775305917e-06,0.0002015551489201546,0.0009947156324336519,0.000650391742819471,0.0003443238896141809,0.0001597531784085042,-5.25250054572875e-05,0.0007411727846856493
umi_uma_mix,tdl_D_100ns,-10.0,3,0.3844417053976177,0.3922451631522473,-0.007803457754629595,0.9801056622549078,-0.007803457754629632,0.0005547573527612441,-0.009181551415546446,-0.006425364093712817,0.6524196355431168,0.6572090431495948,-0.004789407606478058,0.00039710128124590435,-0.005775861874642481,-0.0038029533383136345
umi_uma_mix,tdl_D_100ns,-8.0,3,0.35327186113522374,0.35854000515407985,-0.0052681440188561135,0.9853066772378938,-0.0052681440188561135,0.000513765745020641,-0.00654440888111539,-0.003991879156596837,0.6275792416231133,0.6317927594538087,-0.004213517830695605,0.00048404952280576847,-0.005415963504697387,-0.003011072156693823
umi_uma_mix,tdl_D_100ns,-6.0,3,0.31616333384572726,0.31936183976538385,-0.0031985059196565913,0.9899846959736757,-0.00319850591965661,0.0004821190585252087,-0.004396156054537686,-0.002000855784775534,0.5905388869621135,0.5938149837800014,-0.0032760968178878747,0.0005344304570026843,-0.004603695670486134,-0.0019484979652896154
umi_uma_mix,tdl_D_100ns,-4.0,3,0.2723068425684799,0.2741562643168885,-0.001849421748408575,0.9932541328099259,-0.0018494217484085935,0.00040818011419269497,-0.0028633973632993565,-0.0008354461335178306,0.5373048053847419,0.5394934356948475,-0.0021886303101057067,0.0005647056848644139,-0.0035914369979699514,-0.0007858236222414623
umi_uma_mix,tdl_D_100ns,-2.0,3,0.22236209445529515,0.22314330677927277,-0.0007812123239776259,0.9964990555385541,-0.0007812123239776166,0.00038426512693622727,-0.0017357798171463254,0.00017335516919109216,0.4646276379073108,0.4656706871809783,-0.001043049273667514,0.0006063642051292897,-0.0025493414627413436,0.00046324291540631563
umi_uma_mix,tdl_D_100ns,0.0,3,0.16802102548104744,0.16800915753399884,1.1867947048604943e-05,1.0000706386915024,1.1867947048614194e-05,0.00034110947940481937,-0.0008354949746082875,0.0008592308687055158,0.37237938097965567,0.3722615786540655,0.00011780232559016612,0.0007139315800653043,-0.001655702036126254,0.0018913066873065861
umi_uma_mix,tdl_D_100ns,2.0,3,0.11353556315104167,0.11312885048948688,0.0004067126615547867,1.0035951276778206,0.0004067126615547821,0.0003838293550102483,-0.0005467723141388396,0.0013601976372484036,0.26681076689266864,0.26569471259911853,0.001116054293550069,0.0008100014985917276,-0.0008961009757515956,0.003128209562851734
umi_uma_mix,tdl_D_100ns,4.0,3,0.06544014259620949,0.06482404544029707,0.0006160971559124179,1.0095041454405964,0.0006160971559124225,0.0003599709194610745,-0.00027812018028790274,0.0015103144921127477,0.1625143361312372,0.16080758343508214,0.0017067526961550377,0.0007751647464768782,-0.0002188632834599772,0.0036323686757700523
umi_uma_mix,tdl_D_100ns,6.0,3,0.030299433955439815,0.029667512870129243,0.0006319210853105717,1.0213001031827924,0.0006319210853105717,0.0002809836507238287,-6.608099786402442e-05,0.0013299231684851679,0.07868440807969482,0.07699189376499918,0.0016925143146956367,0.0006181244463946508,0.00015700806679414263,0.003228020562597131
umi_uma_mix,tdl_D_100ns,8.0,3,0.01024627685546875,0.009865089699074073,0.00038118715639467657,1.038640009165903,0.00038118715639467597,0.00013436174338794086,4.7414082615619116e-05,0.0007149602301737329,0.027882025335673934,0.026808219651381176,0.0010738056842927585,0.0003371403058295282,0.0002363027363990912,0.0019113086321864256
umi_uma_mix,tdl_D_100ns,10.0,3,0.0024178587360146604,0.002272711859809028,0.00014514687620563243,1.0638650586431264,0.00014514687620563287,5.3888237520761424e-05,1.1281073155515909e-05,0.0002790126792557498,0.00681168529101544,0.0063741062882781765,0.0004375790027372634,0.00012661485384350544,0.0001230502694250266,0.0007521077360495001
umi_uma_mix,tdl_D_100ns,12.0,3,0.0004108570240162037,0.00037101463035300923,3.984239366319449e-05,1.1073876618431076,3.984239366319444e-05,1.019996114534734e-05,1.4504285522696109e-05,6.518050180369276e-05,0.001221890027353103,0.0010795281186015747,0.00014236190875152837,3.151974150951626e-05,6.406253020017211e-05,0.00022066128730288464
umi_uma_mix,tdl_D_100ns,14.0,3,5.943392529899691e-05,4.992072964891975e-05,9.513195650077162e-06,1.1905660377358491,9.51319565007716e-06,2.194850629214262e-06,4.060884430182022e-06,1.4965506869972298e-05,0.0002041401751705928,0.00016338503182514275,4.075514334545006e-05,6.672541269205204e-06,2.4179631944783632e-05,5.7330654746116484e-05
umi_uma_mix,tdl_D_100ns,16.0,3,1.2338897328317902e-05,9.230625482253087e-06,3.108271846064815e-06,1.336734693877551,3.108271846064814e-06,1.1302806712962962e-06,3.004990055296116e-07,5.9160446866000156e-06,4.5054049785252526e-05,3.566672455830777e-05,9.387325226944759e-06,2.236148633972977e-06,3.832424076004594e-06,1.4942226377884923e-05
umi_uma_mix,tdl_D_100ns,18.0,3,3.5792221257716047e-06,2.2605613425925925e-06,1.3186607831790123e-06,1.5833333333333333,1.3186607831790125e-06,1.6314196245818663e-07,9.133936818524333e-07,1.7239278845055917e-06,1.560883780863757e-05,1.9239284989048934e-05,-3.6304471804113654e-06,2.4972611356992278e-06,-9.833987743923576e-06,2.5730933831008454e-06
umi_uma_mix,tdl_D_100ns,20.0,3,1.2244707272376543e-06,4.709502797067901e-07,7.535204475308642e-07,2.6,7.535204475308642e-07,6.525678498327476e-07,-8.67547957775455e-07,2.3745888528371835e-06,7.979286866755523e-06,2.4008154030997065e-05,-1.602886716424154e-05,8.12325069065987e-06,-3.620814054767053e-05,4.150406219187451e-06
umi_uma_mix,tdl_D_10ns,-10.0,3,0.38296565303096064,0.3908098950798129,-0.007844242048852257,0.9799282409488371,-0.00784424204885222,0.0005885548156371345,-0.009306293261863673,-0.0063821908358407675,0.6518275237377779,0.6568962828612622,-0.005068759123484294,0.00042056501230617715,-0.006113500530836101,-0.004024017716132487
umi_uma_mix,tdl_D_10ns,-8.0,3,0.3515710712950907,0.35693623107156636,-0.00536515977647567,0.9849688563126001,-0.005365159776475688,0.0005364757425938029,-0.006697839400142336,-0.00403248015280904,0.6267298099435407,0.6312412796197114,-0.0045114696761708135,0.0005103918982894379,-0.005779353438531127,-0.0032435859138104997
umi_uma_mix,tdl_D_10ns,-6.0,3,0.31403143611955053,0.31748058177806715,-0.003449145658516617,0.9891358846604114,-0.00344914565851658,0.0005221459626966443,-0.004746228135538275,-0.0021520631814948847,0.5892857677406735,0.5928836424409607,-0.0035978747002871994,0.0005681450809110537,-0.005009225321576868,-0.0021865240789975303
umi_uma_mix,tdl_D_10ns,-4.0,3,0.2698189064308449,0.27182110444999036,-0.0020021980191454736,0.9926341333091234,-0.0020021980191454367,0.00043657688376217194,-0.003086715120218275,-0.0009176809180725988,0.5353788262532081,0.5379084679815503,-0.002529641728342321,0.0006076398802247868,-0.004039102870028935,-0.001020180586655707
umi_uma_mix,tdl_D_10ns,-2.0,3,0.2193671332465278,0.22029264473620755,-0.0009255114896797589,0.9957987181515388,-0.0009255114896797775,0.00043020547873522374,-0.0019942011432477424,0.00014317816388818752,0.4615599715415342,0.46291247267781954,-0.0013525011362852852,0.0006520082458049139,-0.0029721794081223633,0.0002671771355517926
umi_uma_mix,tdl_D_10ns,0.0,3,0.16429806932990934,0.16440224353178048,-0.00010417420187114335,0.9993663456189331,-0.0001041742018711526,0.0004434346493340074,-0.0012057269370199706,0.0009973785332776652,0.3674838690110194,0.3675693354488891,-8.546643786960795e-05,0.0007525612382067078,-0.0019549321901707207,0.0017839993144315046
umi_uma_mix,tdl_D_10ns,2.0,3,0.10901641845703125,0.10870549708236883,0.00031092137466241787,1.0028602175879553,0.00031092137466242714,0.0004125124123070546,-0.0007138162653531662,0.0013356590146780206,0.259466904916881,0.25839107639995623,0.0010758285169248187,0.0008432534974434499,-0.0010189292967185948,0.003170586330568232
umi_uma_mix,tdl_D_10ns,4.0,3,0.06069889775028935,0.06001978744695216,0.0006791103033371923,1.0113147735475974,0.00067911030333719,0.00034346695456878253,-0.00017410891127924756,0.0015323295179536277,0.1529601107776901,0.15114900469779968,0.0018111060798903973,0.0008281963892156564,-0.00024624780337304127,0.0038684599631538356
umi_uma_mix,tdl_D_10ns,6.0,3,0.02589284637827932,0.02522202479986497,0.0006708215784143531,1.0265966584260096,0.0006708215784143509,0.0002563943981644996,3.3902584828434746e-05,0.001307740572000267,0.06882952512414367,0.06703302728725068,0.001796497836892989,0.0006519947744983705,0.0001768530296365233,0.0034161426441494547
umi_uma_mix,tdl_D_10ns,8.0,3,0.0074097433207947535,0.007053799099392361,0.0003559442214023925,1.0504613494638733,0.0003559442214023916,0.00010878780205231718,8.570033973563727e-05,0.000626188103069146,0.020724884912739567,0.019659612304818483,0.001065272607921083,0.00031447825552733674,0.00028406531381078965,0.0018464799020313763
umi_uma_mix,tdl_D_10ns,10.0,3,0.0011925402982735339,0.0010692455150462963,0.00012329478322723754,1.1153100775193798,0.00012329478322723768,6.048343870826763e-05,-2.695440780996013e-05,0.0002735439742644355,0.0035289140205462407,0.0031709479380766918,0.00035796608246954864,0.0001021435509396791,0.0001042274355586584,0.0006117047293804389
umi_uma_mix,tdl_D_10ns,12.0,3,9.174111448688272e-05,7.657651548032407e-05,1.5164599006558648e-05,1.1980319803198034,1.516459900655864e-05,5.709968686036539e-06,9.802504601283526e-07,2.9348947552988927e-05,0.00033272823956967504,0.0002622444654763159,7.048377409335916e-05,1.876029234800359e-05,2.388062438646966e-05,0.00011708692380024867
umi_uma_mix,tdl_D_10ns,14.0,3,3.3908420138888887e-06,1.5070408950617283e-06,1.8838011188271604e-06,2.25,1.8838011188271604e-06,4.316330610633982e-07,8.115651541610155e-07,2.9560370834933053e-06,2.8244548744107397e-05,2.0590920883725267e-05,7.653627860382125e-06,1.9199492670301397e-06,2.8842094813257835e-06,1.2423046239438466e-05
umi_uma_mix,tdl_D_10ns,16.0,3,1.8838011188271604e-07,0.0,1.8838011188271604e-07,inf,1.8838011188271604e-07,1.631419624581869e-07,-2.1688698944386376e-07,5.936472132092959e-07,6.584423194178754e-06,9.312373285753477e-06,-2.7279500915747236e-06,1.0213730913418153e-06,-5.265181505639361e-06,-1.9071867751008623e-07
umi_uma_mix,tdl_D_10ns,18.0,3,0.0,0.0,0.0,inf,0.0,0.0,0.0,0.0,3.719368873202324e-06,9.725101167364133e-06,-6.005732294161809e-06,2.2443189888761786e-06,-1.1580929731836164e-05,-4.305348564874545e-07
umi_uma_mix,tdl_D_10ns,20.0,3,0.0,0.0,0.0,inf,0.0,0.0,0.0,0.0,3.070977920377814e-06,1.2202562146863606e-05,-9.13158422648579e-06,4.05911115342897e-06,-1.921497531928429e-05,9.51806866312706e-07
umi_uma_mix,tdl_D_300ns,-10.0,3,0.3860013043438947,0.3937190491476177,-0.007717744803723003,0.9803978374416185,-0.007717744803723022,0.00039261447902086183,-0.008693053237274633,-0.006742436370171411,0.6531744260846832,0.6578639723636486,-0.004689546278965377,0.0003687522536229731,-0.005605577658517577,-0.003773514899413177
umi_uma_mix,tdl_D_300ns,-8.0,3,0.3551959755979938,0.3605308061764564,-0.005334830578462568,0.9852028440092536,-0.0053348305784626055,0.0004473574233053207,-0.006446128024368602,-0.004223533132556609,0.6286989980273777,0.6328859976780268,-0.004186999650649059,0.0004397355678808509,-0.0052793633580609095,-0.003094635943237209
umi_uma_mix,tdl_D_300ns,-6.0,3,0.3183216047875675,0.3216530128761574,-0.0033314080885898933,0.989642851286232,-0.0033314080885898933,0.0004354889739761013,-0.004413222671936069,-0.0022495935052437173,0.5922208553479041,0.5955749132015087,-0.003354057853604542,0.0004512749424497273,-0.004475086956554028,-0.0022330287506550552
umi_uma_mix,tdl_D_300ns,-4.0,3,0.2749549018012153,0.27697537269121336,-0.0020204708899980717,0.9927052327058312,-0.0020204708899980717,0.00033048080120321154,-0.0028414307113073076,-0.0011995110686888358,0.5398611463146445,0.5422701949690595,-0.00240904865441501,0.00042159158628421385,-0.003456340212899655,-0.001361757095930365
umi_uma_mix,tdl_D_300ns,-2.0,3,0.2256699550298997,0.2266437860182774,-0.0009738309883776941,0.9957032530850012,-0.0009738309883777033,0.0002657836933548142,-0.0016340742842335131,-0.0003135876925218935,0.4685589483490697,0.46998930087795965,-0.0014303525288899555,0.00041508641737496977,-0.0024614843519652338,-0.00039922070581467715
umi_uma_mix,tdl_D_300ns,0.0,3,0.17220033245322144,0.1723496236918885,-0.00014929123866705418,0.9991337884268668,-0.00014929123866704494,0.000286904100912686,-0.000862000535426874,0.000563418058092784,0.37834564292872397,0.3787848953111672,-0.00043925238244328185,0.00045535126054460417,-0.0015704076208977232,0.0006919028560111594
umi_uma_mix,tdl_D_300ns,2.0,3,0.11858593976056134,0.11834697958863812,0.00023896017192322205,1.0020191488853694,0.0002389601719232313,0.0002603698699541726,-0.00040783444105778246,0.000885754784904245,0.27534297862906515,0.2748691728453577,0.0004738057837074261,0.0005067077624256826,-0.0007849260778181771,0.0017325376452330293
umi_uma_mix,tdl_D_300ns,4.0,3,0.07098332157841435,0.07049230881679205,0.000491012761622292,1.0069654799206311,0.0004910127616222967,0.00023201305185138876,-8.53396101216981e-05,0.0010673651333662913,0.1732672647929486,0.1721462909086251,0.0011209738843234913,0.0004980433959429843,-0.00011623449767320603,0.0023581822663201885
umi_uma_mix,tdl_D_300ns,6.0,3,0.03513957836009838,0.034615504888840666,0.0005240734712577133,1.0151398476763707,0.0005240734712577156,0.00024827457130919623,-9.267475422329976e-05,0.001140821696738731,0.08976050208748122,0.08842578355544879,0.00133471853203244,0.00045229032234022975,0.00021116708560510824,0.0024582699784597714
umi_uma_mix,tdl_D_300ns,8.0,3,0.013846220793547455,0.013469743139949846,0.0003764776535976084,1.0279498762289694,0.0003764776535976078,0.0001745122640736319,-5.703484276693688e-05,0.0008099901499621525,0.036588437027401395,0.035548031560064836,0.001040405467336562,0.00031243566631266716,0.0002642722461242347,0.0018165386885488893
umi_uma_mix,tdl_D_300ns,10.0,3,0.004307499638310185,0.0041028246467496145,0.0002046749915605708,1.0498863610275717,0.0002046749915605711,5.039766548323972e-05,7.948025014476909e-05,0.0003298697329763731,0.011632980962778315,0.011067163026719182,0.0005658179360591332,0.00014404871532464744,0.0002079810899785314,0.000923654782139735
umi_uma_mix,tdl_D_300ns,12.0,3,0.0011496838228202161,0.001065477912808642,8.420591001157408e-05,1.079031117397454,8.420591001157408e-05,2.2884694807266144e-05,2.735717661680935e-05,0.0001410546434063388,0.0031215690398289832,0.002882522898783654,0.00023904614104532906,4.8394941368500164e-05,0.00011882644212937049,0.00035926583996128764
umi_uma_mix,tdl_D_300ns,14.0,3,0.0003019733193479938,0.00027748390480324077,2.448941454475306e-05,1.088255261371351,2.4489414544753077e-05,1.2151612400286709e-05,-5.696864078507318e-06,5.467569316801347e-05,0.0008314085249748818,0.0007302424206432921,0.0001011661043315896,1.1971883816036737e-05,7.142629626236085e-05,0.00013090591240081837
umi_uma_mix,tdl_D_300ns,16.0,3,0.00010408001181520061,8.938636308834876e-05,1.469364872685185e-05,1.1643835616438356,1.4693648726851858e-05,4.0752849160246526e-06,4.570079780447018e-06,2.4817217673256698e-05,0.00027862902550870427,0.00023194236544238974,4.668666006631454e-05,1.1176690804311245e-06,4.391021615425386e-05,4.9463103978375224e-05
umi_uma_mix,tdl_D_300ns,18.0,3,5.3029001494984566e-05,4.483446662808642e-05,8.194534866898144e-06,1.1827731092436973,8.194534866898149e-06,1.0188212290061608e-06,5.6636426302969445e-06,1.0725427103499353e-05,0.00013287524863115347,0.00011629183911371698,1.658340951743648e-05,5.597759378158775e-06,2.67780434432523e-06,3.0489014690547727e-05
umi_uma_mix,tdl_D_300ns,20.0,3,3.174204885223765e-05,2.4866174768518517e-05,6.875874083719136e-06,1.2765151515151516,6.875874083719135e-06,1.8814448938664768e-06,2.2021058701095535e-06,1.1549642297328717e-05,8.179742613203507e-05,8.79650244516799e-05,-6.1675983196448525e-06,1.2242577600921708e-05,-3.6579847028268085e-05,2.4244650388978378e-05
umi_uma_mix,tdl_D_30ns,-10.0,3,0.3834464932665413,0.39123252586082174,-0.0077860325942804565,0.9800987083649321,-0.007786032594280494,0.0005398526042942202,-0.009127100807444829,-0.006444964381116159,0.6520208319028219,0.6569780825096884,-0.004957250606866544,0.00041175955750172424,-0.005980118051868673,-0.003934383161864415
umi_uma_mix,tdl_D_30ns,-8.0,3,0.35217021424093364,0.35745653694058643,-0.00528632269965279,0.9852112854197672,-0.005286322699652772,0.0005686965245785138,-0.006699043182952736,-0.003873602216352808,0.6270033047523028,0.6313923155819928,-0.004389010829690047,0.0004983187922440528,-0.005626903334023931,-0.0031511183253561635
umi_uma_mix,tdl_D_30ns,-6.0,3,0.31470715558087387,0.3180512793270158,-0.003344123746141958,0.9894855831008824,-0.003344123746141977,0.0005170822782612695,-0.0046286273336968815,-0.002059620158587072,0.589685598641266,0.5931456537894261,-0.003460055148160057,0.0005546791068304416,-0.004837954435409367,-0.0020821558609107477
umi_uma_mix,tdl_D_30ns,-4.0,3,0.27057760733145253,0.27251660382306137,-0.0019389964916088354,0.9928848500810329,-0.0019389964916087798,0.00040146121166659645,-0.0029362814273522593,-0.0009417115558653004,0.5359901657075058,0.5383718378014035,-0.0023816720938977243,0.0005956966747983402,-0.0038614646685842056,-0.0009018795192112432
umi_uma_mix,tdl_D_30ns,-2.0,3,0.2203182644314236,0.2211169019157504,-0.0007986374843267918,0.9963881662712917,-0.0007986374843267826,0.0003808733862398791,-0.0017447794265228979,0.00014750445786933253,0.4625370255958887,0.46374807313636496,-0.001211047540476277,0.0006440541018150519,-0.0028109666232627034,0.0003888715423101491
umi_uma_mix,tdl_D_30ns,0.0,3,0.16546216423128857,0.1654924934293017,-3.0329198013129277e-05,0.9998167336935673,-3.0329198013129277e-05,0.0004146750026770807,-0.0010604390103221746,0.000999780614295916,0.3690513339307573,0.36902721428576807,2.4119644989199312e-05,0.0007454148472509127,-0.0018275934880350431,0.0018758327780134419
umi_uma_mix,tdl_D_30ns,2.0,3,0.11050584581163195,0.11011222556785301,0.0003936202437789388,1.0035747188084614,0.0003936202437789434,0.00041145622273915236,-0.000628493675900168,0.0014157341634580547,0.2618204169435266,0.260693884006253,0.0011265329372735684,0.0008232808293805176,-0.0009186100184285777,0.0031716758929757147
umi_uma_mix,tdl_D_30ns,4.0,3,0.06221535765094521,0.0615446302625868,0.0006707273883584108,1.0108982276032317,0.0006707273883584108,0.00036650280309902554,-0.00023971604631632388,0.0015811708230331456,0.15602231890331078,0.15421252651714984,0.0018097923861609504,0.0008094625201182536,-0.00020102398638888598,0.0038206087587107865
umi_uma_mix,tdl_D_30ns,6.0,3,0.02728403350453318,0.026581187307098766,0.0007028461974344126,1.0264414899648486,0.0007028461974344138,0.0002879059078057801,-1.2351725608535243e-05,0.0014180441204773627,0.07195161066857385,0.07017177830875655,0.001779832359817296,0.0006352745038145828,0.00020172300751866278,0.0033579417121159293
umi_uma_mix,tdl_D_30ns,8.0,3,0.008252179181134259,0.00786797794294946,0.00038420123818479895,1.0488310009217914,0.00038420123818479955,0.00011985450528981248,8.64661416599998e-05,0.0006819363347095993,0.022931275567338788,0.02185495315050637,0.001076322416832418,0.0003103658862460369,0.0003053308143388295,0.0018473140193260066
umi_uma_mix,tdl_D_30ns,10.0,3,0.0015260672863618826,0.0014031492633584104,0.00012291802300347225,1.0876015305094986,0.00012291802300347225,5.0632127183090196e-05,-2.859153562911323e-06,0.0002486951995698558,0.004454247285554438,0.004075304125033228,0.0003789431605212108,0.00011045467662526487,0.00010455853286688369,0.000653327788175538
umi_uma_mix,tdl_D_30ns,12.0,3,0.0001714259018132716,0.00014665391710069444,2.477198471257717e-05,1.1689145793192037,2.4771984712577152e-05,1.9111299294646193e-05,-2.2703114587586367e-05,7.224708401274067e-05,0.0005604535816266075,0.00046936160957377493,9.109197205283251e-05,2.4838272542801067e-05,2.9390282532207158e-05,0.00015279366157345788
umi_uma_mix,tdl_D_30ns,14.0,3,1.9403151523919755e-05,1.5823929398148147e-05,3.5792221257716073e-06,1.2261904761904763,3.579222125771604e-06,2.082857144908762e-06,-1.5948818562794599e-06,8.753326107822667e-06,8.040009235606075e-05,6.724566913890382e-05,1.3154423217156929e-05,2.1767115858615763e-06,7.747171878910966e-06,1.856167455540289e-05
umi_uma_mix,tdl_D_30ns,16.0,3,7.723584587191358e-06,6.68749397183642e-06,1.0360906153549386e-06,1.1549295774647887,1.0360906153549384e-06,8.632661221267967e-07,-1.1083813139773519e-06,3.1805625446872285e-06,2.870763243921784e-05,2.9197002030191528e-05,-4.8936959097369e-07,1.398367098148433e-06,-3.963106034485727e-06,2.984366852538347e-06
umi_uma_mix,tdl_D_30ns,18.0,3,4.238552517361111e-06,3.4850320698302467e-06,7.535204475308646e-07,1.2162162162162162,7.535204475308642e-07,5.88216710822814e-07,-7.076908665607796e-07,2.214731761622508e-06,1.5568008752836e-05,2.0518955133647303e-05,-4.950946380811301e-06,3.1016453582654018e-06,-1.2655860584043512e-05,2.75396782242091e-06
umi_uma_mix,tdl_D_30ns,20.0,3,2.7315116222993826e-06,1.6012309510030863e-06,1.1302806712962962e-06,1.7058823529411764,1.1302806712962962e-06,0.0,1.1302806712962962e-06,1.1302806712962962e-06,8.26730385238023e-06,1.9144986815521362e-05,-1.087768296314113e-05,5.300675121346167e-06,-2.4045289930309105e-05,2.2899240040268443e-06
umi_uma_mix,tdl_E_100ns,-10.0,3,0.3847982147593557,0.39238550633559993,-0.007587291576244215,0.980663680350734,-0.007587291576244215,0.0005363378300468633,-0.008919628606152074,-0.006254954546336356,0.6525364819868111,0.6572592861858415,-0.004722804199030373,0.00039350531241655914,-0.005700325585415205,-0.0037452828126455402
umi_uma_mix,tdl_E_100ns,-8.0,3,0.3536478678385417,0.3588616641951196,-0.005213796356577927,0.9854712919300762,-0.005213796356577927,0.00037553759572848386,-0.006146683460342187,-0.004280909252813666,0.6277479779573135,0.6318988277588361,-0.0041508498015226936,0.0004856535082562924,-0.0053572799962713705,-0.0029444196067740162
umi_uma_mix,tdl_E_100ns,-6.0,3,0.3165246469003183,0.3197835286458333,-0.00325888174551503,0.9898091006772137,-0.0032588817455150485,0.0004768296857334827,-0.004443392349972198,-0.002074371141057899,0.590777098396678,0.5940009900081304,-0.00322389161145246,0.0005423680446914405,-0.004571208524969425,-0.0018765746979354945
umi_uma_mix,tdl_E_100ns,-4.0,3,0.272758107126495,0.2746599927360629,-0.0019018856095678882,0.9930754909347299,-0.0019018856095679066,0.0004592301934186099,-0.003042676651456376,-0.000761094567679437,0.5376359879234691,0.5397934667122217,-0.0021574787887526092,0.0005792906830898585,-0.003596516620735855,-0.0007184409567693635
umi_uma_mix,tdl_E_100ns,-2.0,3,0.2228928554205247,0.2236801900981385,-0.000787334677613799,0.9964800875872452,-0.0007873346776138083,0.0003939756119437828,-0.001766024352790079,0.00019135499756246256,0.4651166178562023,0.46616074001347574,-0.0010441221572734527,0.0006260660745070286,-0.0025993565030623432,0.0005111121885154376
umi_uma_mix,tdl_E_100ns,0.0,3,0.1686606701509452,0.16875005651403358,-8.938636308836179e-05,0.9994703032109449,-8.938636308835253e-05,0.0003702261613732221,-0.0010090791324667244,0.0008303064062900194,0.3731401202119427,0.3730632990230749,7.682118886781497e-05,0.0007232016030877581,-0.0017197111866283424,0.0018733535643639723
umi_uma_mix,tdl_E_100ns,2.0,3,0.1143787525318287,0.11394302933304398,0.00043572319878472376,1.0038240443608986,0.00043572319878471916,0.00037950772561880274,-0.0005070262543610002,0.0013784726519304386,0.2679347237687052,0.2669011718697018,0.0010335518990033932,0.0008012255498016517,-0.0009568027049516345,0.003023906502958421
umi_uma_mix,tdl_E_100ns,4.0,3,0.06630047456717786,0.06571640203028549,0.0005840725368923688,1.0088877741149493,0.0005840725368923596,0.00040027807232453764,-0.0004102733177931455,0.0015784183915778646,0.16400612890720367,0.16242099249804462,0.0015851364091590547,0.0007535846961141111,-0.0002868717535263229,0.0034571445718444326
umi_uma_mix,tdl_E_100ns,6.0,3,0.031010568877797066,0.03044109579957562,0.0005694730782214476,1.0187073777491737,0.0005694730782214499,0.00029307884846204655,-0.00015857514178686046,0.0012975212982297602,0.08033755007717344,0.07879125566026311,0.0015462944169103339,0.000582638344413633,9.894053318621919e-05,0.0029936483006344486
umi_uma_mix,tdl_E_100ns,8.0,3,0.010907867808400848,0.01057019645785108,0.0003376713505497675,1.0319456078130846,0.00033767135054976863,0.00014939038757490764,-3.343494501201384e-05,0.000708777646111551,0.029344135665415244,0.028341229338152907,0.0010029063272623366,0.00032818406348022225,0.00018765191874499246,0.0018181607357796808
umi_uma_mix,tdl_E_100ns,10.0,3,0.0027903804072627316,0.0026401472680362653,0.00015023313922646634,1.0569033178737068,0.0001502331392264662,6.52549496103868e-05,-1.1869141985159433e-05,0.00031233542043809185,0.00769401343976274,0.007272487684486457,0.0004215257552762826,0.000139446810189616,7.512067528793985e-05,0.0007679308352646254
umi_uma_mix,tdl_E_100ns,12.0,3,0.0005585470317322531,0.0005162556966145834,4.229133511766969e-05,1.0819193577814266,4.2291335117669724e-05,1.8932904142029923e-05,-4.740606056269601e-06,8.932327629160904e-05,0.0016014142052477433,0.001464780890756505,0.0001366333144912382,4.294575418267065e-05,2.9950146962494457e-05,0.0002433164820199819
umi_uma_mix,tdl_E_100ns,14.0,3,0.00012254126277970679,0.00011105007595486111,1.1491186824845676e-05,1.1034775233248515,1.1491186824845681e-05,3.762889787732948e-06,2.1436503976265315e-06,2.0838723252064832e-05,0.000354247879941896,0.00031149558461397703,4.275229532791898e-05,1.3614870379113762e-05,8.931082377298037e-06,7.657350827853992e-05
umi_uma_mix,tdl_E_100ns,16.0,3,3.249556929976852e-05,2.7880256558641974e-05,4.615312741126547e-06,1.1655405405405406,4.615312741126541e-06,1.1764334216456296e-06,1.69289011294325e-06,7.537735369309832e-06,0.00010646878489538204,9.044483353877525e-05,1.6023951356606783e-05,4.926305202419707e-06,3.7863308232239167e-06,2.826157188998965e-05
umi_uma_mix,tdl_E_100ns,18.0,3,1.280984760802469e-05,1.007833598572531e-05,2.7315116222993813e-06,1.2710280373831775,2.731511622299383e-06,2.1581653053169913e-06,-2.6296682010313416e-06,8.092691445630108e-06,4.3319330971927324e-05,4.1682099677411404e-05,1.637231294515925e-06,4.009404925099759e-06,-8.322682681976463e-06,1.1597145271008314e-05
umi_uma_mix,tdl_E_100ns,20.0,3,6.310733748070988e-06,4.615312741126543e-06,1.6954210069444444e-06,1.3673469387755102,1.6954210069444446e-06,1.977991174768519e-06,-3.218181463992161e-06,6.60902347788105e-06,2.0855848530163152e-05,3.378661206366859e-05,-1.2930763533505442e-05,9.240144464669434e-06,-3.5884554861075086e-05,1.0023027794064204e-05
umi_uma_mix,tdl_E_10ns,-10.0,3,0.38306379906925153,0.39085877971884647,-0.00779498064959494,0.9800567850741333,-0.007794980649594903,0.0005736489679657363,-0.009220003684278838,-0.006369957614910968,0.6518367403819237,0.6568884893699929,-0.005051748988069149,0.0004327014892388631,-0.006126639075458363,-0.003976858900679935
umi_uma_mix,tdl_E_10ns,-8.0,3,0.3516509444625289,0.3569356659312307,-0.005284721468701792,0.9851941905135365,-0.005284721468701792,0.00043156729367300366,-0.0063567940581132475,-0.004212648879290336,0.6267490092618966,0.6312497765929611,-0.0045007673310644885,0.0005300605421271051,-0.005817510713322774,-0.0031840239488062027
umi_uma_mix,tdl_E_10ns,-6.0,3,0.31417809003665126,0.31753144440827547,-0.0033533543716242065,0.9894392998530485,-0.0033533543716242433,0.0005230660286970583,-0.004652722419294953,-0.002053986323953534,0.5893125935101214,0.5929118181452339,-0.003599224635112419,0.0005918684888790087,-0.00506950746878874,-0.0021289418014360986
umi_uma_mix,tdl_E_10ns,-4.0,3,0.26995727162302274,0.2719808507848669,-0.0020235791618441468,0.9925598469303827,-0.002023579161844128,0.0003935467375682047,-0.0030012034540103823,-0.0010459548696778742,0.5353971730779719,0.537950269969893,-0.0025530968919212174,0.0006319094194470214,-0.0041228469112388555,-0.0009833468726035794
umi_uma_mix,tdl_E_10ns,-2.0,3,0.21933840527946566,0.2203396455741223,-0.0010012402946566468,0.9954559230952388,-0.0010012402946566374,0.0005409264224606027,-0.002344976020023746,0.00034249543071047115,0.4615657178708064,0.462954201080181,-0.0013884832093744952,0.0006771711956682188,-0.0030706697139082422,0.00029370329515925183
umi_uma_mix,tdl_E_10ns,0.0,3,0.16425389419367284,0.1644407672646605,-0.00018687307098766426,0.9988635842918022,-0.00018687307098764575,0.0004017106725624384,-0.0011847777019501167,0.0008110315599748251,0.36745330065856746,0.36759718112003653,-0.0001438804614691073,0.0007740178769213101,-0.00206664745917057,0.0017788865362323553
umi_uma_mix,tdl_E_10ns,2.0,3,0.10908979251060957,0.10867912386670525,0.0004106686439043217,1.0037787261186242,0.0004106686439043217,0.0004815699822617956,-0.0007856175099241317,0.001606954797732775,0.2593911878856612,0.25839350878456496,0.0009976791010962531,0.0008488466763018639,-0.0011109729390784337,0.0031063311412709398
umi_uma_mix,tdl_E_10ns,4.0,3,0.060630986719955635,0.05999689926335841,0.0006340874565972238,1.0105686704543493,0.0006340874565972191,0.0003097417612788934,-0.00013535373352858494,0.001403528646723023,0.15284279338371606,0.15111971186634934,0.001723081517366711,0.000808118382876146,-0.0002843958331701119,0.003730558867903534
umi_uma_mix,tdl_E_10ns,6.0,3,0.025845092019917054,0.025231443805459105,0.0006136482144579493,1.024320772889151,0.0006136482144579481,0.00032026686979080485,-0.000181938794643543,0.0014092352235594392,0.06870587455269732,0.0670044157240126,0.0017014588286847255,0.0006375146710408272,0.0001177845924985421,0.003285133064870909
umi_uma_mix,tdl_E_10ns,8.0,3,0.007417937855661651,0.007047205795476466,0.0003707320601851853,1.05260695812561,0.0003707320601851856,0.00012043490611039033,7.155516809400335e-05,0.0006699089522763679,0.02067082862795135,0.019647012798138606,0.0010238158298127447,0.0003283838486253643,0.00020806512748208707,0.0018395665321434024
umi_uma_mix,tdl_E_10ns,10.0,3,0.001201488353587963,0.0010733898775077161,0.00012809847608024694,1.1193401193401193,0.00012809847608024702,4.7019992910622555e-05,1.1294338480343638e-05,0.0002449026136801504,0.003525062360697322,0.0031754039572896783,0.00034965840340764434,0.00010627574407309618,8.565481970141092e-05,0.0006136619871138778
umi_uma_mix,tdl_E_10ns,12.0,3,9.607385706018519e-05,7.761260609567902e-05,1.8461250964506174e-05,1.2378640776699028,1.8461250964506174e-05,4.1175169757597e-06,8.232771765864664e-06,2.8689730163147683e-05,0.0003464532768882719,0.0002693430059603818,7.711027092789013e-05,1.4460777983372884e-05,4.11877069967937e-05,0.00011303283485898657
umi_uma_mix,tdl_E_10ns,14.0,3,8.853865258487655e-06,4.803692853009259e-06,4.050172405478395e-06,1.843137254901961,4.050172405478395e-06,1.335374514615831e-06,7.329182142861633e-07,7.367426596670628e-06,4.419989067240816e-05,3.0178965612265773e-05,1.402092506014239e-05,1.7938823693563438e-06,9.564674215812674e-06,1.8477175904472106e-05
umi_uma_mix,tdl_E_10ns,16.0,3,3.2024619020061727e-06,1.0360906153549382e-06,2.1663712866512344e-06,3.090909090909091,2.1663712866512344e-06,5.882167108228142e-07,7.051599725595903e-07,3.6275826007428786e-06,1.397085054998536e-05,1.219159988371151e-05,1.7792506662738536e-06,1.0337272571319364e-06,-7.886701969283937e-07,4.347171529476101e-06
umi_uma_mix,tdl_E_10ns,18.0,3,6.593303915895061e-07,1.8838011188271604e-07,4.709502797067901e-07,3.5,4.709502797067901e-07,1.631419624581869e-07,6.56831783802103e-08,8.762173810333699e-07,5.831172613936899e-06,1.0181384851297658e-05,-4.35021223736076e-06,1.8874111380516536e-06,-9.038801423148809e-06,3.3837694842728814e-07
umi_uma_mix,tdl_E_10ns,20.0,3,9.419005594135802e-08,0.0,9.419005594135802e-08,inf,9.419005594135802e-08,1.631419624581869e-07,-3.110770453852218e-07,4.994571572679379e-07,3.5933156865481844e-06,1.2257384034096447e-05,-8.664068347548262e-06,3.9580143445427e-06,-1.8496321044845318e-05,1.1681843497487923e-06
umi_uma_mix,tdl_E_300ns,-10.0,3,0.38610397150487075,0.3937513563368056,-0.007647384831934834,0.9805781371699113,-0.007647384831934796,0.0005039328465515244,-0.00889922342029021,-0.0063955462435793834,0.6532160080509422,0.6577399829287588,-0.004523974877816639,0.00036962305577614674,-0.005442169449837092,-0.003605780305796186
umi_uma_mix,tdl_E_300ns,-8.0,3,0.3553587360146605,0.36056556230709874,-0.005206826292438238,0.9855592800956307,-0.005206826292438256,0.0004921556608952723,-0.0064294087297655875,-0.003984243855110925,0.6287609118002432,0.6327265206678414,-0.0039656088675981875,0.0004493500539443087,-0.0050818562824202695,-0.0028493614527761056
umi_uma_mix,tdl_E_300ns,-6.0,3,0.31877880331910685,0.32190732602719907,-0.0031285227080922184,0.9902812938534121,-0.0031285227080922184,0.00037921309563405893,-0.004070540259781796,-0.002186505156402641,0.592303905222151,0.5953724774313561,-0.003068572209205126,0.000493134742232699,-0.004293586819405722,-0.0018435575990045304
umi_uma_mix,tdl_E_300ns,-4.0,3,0.27555018295476463,0.2773047553168403,-0.001754572362075657,0.9936727649691007,-0.00175457236207562,0.0003800790745157669,-0.0026987411245629083,-0.0008104035995883316,0.5399981755533336,0.5420524095311577,-0.002054233977824079,0.0005138163243494812,-0.003330624486101567,-0.0007778434695465913
umi_uma_mix,tdl_E_300ns,-2.0,3,0.22644090063777972,0.22725649233217593,-0.0008155916943962116,0.9964111401789829,-0.0008155916943962208,0.0003492445343302045,-0.001683163212781192,5.1979823988750344e-05,0.46884670816821816,0.4698736752256935,-0.0010269670574753476,0.0005481392695951544,-0.0023886204884191603,0.000334686373468465
umi_uma_mix,tdl_E_300ns,0.0,3,0.17324800844545718,0.17338863419897763,-0.00014062575352044582,0.9991889563340175,-0.00014062575352044582,0.0002737498796176032,-0.0008206581530912214,0.0005394066460503297,0.37894989384545213,0.37900262666337287,-5.2732817920656906e-05,0.0006493081287518863,-0.0016657036271599166,0.0015602379913186026
umi_uma_mix,tdl_E_300ns,2.0,3,0.11971848099320023,0.1194148122528453,0.00030366874035493707,1.00254297381226,0.0003036687403549417,0.0003999766834904477,-0.0006899284229618719,0.0012972659036717552,0.27640715756534057,0.2756437381476532,0.0007634194176873721,0.0007291862162810067,-0.0010479795611329317,0.002574818396507676
umi_uma_mix,tdl_E_300ns,4.0,3,0.07199059003665123,0.07146858874662423,0.0005220012900269966,1.0073039260909102,0.0005220012900270105,0.0002763158203223701,-0.00016440525961483154,0.0012084078396688526,0.1748013001533202,0.17356455859578687,0.0012367415575333662,0.000673911832746415,-0.0004373482406497429,0.0029108313557164754
umi_uma_mix,tdl_E_300ns,6.0,3,0.03605237419222608,0.035538190676842205,0.0005141835153838759,1.0144684775896295,0.0005141835153838736,0.0002178772360908224,-2.7053543341623077e-05,0.0010554205741093703,0.09154030892216129,0.09030123836832282,0.00123907055383847,0.0005231892541376505,-6.060360279627275e-05,0.0025387447104732127
umi_uma_mix,tdl_E_300ns,8.0,3,0.014519868073640045,0.014207251277970678,0.00031261679566936713,1.0220040308679625,0.00031261679566936773,0.0001692947498549606,-0.00010793467686249456,0.0007331682682012301,0.038196189949909844,0.037327145191806334,0.0008690447581035146,0.0003185667925609501,7.768097496175261e-05,0.0016604085412452764
umi_uma_mix,tdl_E_300ns,10.0,3,0.00472466739607446,0.004573586546344522,0.00015108084972993794,1.0330333422575528,0.00015108084972993824,8.539106525763192e-05,-6.10423157310561e-05,0.0003632040151909326,0.012743769478006864,0.012299159104809351,0.00044461037319751436,0.00015798544725607657,5.215276574619239e-05,0.0008370679806488364
umi_uma_mix,tdl_E_300ns,12.0,3,0.0013309996805073302,0.0012669504424672067,6.404923804012347e-05,1.0505538621663817,6.404923804012354e-05,2.5293318565381072e-05,1.2171515341826886e-06,0.0001268813245460644,0.003694024935859129,0.0034891228754947213,0.00020490206036440748,4.462550615894211e-05,9.404615760486373e-05,0.0003157579631239512
umi_uma_mix,tdl_E_300ns,14.0,3,0.0003715797706886574,0.00035019862798996913,2.1381142698688265e-05,1.0610543302850994,2.1381142698688265e-05,7.993956160451159e-06,1.5230547336858543e-06,4.123923066369068e-05,0.0010759725115394197,0.0009822641972906567,9.370831424876308e-05,9.81590011337702e-06,6.932426660143185e-05,0.00011809236189609432
umi_uma_mix,tdl_E_300ns,16.0,3,0.00012159936222029321,0.00011218035662615741,9.419005594135804e-06,1.0839630562552478,9.419005594135804e-06,3.299342004872454e-06,1.222985695561966e-06,1.761502549270964e-05,0.0003528341095025772,0.0003091469585387479,4.3687150963829284e-05,3.0090195183348526e-06,3.6212332102659756e-05,5.116196982499881e-05
umi_uma_mix,tdl_E_300ns,18.0,3,4.153781467013889e-05,3.541546103395062e-05,6.122353636188272e-06,1.172872340425532,6.122353636188272e-06,2.8584781044841856e-06,-9.78499621640541e-07,1.3223206894017084e-05,0.00012916266221082756,0.00011091530600817441,1.824735620265315e-05,5.070054419706675e-06,5.652642817559706e-06,3.08420695877466e-05
umi_uma_mix,tdl_E_300ns,20.0,3,1.4976218894675926e-05,1.2433087384259259e-05,2.543131510416668e-06,1.2045454545454546,2.5431315104166665e-06,9.788517747491208e-07,1.1152890245718914e-07,4.974734118376144e-06,5.398581130560351e-05,6.41346303404763e-05,-1.0148819034872794e-05,1.4023787698144536e-05,-4.498583891872413e-05,2.4688200848978547e-05
umi_uma_mix,tdl_E_30ns,-10.0,3,0.383429256486304,0.39118561921296297,-0.007756362726658972,0.98017216803045,-0.007756362726658954,0.0005371881354614546,-0.009090812032313784,-0.0064219134210041235,0.6519912481307983,0.65696257279243,-0.0049713246616316376,0.0004237083880558243,-0.006023874647225638,-0.003918774676037637
umi_uma_mix,tdl_E_30ns,-8.0,3,0.3521505285192419,0.35735321044921875,-0.00520268192997686,0.985441065652001,-0.00520268192997686,0.0004491844567706109,-0.006318517978614785,-0.004086845881338935,0.6269698510935277,0.631380546240159,-0.004410695146631356,0.0005191894068282771,-0.005700433131723268,-0.0031209571615394447
umi_uma_mix,tdl_E_30ns,-6.0,3,0.3147122418438947,0.3179793181242766,-0.0032670762803819198,0.989725506993178,-0.0032670762803819566,0.00046153518586676106,-0.004413593240936394,-0.0021205593198275197,0.589636179400079,0.5931359764970379,-0.003499797096958838,0.0005796585013926794,-0.0049397486402592275,-0.0020598455536584483
umi_uma_mix,tdl_E_30ns,-4.0,3,0.2705502922152295,0.27259770146122686,-0.0020474092459973336,0.9924892644544601,-0.002047409245997315,0.00036037583150012555,-0.0029426324394638266,-0.0011521860525308034,0.5358935583520819,0.5383339572099991,-0.0024403988579173217,0.0006202625567695521,-0.0039812164664331925,-0.0008995812494014507
umi_uma_mix,tdl_E_30ns,-2.0,3,0.22010087378231097,0.2209771238727334,-0.0008762500904224424,0.9960346570040114,-0.0008762500904224516,0.0005923255107501,-0.002347668229363887,0.0005951680485189837,0.4623566391291442,0.4636335244149337,-0.0012768852857895825,0.0006677214266726306,-0.0029355972627931773,0.0003818266912140123
umi_uma_mix,tdl_E_30ns,0.0,3,0.16520813365041473,0.1653797479323399,-0.00017161428192516426,0.9989623017082153,-0.0001716142819251735,0.0004215300402507314,-0.0012187529515870306,0.0008755243877366835,0.3687280324506171,0.36878024354393096,-5.221109331388085e-05,0.0007631674037033274,-0.001948024021303202,0.0018436018346754404
umi_uma_mix,tdl_E_30ns,2.0,3,0.11020858199508102,0.10980591950593172,0.00040266248914930247,1.0036670380883022,0.0004026624891493071,0.00040534757055613627,-0.0006042766972734375,0.0014096016755720516,0.26130974384737604,0.2602592263324761,0.001050517514899929,0.0008376907106746822,-0.0010304215703482427,0.003131456600148101
umi_uma_mix,tdl_E_30ns,4.0,3,0.061891532238618825,0.06122730396412037,0.0006642282744984546,1.0108485631653437,0.0006642282744984546,0.0003459949494230652,-0.00019527082747085366,0.0015237273764677627,0.1553305129946014,0.15360203955644444,0.0017284734381569817,0.0007994920309744581,-0.0002575748663052231,0.0037145217426191868
umi_uma_mix,tdl_E_30ns,6.0,3,0.02699204433111497,0.02633601059148341,0.0006560337396315577,1.0249101410918975,0.0006560337396315589,0.0003350705961380541,-0.00017632776436494893,0.0014883952436280667,0.07122689278589354,0.06953317957159914,0.001693713214294415,0.0006289679957691833,0.0001312700964614048,0.003256156332127425
umi_uma_mix,tdl_E_30ns,8.0,3,0.008120689863040124,0.007746755340952932,0.0003739345220871923,1.0482698246723245,0.00037393452208719116,0.00013746518334597948,3.245207607192776e-05,0.0007154169681024545,0.022432454712229013,0.021403310613499746,0.0010291440987292635,0.00031821840025676956,0.00023864577004883254,0.0018196424274096947
umi_uma_mix,tdl_E_30ns,10.0,3,0.0014599458670910494,0.0013374987943672839,0.00012244707272376552,1.091549295774648,0.00012244707272376538,4.414098164807911e-05,1.2794795573969062e-05,0.0002320993498735617,0.004251503779403406,0.0038820592353097454,0.0003694445440936606,0.00011691627903182787,7.900840622225005e-05,0.0006598806819650712
umi_uma_mix,tdl_E_30ns,12.0,3,0.00015230532045717592,0.00012894618658371913,2.3359133873456785e-05,1.181154127100073,2.3359133873456796e-05,7.060485588134081e-06,5.819915360043605e-06,4.089835238686998e-05,0.0005056712119610129,0.00041967754239319923,8.599366956781367e-05,2.47055565373738e-05,2.4621664881235443e-05,0.0001473656742543919
umi_uma_mix,tdl_E_30ns,14.0,3,1.6106499565972223e-05,1.0831856433256174e-05,5.274643132716049e-06,1.4869565217391303,5.274643132716048e-06,2.2664405757792842e-06,-3.555073732301403e-07,1.0904793638662238e-05,6.757260479513026e-05,5.152201299130899e-05,1.6050591803821274e-05,3.0515191302981163e-06,8.470198053835073e-06,2.3630985553807475e-05
umi_uma_mix,tdl_E_30ns,16.0,3,4.050172405478395e-06,2.9198917341820986e-06,1.1302806712962967e-06,1.3870967741935485,1.1302806712962964e-06,5.651403356481483e-07,-2.736057489713051e-07,2.534167091563898e-06,1.7059475676769916e-05,1.6687720059884285e-05,3.717556168856303e-07,2.365560259251733e-06,-5.504621832760484e-06,6.248133066531744e-06
umi_uma_mix,tdl_E_30ns,18.0,3,8.477105034722222e-07,5.651403356481481e-07,2.8257016782407406e-07,1.5,2.8257016782407406e-07,4.894258873745606e-07,-9.332311361556651e-07,1.4983714718038132e-06,6.910163052946891e-06,1.19244714257132e-05,-5.01430837276631e-06,2.9588176481761613e-06,-1.2364418875069552e-05,2.3358021295369326e-06
umi_uma_mix,tdl_E_30ns,20.0,3,3.767602237654321e-07,2.8257016782407406e-07,9.419005594135802e-08,1.3333333333333333,9.419005594135802e-08,1.631419624581869e-07,-3.110770453852218e-07,4.994571572679379e-07,4.423707732263367e-06,1.5235681940446087e-05,-1.081197420818272e-05,5.580194906267345e-06,-2.467394681427985e-05,3.0499983979144072e-06
umi_uma_mix,tdl_a,-10.0,3,0.38994923344364874,0.3951417193000699,-0.005192485856421181,0.9868591808892798,-0.005192485856421199,0.0004159292274778177,-0.006225711335856885,-0.004159260376985513,0.6549032277163164,0.6579611349253007,-0.0030579072089843193,0.0003824606667081218,-0.004007992174450869,-0.0021078222435177694
umi_uma_mix,tdl_a,-8.0,3,0.3592768068666811,0.362362449551806,-0.003085642685124901,0.9914846511029456,-0.0030856426851249195,0.000345574985431971,-0.003944098538706334,-0.002227186831543505,0.6306846303704344,0.6330358172640388,-0.0023511868936044364,0.00045232802824580234,-0.0034748320066937603,-0.0012275417805151126
umi_uma_mix,tdl_a,-6.0,3,0.32263367264359083,0.3242035618534795,-0.001569889209888653,0.995157705236446,-0.0015698892098885975,0.00031109134770914787,-0.002342682958561189,-0.0007970954612160057,0.5944618079581377,0.5958863686264296,-0.0014245606682918854,0.0004633042732580393,-0.002575472285550544,-0.00027364905103322706
umi_uma_mix,tdl_a,-4.0,3,0.2797022925482856,0.2803052972864222,-0.00060300473813657,0.9978487572515606,-0.0006030047381365885,0.00030189178535634944,-0.0013529455070361357,0.00014693603076295866,0.5425457197390956,0.543071139557862,-0.0005254198187663409,0.0004564234033360717,-0.0016592384075615483,0.0006083987700288665
umi_uma_mix,tdl_a,-2.0,3,0.2310402481644242,0.23096979400258005,7.045416184414677e-05,1.0003050362587385,7.045416184414677e-05,0.0002516480338102895,-0.0005546742090553251,0.0006955825327436187,0.47221902003626764,0.4719349846795753,0.0002840353566923211,0.00046681207375559233,-0.0008755901200679333,0.0014436608334525754
umi_uma_mix,tdl_a,0.0,3,0.17834759935920622,0.17789204915364584,0.0004555502055603733,1.002560823868901,0.0004555502055603733,0.0003204045608815761,-0.0003403788471722875,0.001251479258293034,0.3838759468477449,0.38284979622673104,0.001026150621013892,0.0004958276345088499,-0.0002055535044438229,0.002257854746471607
umi_uma_mix,tdl_a,2.0,3,0.12574921125247154,0.12503143593117041,0.0007177753213011284,1.0057407588416105,0.0007177753213011238,0.0002904376367976592,-3.7117652067202456e-06,0.0014392624078089678,0.283706301064403,0.2820692381097211,0.0016370629546818745,0.0005159653688742825,0.0003553339238558965,0.0029187919855078524
umi_uma_mix,tdl_a,4.0,3,0.07891440685884452,0.07810088734567901,0.0008135195131655087,1.01041626466502,0.0008135195131655087,0.0002650300022812513,0.00015514848972861663,0.001471890536602401,0.18498314544558525,0.183066742333733,0.0019164031118522513,0.0004913714173050942,0.0006957688436025527,0.00313703738010195
umi_uma_mix,tdl_a,6.0,3,0.043628833912037035,0.042962345076195986,0.000666488835841049,1.0155133253238156,0.0006664888358410512,0.0002030812050808255,0.00016200715573309746,0.001170970515949005,0.10432461191566637,0.10257839807021767,0.001746213845448726,0.00040714465636091155,0.0007348104504069201,0.0027576172404905315
umi_uma_mix,tdl_a,8.0,3,0.02192106364685812,0.021511478188597125,0.00040958545826099563,1.0190403213888903,0.0004095854582609945,0.0001371460684595724,6.889573756946565e-05,0.0007502751789525233,0.052249698457020675,0.05101619418250558,0.00123350427451509,0.0002644972907645527,0.0005764565798463623,0.0018905519691838177
umi_uma_mix,tdl_a,10.0,3,0.011158884307484568,0.01092150181899836,0.0002373824884862076,1.0217353338781001,0.00023738248848620817,8.819268931907555e-05,1.829970303977285e-05,0.00045646527393264347,0.026018343324037154,0.025225963499569504,0.0007923798244676474,0.00018993418735324143,0.0003205571468950636,0.0012642025020402313
umi_uma_mix,tdl_a,12.0,3,0.006300843792197145,0.0061203756450135035,0.0001804681471836416,1.0294864494682896,0.0001804681471836419,7.867030598912685e-05,-1.4959726726235549e-05,0.00037589602109351937,0.014462983717726556,0.013862488024586376,0.0006004956931401807,0.00018634341089814944,0.00013759299877449157,0.00106339838750587
umi_uma_mix,tdl_a,14.0,3,0.003882726033528646,0.0037245809296031058,0.0001581451039255402,1.0424598382783408,0.00015814510392554007,7.337289357447678e-05,-2.4123268029915888e-05,0.00034041347588099604,0.008918862034719225,0.008345690623397708,0.0005731714113215181,0.0002008235478341834,7.429806272036535e-05,0.0010720447599226709
umi_uma_mix,tdl_a,16.0,3,0.0025209262047284917,0.0023552929913556136,0.00016563321337287806,1.0703238255201304,0.00016563321337287792,5.925028538533512e-05,1.844734500966219e-05,0.0003128190817360937,0.0058694078589825146,0.005268879526070515,0.0006005283329119983,0.00019948242238566078,0.00010498652461383398,0.0010960701412101627
umi_uma_mix,tdl_a,18.0,3,0.0016914650245949073,0.0015228177294319058,0.00016864729516300153,1.1107468687181072,0.0001686472951630016,5.6225886856170334e-05,2.897444924172891e-05,0.0003083201410842743,0.004051389906052981,0.0034399940692551745,0.0006113958367978055,0.00018069911030593126,0.00016251436239022747,0.0010602773112053834
umi_uma_mix,tdl_a,20.0,3,0.0011917396827980323,0.0010166639163170332,0.00017507576648099913,1.1722061378112332,0.0001750757664809992,5.0107942330508844e-05,5.0600737274890265e-05,0.00029955079568710815,0.0029060547009364343,0.0023330295798011575,0.0005730251211352767,0.00015988826971362384,0.0001758406406582184,0.0009702096016123351
umi_uma_mix,tdl_all,-10.0,3,0.38776820147479024,0.39418577971281826,-0.006417578238028021,0.9837194070199501,-0.006417578238028077,0.00047804158711928376,-0.00760509937242073,-0.005230057103635423,0.6539011043162993,0.6577798858100986,-0.003878781493799203,0.0003916485270515341,-0.004851690369635977,-0.002905872617962429
umi_uma_mix,tdl_all,-8.0,3,0.3568984043451003,0.3610263306417583,-0.0041279262966580355,0.9885661350812827,-0.004127926296657998,0.00045872251753139117,-0.005267456201729634,-0.0029883963915863622,0.6294380791761257,0.6326920200645187,-0.0032539408883930365,0.0004701474681537478,-0.004421851944161621,-0.0020860298326244517
umi_uma_mix,tdl_all,-6.0,3,0.3200537599163291,0.3224144829644097,-0.002360723048080604,0.9926779869614567,-0.002360723048080641,0.0004213691871801678,-0.003407462136563845,-0.001313983959597437,0.5928990795288557,0.5952408957628555,-0.0023418162339999458,0.0004975507758535401,-0.0035778008798548425,-0.0011058315881450488
umi_uma_mix,tdl_all,-4.0,3,0.27674224759325566,0.27794999016655814,-0.0012077425733024727,0.9956548205935221,-0.0012077425733024911,0.00034151339340226974,-0.002056108872952801,-0.00035937627365218144,0.5404639138851636,0.5418406984872288,-0.0013767846020651768,0.0005002951845103679,-0.00261958673696121,-0.00013398246716914359
umi_uma_mix,tdl_all,-2.0,3,0.22749868793252073,0.2278752691951799,-0.00037658126265915914,0.9983474237288268,-0.00037658126265914066,0.0003326856713201796,-0.0012030182849756543,0.00044985575965737307,0.46919510186086466,0.46961904804647703,-0.0004239461856123857,0.0005165600742452377,-0.0017071525464777892,0.000859260175253018
umi_uma_mix,tdl_all,0.0,3,0.17414353924033082,0.17393361315315153,0.00020992608717929073,1.0012069322506079,0.00020992608717930925,0.0003146613009404141,-0.0005717359169445896,0.0009915880913032081,0.3792575717340281,0.3787488474890038,0.0005087242450243131,0.0005687373864341333,-0.000904097744752171,0.0019215462348007974
umi_uma_mix,tdl_all,2.0,3,0.1207704332139757,0.12022952797972125,0.0005409052342544435,1.0044989383502003,0.0005409052342544435,0.00033700750177588664,-0.000296267810081287,0.001378078278590174,0.2768591156344355,0.2755550530589657,0.0013040625754697777,0.0006132315576021226,-0.00021928906286233958,0.002827414213801895
umi_uma_mix,tdl_all,4.0,3,0.07346668478883343,0.07277037067177855,0.0006963141170548831,1.0095686487594726,0.0006963141170548784,0.0002858882559833116,-1.387168100650633e-05,0.0014064999151162632,0.1758302545197952,0.17409087407092252,0.0017393804488726645,0.0005848455551544343,0.0002865435497093386,0.0031922173480359904
umi_uma_mix,tdl_all,6.0,3,0.03819273489492911,0.03756540086534288,0.0006273340295862295,1.0166997826493314,0.0006273340295862249,0.00023058414232518732,5.453126588307979e-05,0.00120013679328937,0.09390399871555007,0.09224537693561963,0.0016586217799304432,0.00046229134710660077,0.0005102264107238858,0.0028070171491370007
umi_uma_mix,tdl_all,8.0,3,0.01727301515178916,0.01688052518868152,0.0003924899631076416,1.0232510516539384,0.00039248996310763926,0.0001315834180559437,6.561863206156729e-05,0.0007193612941537112,0.042500790256868905,0.041364452902825526,0.0011363373540433837,0.0002632358509592781,0.00048242324956615946,0.0017902514585206078
umi_uma_mix,tdl_all,10.0,3,0.007719430805724344,0.007519620730553144,0.0001998100751711999,1.0265718288635686,0.0001998100751711999,6.577487034696512e-05,3.641623925067046e-05,0.0003632039110917294,0.018462336251230473,0.017836681358303505,0.0006256548929269671,0.00013896622155342106,0.00028044366129367966,0.0009708661245602545
umi_uma_mix,tdl_all,12.0,3,0.003989297372323495,0.0038678298761815203,0.00012146749614197483,1.031404560187609,0.00012146749614197541,5.069261623636383e-05,-4.459943562798904e-06,0.0002473949358467497,0.009284591405702048,0.008894513003232768,0.0003900784024692793,0.0001091874611648849,0.00011884171252911352,0.0006613150924094451
umi_uma_mix,tdl_all,14.0,3,0.002363812481915509,0.002266787305290316,9.702517662519292e-05,1.042802946883791,9.702517662519277e-05,4.0607066779365186e-05,-3.848369328785932e-06,0.00019789872257917147,0.005461039298444558,0.005134070248949021,0.00032696904949553715,0.00011290213709072278,4.6504593000719385e-05,0.000607433505990355
umi_uma_mix,tdl_all,16.0,3,0.0015025574483989198,0.0014101381655092593,9.241928288966053e-05,1.0655391685369242,9.241928288966047e-05,3.295759285389935e-05,1.0548083589696913e-05,0.00017429048218962402,0.003498174781868138,0.003175510567401337,0.0003226642144668012,0.00011471783480248241,3.768931481289297e-05,0.0006076391141207095
umi_uma_mix,tdl_all,18.0,3,0.000993907598801601,0.0008996563193238811,9.425127947771989e-05,1.1047636496885307,9.425127947771989e-05,3.146012129937722e-05,1.610000573875806e-05,0.00017240255321668171,0.002358696191054235,0.0020453130345366066,0.00031338315651762783,0.00010995399782654101,4.0242283948731293e-05,0.0005865240290865244
umi_uma_mix,tdl_all,20.0,3,0.0006848088017216435,0.000591419361255787,9.338944046585643e-05,1.157907310081223,9.338944046585649e-05,3.0068453409540003e-05,1.8695261414401312e-05,0.00016808361951731166,0.001655629098934382,0.001373662263520679,0.0002819668354137029,0.00010292222217224745,2.6293861928861767e-05,0.000537639808898544
umi_uma_mix,tdl_b,-10.0,3,0.39025963677300346,0.3959853325361087,-0.005725695763105221,0.9855406367543093,-0.005725695763105221,0.0005733258239739162,-0.0071499160636127185,-0.004301475462597723,0.6549459933130829,0.6582099506516516,-0.0032639573385686202,0.0004060190699232816,-0.0042725646218927694,-0.002255350055244471
umi_uma_mix,tdl_b,-8.0,3,0.35961975286036363,0.3632031428961106,-0.0035833900357469806,0.9901339233819021,-0.003583390035746999,0.0005970917277166973,-0.005066648113997989,-0.0021001319574960094,0.6307382521070081,0.6333463379630336,-0.002608085856025603,0.0004830615501460065,-0.0038080772698849998,-0.001408094442166206
umi_uma_mix,tdl_b,-6.0,3,0.32313798975061486,0.3249839264669536,-0.0018459367163387586,0.9943199137987938,-0.0018459367163387215,0.00047243873185396826,-0.0030195395866728023,-0.0006723338460046407,0.5945727317421525,0.5962680909368726,-0.0016953591947201918,0.0005048910066940591,-0.002949577984819661,-0.000441140404620723
umi_uma_mix,tdl_b,-4.0,3,0.2803341429910542,0.28114952275782457,-0.0008153797667703744,0.9970998358497207,-0.0008153797667703374,0.0003991086956667406,-0.0018068207288008593,0.00017606119526018436,0.5428016092858198,0.5435725645518598,-0.0007709552660400224,0.0004975296406350986,-0.002006887409101741,0.000464976877021696
umi_uma_mix,tdl_b,-2.0,3,0.23175439716857157,0.2318479514416353,-9.355427306373398e-05,0.9995964843662322,-9.355427306375248e-05,0.0003356516754078024,-0.0009273592579878127,0.0007402507118603077,0.4727678186731574,0.47267045227833737,9.736639482003466e-05,0.0005050779926395013,-0.0011573168941180919,0.0013520496837581613
umi_uma_mix,tdl_b,0.0,3,0.17929691738552517,0.17885314093695748,0.00044377644856768983,1.0024812337443048,0.0004437764485677083,0.00027696938999855993,-0.0002442536581540743,0.001131806555289491,0.38489752777932607,0.3839892721102561,0.0009082556690698981,0.0005308653855530744,-0.0004104870550949677,0.0022269983932347638
umi_uma_mix,tdl_b,2.0,3,0.12695029929832177,0.12628522331331982,0.0006650759850019561,1.0052664592701543,0.0006650759850019283,0.00032808323987492907,-0.000149927963795263,0.0014800799337991197,0.28539671357951046,0.28382996138599187,0.001566752193518613,0.000546879459289467,0.00020822830486492776,0.0029252760821722986
umi_uma_mix,tdl_b,4.0,3,0.08041101620521074,0.07962570661379967,0.0007853095914110708,1.0098625133114356,0.0007853095914110708,0.00029442981267506713,5.39053902538449e-05,0.0015167137925682968,0.18739015981554985,0.18551611697968143,0.001874042835868441,0.0005101247706209049,0.0006068226554234069,0.003141263016313475
umi_uma_mix,tdl_b,6.0,3,0.04511698970088252,0.04447315357349537,0.0006438361273871512,1.0144769613947695,0.0006438361273871512,0.00020505047678578254,0.0001344625051720469,0.0011532097496022556,0.10716887169092158,0.10545455938044153,0.00171431231048004,0.0003924711046913996,0.0007393600385071568,0.0026892645824529234
umi_uma_mix,tdl_b,8.0,3,0.023280673556857638,0.022867603066526812,0.00041307049033082605,1.0180635674464489,0.00041307049033082605,0.00014427618698615091,5.466857331750774e-05,0.0007714724073441444,0.05500064893729157,0.05379403020358747,0.0012066187337040925,0.00025031644683857845,0.0005847982082176479,0.0018284392591905372
umi_uma_mix,tdl_b,10.0,3,0.012183577926070601,0.011948926949206694,0.00023465097686390692,1.019637828389225,0.00023465097686390808,7.62365375504072e-05,4.526891891454919e-05,0.00042403303481326694,0.028215209786050067,0.02745839167331679,0.0007568181127332804,0.00016402836362139616,0.0003493490688493503,0.0011642871566172105
umi_uma_mix,tdl_b,12.0,3,0.007019914226767458,0.006833771128713349,0.00018614309805410883,1.0272387082546552,0.00018614309805410883,7.68371690510128e-05,-4.7310112568257185e-06,0.0003770172073650434,0.01599475413698841,0.015444876074149233,0.0005498780628391767,0.0001499023692721626,0.00017749993423546955,0.0009222561914428839
umi_uma_mix,tdl_b,14.0,3,0.004333001595956308,0.004179095044548129,0.0001539065514081792,1.0368277222143965,0.0001539065514081792,5.2577717938874774e-05,2.3296259473536585e-05,0.0002845168433428218,0.009877872743210767,0.009391359060811266,0.0004865136823995001,0.00015702667408803078,9.643779953202462e-05,0.0008765895652669755
umi_uma_mix,tdl_b,16.0,3,0.0027765815640673226,0.002641583666389371,0.00013499789767795149,1.0511049108137742,0.00013499789767795135,5.4051285925152466e-05,7.270599376306593e-07,0.00026926873541827204,0.006402801322076778,0.005915700428775459,0.0004871008933013188,0.00017853390370995968,4.359809025272668e-05,0.0009306036963499109
umi_uma_mix,tdl_b,18.0,3,0.0018373889687620564,0.0016974460931471836,0.00013994287561487281,1.0824431928529812,0.0001399428756148726,5.025654617348182e-05,1.5098693998309568e-05,0.0002647870572314356,0.004292316654925097,0.0038277879742862654,0.00046452868063883167,0.00018929303214311122,-5.701279097122575e-06,0.0009347586403747859
umi_uma_mix,tdl_b,20.0,3,0.0012444625666112076,0.0011075573203004436,0.00013690524631076399,1.123610077601786,0.0001369052463107639,5.8853462956790986e-05,-9.294860492799922e-06,0.00028310535311432773,0.0029695855346746195,0.002557431548149997,0.00041215398652462274,0.00019049491301361513,-6.106161080689384e-05,0.0008853695838561393
umi_uma_mix,tdl_c,-10.0,3,0.39006953769259983,0.3957548730167342,-0.005685335324134344,0.9856342000774455,-0.005685335324134362,0.0003725878283805348,-0.006610894799588417,-0.004759775848680307,0.6549005765973785,0.6582789154332361,-0.0033783388358575492,0.0003715858134242736,-0.004301409168170924,-0.0024552685035441747
umi_uma_mix,tdl_c,-8.0,3,0.3593411622224031,0.3627711402045356,-0.003429977982132515,0.9905450638102065,-0.003429977982132515,0.00043609474406754325,-0.004513297381807549,-0.0023466585824574813,0.6307077372883573,0.6334359391971871,-0.0027282019088297935,0.0004398205890858747,-0.0038207768206233493,-0.0016356269970362375
umi_uma_mix,tdl_c,-6.0,3,0.32264280907901716,0.3244478437635634,-0.0018050346845462362,0.9944365952209514,-0.0018050346845461807,0.0003790392345516848,-0.0027466203413644107,-0.0008634490277279509,0.5945206366387414,0.5963399054275619,-0.0018192687888204384,0.0004430153456298856,-0.002919779915825132,-0.000718757661815745
umi_uma_mix,tdl_c,-4.0,3,0.2795562744140625,0.2802919693935065,-0.0007356949794439793,0.9973752548778481,-0.0007356949794439608,0.00024164707588590856,-0.0013359795936089152,-0.00013541036527900624,0.5426072807591639,0.5435162783588892,-0.000908997599725366,0.00041620100109258397,-0.0019428982022465769,0.00012490300279584482
umi_uma_mix,tdl_c,-2.0,3,0.23057617375880113,0.23069607770001446,-0.00011990394121333403,0.9994802514962163,-0.00011990394121336179,0.00026895292510686674,-0.0007880200451820179,0.0005482121627552943,0.47219635399035464,0.47225413462262095,-5.778063226628364e-05,0.0004072665562659253,-0.0010694868434592043,0.000953925578926637
umi_uma_mix,tdl_c,0.0,3,0.17773510497293354,0.17736969465090904,0.00036541032202450086,1.0020601620967082,0.00036541032202450086,0.0002588042848988908,-0.00027749516207958836,0.0010083158061285902,0.38363149053888557,0.3828835755954554,0.0007479149434301465,0.0004399765065474352,-0.000345047288809607,0.0018408771756699
umi_uma_mix,tdl_c,2.0,3,0.12489281171633873,0.12429687123239776,0.0005959404839409738,1.0047944930393842,0.0005959404839409738,0.0003012132630690478,-0.00015231474215636096,0.0013441957100383084,0.28307159341595794,0.28166444305284527,0.0014071503631126563,0.0004867911529159427,0.00019789410236226396,0.002616406623863049
umi_uma_mix,tdl_c,4.0,3,0.07797017509554639,0.07730276790665991,0.0006674071888864846,1.0086336777706635,0.00066740718888648,0.0002606224476385253,1.9985138154595436e-05,0.0013148292396183646,0.1838417758268339,0.18211583402237774,0.0017259418044561214,0.0005128729716524067,0.0004518947141890059,0.0029999888947232368
umi_uma_mix,tdl_c,6.0,3,0.04258885795687452,0.04198326299219956,0.0006055949646749589,1.0144246759664077,0.0006055949646749612,0.00021491096444835103,7.172653320010043e-05,0.001139463396149822,0.10276734189670762,0.10113078416727576,0.0016365577294318774,0.00046810481568324415,0.00047372090369746165,0.0027993945551662933
umi_uma_mix,tdl_c,8.0,3,0.020983142617308062,0.020566539999879438,0.00041660261742862414,1.020256329816832,0.0004166026174286276,0.00013433938866076343,8.288507587039015e-05,0.0007503201589868651,0.050561045940367526,0.049364661475942456,0.0011963844644250672,0.00031661855130963484,0.0004098603808474671,0.0019829085480026674
umi_uma_mix,tdl_c,10.0,3,0.010349579799322434,0.010109536441755884,0.00024004335756654983,1.0237442496942875,0.00024004335756655157,7.85171118408273e-05,4.499603901769882e-05,0.0004350906761154043,0.024417583991623956,0.023669893778630612,0.0007476902129933417,0.00023318210235360694,0.00016843375880973678,0.0013269466671769466
umi_uma_mix,tdl_c,12.0,3,0.005635320404429494,0.005472630630304784,0.00016268977412471023,1.0297278923272863,0.0001626897741247108,8.90810016874816e-05,-5.859970157597922e-05,0.0003839792498254008,0.013119168044211642,0.0125810555656682,0.0005381124785434413,0.00021570001574803098,2.283934978466128e-06,0.0010739410221084164
umi_uma_mix,tdl_c,14.0,3,0.0033775141209731866,0.0032248555878062308,0.00015265853316695586,1.0473380990281196,0.00015265853316695616,7.178697060028879e-05,-2.5670187720239977e-05,0.0003309872540541523,0.007836915157244176,0.007344070359786313,0.0004928447974578625,0.00021164640318484671,-3.291401426970292e-05,0.001018603609185428
umi_uma_mix,tdl_c,16.0,3,0.00214385986328125,0.001991483900282118,0.000152375962999132,1.0765137809939342,0.000152375962999132,5.665263205444213e-05,1.1643023237484077e-05,0.0002931089027607799,0.005006337640393381,0.00450932548782627,0.0004970121525671112,0.00019908424562228803,2.459470182820966e-06,0.0009915648349514013
umi_uma_mix,tdl_c,18.0,3,0.001411508630823206,0.0012538109296633872,0.00015769770115981884,1.1257747060812082,0.0001576977011598187,5.704578086855113e-05,1.5988125602675975e-05,0.0002994072767169614,0.0033615256960642294,0.0028736635185500014,0.0004878621775142278,0.00017882395844622594,4.363883855677776e-05,0.0009320855164716778
umi_uma_mix,tdl_c,20.0,3,0.0009734777756679206,0.0008218082380883488,0.0001516695375795718,1.1845558739255015,0.00015166953757957176,4.839153344512496e-05,3.145830441458861e-05,0.00027188077074455494,0.0023565118395543236,0.0019106664306963027,0.0004458454088580204,0.000156213489431833,5.778958866169858e-05,0.0008339012290543423
umi_uma_mix,tdl_d,-10.0,3,0.38421378900975356,0.3920016583101249,-0.007787869300371342,0.9801330705233647,-0.00778786930037136,0.0005172554029617713,-0.009072802953523633,-0.006502935647219087,0.6523606043170999,0.6572368452210485,-0.004876240903948596,0.00039944260865760545,-0.0058685113518321995,-0.0038839704560649927
umi_uma_mix,tdl_d,-8.0,3,0.3530522805673105,0.35836589483567227,-0.005313614268361799,0.9851726563689931,-0.005313614268361781,0.0005142794731175796,-0.006591155301960296,-0.004036073234763266,0.6275028385865835,0.631828088083385,-0.004325249496801391,0.0004830724557403823,-0.005525268001659046,-0.003125230991943735
umi_uma_mix,tdl_d,-6.0,3,0.3158058825834298,0.31913667843665605,-0.003330795853226265,0.9895631054708511,-0.003330795853226265,0.00048799216059051975,-0.004543035582433288,-0.002118556124019242,0.5904327771729894,0.5938547983029743,-0.003422021129984909,0.0005271305509448548,-0.0047314860106519975,-0.0021125562493178205
umi_uma_mix,tdl_d,-4.0,3,0.27191456453299817,0.27386733632028837,-0.0019527717872901973,0.9928696433334189,-0.0019527717872902157,0.00039109523824491945,-0.002924306217536937,-0.0009812373570434942,0.5371337359150251,0.5395109841117153,-0.0023772481966901626,0.0005470880872387696,-0.003736290345900455,-0.00101820604747987
umi_uma_mix,tdl_d,-2.0,3,0.22192936179078657,0.22279915986237703,-0.0008697980715904607,0.996096044203543,-0.00086979807159047,0.0003618616225705379,-0.0017687121746869138,2.9116031505973866e-05,0.4643208958484508,0.4655801334682806,-0.0012592376198297672,0.0005769372387445267,-0.0026924291719620484,0.00017395393230251418
umi_uma_mix,tdl_d,0.0,3,0.1674953978738667,0.16756337954674239,-6.798167287569434e-05,0.9995942927800837,-6.798167287567584e-05,0.0003670399830877524,-0.0009797595366184547,0.0008437961908671031,0.3718150567125391,0.3719107559249725,-9.569921243337183e-05,0.000658774142658987,-0.0017321849038000978,0.0015407864789333543
umi_uma_mix,tdl_d,2.0,3,0.11291094179506656,0.1125733881820867,0.00033755361297985176,1.0029985205067637,0.00033755361297983327,0.00035749311718189414,-0.0005505085211362879,0.0012256157470959543,0.2658602668455354,0.2649122114626714,0.000948055382863966,0.0007351944966802918,-0.0008782689918795338,0.002774379757607466
umi_uma_mix,tdl_d,4.0,3,0.0648344298939646,0.06422019299165702,0.00061423690230758,1.0095645446345416,0.0006142369023075753,0.000325305944996793,-0.0001938678635459277,0.0014223416681610783,0.16119100765129665,0.15957885138966418,0.0016121562616324692,0.0007189711012213979,-0.00017386696463743715,0.0033981794879023755
umi_uma_mix,tdl_d,6.0,3,0.029653973049587674,0.02902155746648341,0.0006324155831042635,1.0217912351476874,0.0006324155831042624,0.00026413076710813283,-2.3721616327269804e-05,0.0012885527825357945,0.0773065114899734,0.0756556207291138,0.0016508907608595903,0.0005845025301586552,0.0001989059830243842,0.0031028755386947964
umi_uma_mix,tdl_d,8.0,3,0.009938605037736303,0.009564152470341435,0.000374452567394868,1.0391516727233334,0.000374452567394868,0.00013327955112612592,4.3367808224851134e-05,0.000705537326564885,0.02703165571078842,0.025967704166692713,0.0010639515440957065,0.0003172856367845026,0.00027577032833296417,0.0018521327598584488
umi_uma_mix,tdl_d,10.0,3,0.0023609914897400656,0.002211982821240837,0.00014900866849922858,1.067364297348223,0.00014900866849922828,5.235686345895022e-05,1.8947009506995892e-05,0.0002790703274914607,0.0066069568899736085,0.006171880344526819,0.0004350765454467891,0.00012029703282432136,0.0001362421495849866,0.0007339109413085916
umi_uma_mix,tdl_d,12.0,3,0.0004559269657841435,0.00041493074393566745,4.099622184847607e-05,1.0988025651211621,4.099622184847605e-05,1.3599071585998336e-05,7.214255275634753e-06,7.477818842131735e-05,0.0013091602220945923,0.00117341427310883,0.00013574594898576212,3.075370056322136e-05,5.934952163791348e-05,0.00021214237633361077
umi_uma_mix,tdl_d,14.0,3,9.605030954619985e-05,8.618390118634259e-05,9.866408359857258e-06,1.1144808743169399,9.866408359857258e-06,2.971468617822593e-06,2.4848711067639235e-06,1.7247945612950592e-05,0.00028604833531141065,0.000245366010622766,4.068232468864466e-05,5.041989660633637e-06,2.8157328029938358e-05,5.320732134735096e-05
umi_uma_mix,tdl_d,16.0,3,3.108271846064815e-05,2.6326120635609566e-05,4.7565978250385844e-06,1.1806797853309483,4.756597825038581e-06,1.2119537384087621e-06,1.745937838447357e-06,7.767257811629804e-06,8.974378273183835e-05,7.652961632916061e-05,1.3214166402677723e-05,4.8432189520228635e-08,1.309385417422336e-05,1.3334478631132086e-05
umi_uma_mix,tdl_d,18.0,3,1.521169403452932e-05,1.2645015010127315e-05,2.5666790244020057e-06,1.2029795158286778,2.5666790244020057e-06,3.62509369987692e-07,1.66615582751886e-06,3.4672022212851515e-06,4.194286601645734e-05,4.1443795100944336e-05,4.990709155130009e-07,3.307138650176951e-06,-7.716316923687608e-06,8.71445875471361e-06
umi_uma_mix,tdl_d,20.0,3,8.924507800443674e-06,6.734588999807099e-06,2.1899188006365745e-06,1.3251748251748252,2.1899188006365745e-06,5.782341266118122e-07,7.535056004451366e-07,3.6263320008280123e-06,2.5278748692887158e-05,3.583018186126549e-05,-1.055143316837833e-05,7.358460176023962e-06,-2.883086159273987e-05,7.727995255983212e-06
umi_uma_mix,tdl_e,-10.0,3,0.3843488104549455,0.3920453154010537,-0.007696504946108185,0.9803683282422726,-0.00769650494610824,0.0005287850120181699,-0.009010079735920329,-0.0063829301562961524,0.6523951196376189,0.6572125828192558,-0.004817463181636968,0.00040467982165932984,-0.005822743587843114,-0.003812182775430822
umi_uma_mix,tdl_e,-8.0,3,0.3532020192087432,0.358429025720667,-0.00522700651192376,0.9854168994784555,-0.005227006511923704,0.0004364623962498219,-0.006311239210249578,-0.00414277381359783,0.6275569375282453,0.6318139178149494,-0.004256980286704182,0.0004959065916633305,-0.005488880552606962,-0.0030250800208014017
umi_uma_mix,tdl_e,-6.0,3,0.3160484455249928,0.3193004043013961,-0.0032519587764033298,0.9898153627975562,-0.0032519587764033666,0.00045832181649862997,-0.004390493284928345,-0.002113424267878388,0.5905074441322574,0.5938553155204397,-0.0033478713881822664,0.0005516265771043189,-0.00471818777122239,-0.001977555005142142
umi_uma_mix,tdl_e,-4.0,3,0.27220396347987796,0.2741358250747492,-0.0019318615948712425,0.9929529035676221,-0.0019318615948712425,0.0003917601699260605,-0.002905047806982886,-0.000958675382759599,0.5372312237267142,0.5395325258558179,-0.002301302129103807,0.0005863013387975094,-0.0037577553953151805,-0.0008448488628924331
umi_uma_mix,tdl_e,-2.0,3,0.22219325878002025,0.22306336296929252,-0.000870104189272275,0.996099295833749,-0.0008701041892722657,0.0004665056272723989,-0.0020289684107669573,0.0002887600322224257,0.46447142075609277,0.465655535183571,-0.0011841144274782334,0.0006288802330315507,-0.0027463395305849956,0.0003781106756285291
umi_uma_mix,tdl_e,0.0,3,0.1678426766101225,0.1679898014775029,-0.0001471248673803882,0.9991242035761314,-0.00014712486738039746,0.0003615817399543103,-0.0010453437035149809,0.0007510939687541859,0.37206783679164485,0.3721108375876038,-4.300079595894365e-05,0.0007237245506956728,-0.0018408322453292401,0.001754830653411353
umi_uma_mix,tdl_e,2.0,3,0.11334890200767989,0.11296072123963156,0.00038818076804832125,1.0034364225350938,0.00038818076804832125,0.00041580647259625055,-0.0006447397713567507,0.0014211013074533932,0.26626070326677076,0.265299411283599,0.0009612919831717229,0.0007993052713944045,-0.0010242923847746232,0.002946876351118069
umi_uma_mix,tdl_e,4.0,3,0.06520339589060088,0.06460229850109712,0.0006010973895037575,1.0093045820884152,0.0006010973895037667,0.0003319802121433406,-0.00022358717506739507,0.0014257819540749285,0.16174518385971035,0.1601768256291563,0.0015683582305540307,0.00075534852515496,-0.00030803152636896497,0.003444747987477026
umi_uma_mix,tdl_e,6.0,3,0.029975019855263792,0.029386685218340085,0.0005883346369237076,1.0200204491439726,0.0005883346369237076,0.00029094643831070884,-0.00013441638261054627,0.0013110856564579614,0.0779526565844814,0.07640752233104942,0.0015451342534319873,0.0005919950205915491,7.453709755680135e-05,0.003015731409307173
umi_uma_mix,tdl_e,8.0,3,0.010241590900185667,0.009892852218062789,0.0003487386821228785,1.0352515810845873,0.0003487386821228785,0.0001422578443510801,-4.649393835238363e-06,0.0007021267580809953,0.027660902238876364,0.0266796744853994,0.0009812277534769636,0.0003233361229362772,0.00017801629688960982,0.0017844392100643176
umi_uma_mix,tdl_e,10.0,3,0.002544120506004051,0.0024061556215639467,0.00013796488444010446,1.0573383048060834,0.00013796488444010432,5.9862875193362406e-05,-1.07427413671231e-05,0.00028667251024733177,0.007053587264467582,0.0066572774954738075,0.00039630976899377525,0.0001300760796687837,7.318287407975723e-05,0.0007194366639077933
umi_uma_mix,tdl_e,12.0,3,0.0005344814724392361,0.0004974412329402971,3.704023949893903e-05,1.0744615384615384,3.7040239498939064e-05,1.2786560284916699e-05,5.276662890413895e-06,6.880381610746423e-05,0.0015368909074890394,0.001410731078651202,0.00012615982883783738,3.141468279757279e-05,4.8121430594777616e-05,0.00020419822708089714
umi_uma_mix,tdl_e,14.0,3,0.00012977034957320602,0.00011922106330777392,1.0549286265432105e-05,1.0884850878925538,1.05492862654321e-05,2.7814986956597446e-06,3.639660460099519e-06,1.745891207076468e-05,0.00038549822173721357,0.0003438651901270521,4.163303161016144e-05,6.733149847047709e-06,2.490696015561523e-05,5.835910306470765e-05
umi_uma_mix,tdl_e,16.0,3,4.0336891456886575e-05,3.600414888358411e-05,4.332742573302468e-06,1.1203400915631132,4.3327425733024655e-06,1.1419937372073095e-06,1.4958728640164038e-06,7.169612282588527e-06,0.00012258330515617862,0.00010711777800527973,1.5465527150898886e-05,2.1604576768384407e-06,1.0098652761022172e-05,2.0832401540775598e-05
umi_uma_mix,tdl_e,18.0,3,1.3963675793306326e-05,1.1561829366801698e-05,2.4018464265046284e-06,1.2077393075356415,2.401846426504629e-06,1.0966671623131094e-06,-3.224258287380403e-07,5.126118681747298e-06,4.630583221240967e-05,4.367581549064917e-05,2.6300167217605007e-06,3.1455607195042285e-06,-5.183989286454323e-06,1.0444022729975324e-05
umi_uma_mix,tdl_e,20.0,3,5.4394757306134255e-06,4.332742573302469e-06,1.1067331573109566e-06,1.2554347826086956,1.1067331573109564e-06,7.553578568609467e-07,-7.696797808547968e-07,2.9831460954767096e-06,2.071467081364455e-05,3.135357709467186e-05,-1.0638906281027304e-05,8.005335466410637e-06,-3.0525262009098265e-05,9.247449447043657e-06
umi_uma_mix,uma,-10.0,3,0.4010766111774209,0.4029964870876736,-0.0019198759102527219,0.9952359983975864,-0.0019198759102527034,0.0004209334209763927,-0.0029655324954755624,-0.0008742193250298443,0.6597015114478123,0.6606985566056806,-0.0009970451578681743,0.00020390706932980646,-0.0015035783985018851,-0.0004905119172344634
umi_uma_mix,uma,-8.0,3,0.37110335738570605,0.37190340772087194,-0.0008000503351658916,0.9978487684744035,-0.0008000503351658916,0.0003499593977762656,-0.0016693976727960417,6.929700246425846e-05,0.6367338954666514,0.637085790987368,-0.00035189552071657193,0.00022211823188897036,-0.0009036677970400189,0.000199876755606875
umi_uma_mix,uma,-6.0,3,0.33531923647280093,0.33542990978853204,-0.0001106733157311135,0.9996700553155773,-0.00011067331573107649,0.0002229636795738062,-0.0006645458005318152,0.0004431991690696622,0.6021490707809543,0.6017326079768899,0.00041646280406437697,0.00021841849205443288,-0.0001261188090120848,0.0009590444171408387
umi_uma_mix,uma,-4.0,3,0.2937079535590278,0.29322259220076197,0.0004853613582658234,1.0016552659009763,0.0004853613582658049,0.00011606252184718505,0.00019704607081352305,0.0007736766457180867,0.5528521309664219,0.5517391360100404,0.0011129949563815078,0.00018962453855717385,0.0006419414890606624,0.0015840484237023532
umi_uma_mix,uma,-2.0,3,0.2470721021110629,0.24617635467906057,0.0008957474320023251,1.0036386412219407,0.0008957474320023159,0.00023036731146048488,0.0003234833060272699,0.0014680115579773618,0.48699729236555683,0.48527831464637944,0.0017189777191774132,0.0001927471721607087,0.0012401671999617563,0.00219778823839307
umi_uma_mix,uma,0.0,3,0.19696600643205053,0.19585004264925732,0.0011159637827932167,1.0056980522837657,0.0011159637827932167,0.00010887437489011774,0.0008455048422752608,0.0013864227233111727,0.40566363673151273,0.4033774332499798,0.0022862034815328927,0.00026001437067980335,0.0016402919777058727,0.0029321149853599126
umi_uma_mix,uma,2.0,3,0.1470430162217882,0.14566190743152005,0.0013811087902681485,1.0094816058269556,0.00138110879026813,9.86677140076884e-05,0.0011360046009602173,0.0016262129795760428,0.31466469794143864,0.31188850527928197,0.0027761926621566735,0.0003331383513487857,0.0019486311203097007,0.0036037542040036463
umi_uma_mix,uma,4.0,3,0.10225140606915509,0.10084401825327932,0.0014073878158757658,1.0139560862434198,0.0014073878158757703,0.00012044396649235205,0.0011081884165480733,0.0017065872152034673,0.22486477207254482,0.22186500864264405,0.0029997634299007425,0.0003779513232168687,0.0020608802946564717,0.003938646565145014
umi_uma_mix,uma,6.0,3,0.0666340015552662,0.06541885564356674,0.0012151459116994667,1.0185748573518338,0.0012151459116994622,0.00023265142111524972,0.0006372077427930285,0.001793084080605896,0.14855153223982565,0.1456730017139588,0.0028785305258668403,0.0003537093130416078,0.0019998678823098352,0.0037571931694238454
umi_uma_mix,uma,8.0,3,0.04157709192346643,0.04059318259910301,0.000983909324363423,1.024238289815324,0.0009839093243634255,0.0002039105508649651,0.000477367435116932,0.001490451213609919,0.0931704816075019,0.09066434351750362,0.002506138089998273,0.00025887491195750574,0.0018630571585544016,0.003149219021442144
umi_uma_mix,uma,10.0,3,0.025905562035831404,0.025115401656539353,0.0007901603792920507,1.0314611882420888,0.0007901603792920519,9.564252335434097e-05,0.0005525711801716367,0.0010277495784124671,0.05791167661915591,0.05584518997757523,0.002066486641580677,0.00012847864738342796,0.0017473279884488277,0.0023856452947125257
umi_uma_mix,uma,12.0,3,0.016451517740885418,0.015734825605227622,0.0007166921356577954,1.0455481461084442,0.0007166921356577932,6.726020816948613e-05,0.0005496085160375114,0.000883775755278075,0.036684858394257815,0.03493802435696125,0.0017468340372965643,4.070668339853972e-05,0.0016457130299421677,0.001847955044650961
umi_uma_mix,uma,14.0,3,0.010649598675009645,0.010028226875964507,0.0006213717990451381,1.0619622797460269,0.0006213717990451381,7.762146448497336e-05,0.0004285493918694753,0.0008141942062208009,0.023765505636455835,0.02221323179517999,0.001552273841275845,2.4964528318739607e-05,0.0014902585150208727,0.0016142891675308174
umi_uma_mix,uma,16.0,3,0.007013579945505401,0.006459177276234568,0.000554402669270833,1.0858317778814746,0.0005544026692708334,8.409204638334569e-05,0.0003455064455838503,0.0007632988929578164,0.015783845607973176,0.01428219286242017,0.001501652745553005,2.6022348832007644e-05,0.0014370096474686615,0.0015662958436373484
umi_uma_mix,uma,18.0,3,0.004774305555555556,0.004214345672984182,0.0005599598825713741,1.1328699461368261,0.0005599598825713736,5.199930926690231e-05,0.00043078643743163524,0.0006891333277111119,0.010817366083049111,0.009308583574530519,0.0015087825085185926,2.248780830892121e-05,0.001452919695841688,0.0015646453211954972
umi_uma_mix,uma,20.0,3,0.0033428050853587963,0.0027998936029128086,0.0005429114824459878,1.1939043261791025,0.0005429114824459877,5.1527298333907976e-05,0.0004149105774653031,0.0006709123874266722,0.00770944259474399,0.00620524138269693,0.0015042012120470589,3.071715922209613e-05,0.0014278955584227408,0.001580506865671377
umi_uma_mix,uma_normalized,-10.0,3,0.4010766111774209,0.4029964870876736,-0.0019198759102527219,0.9952359983975864,-0.0019198759102527034,0.0004209334209763927,-0.0029655324954755624,-0.0008742193250298443,0.6597015114478123,0.6606985566056806,-0.0009970451578681743,0.00020390706932980646,-0.0015035783985018851,-0.0004905119172344634
umi_uma_mix,uma_normalized,-8.0,3,0.37110335738570605,0.37190340772087194,-0.0008000503351658916,0.9978487684744035,-0.0008000503351658916,0.0003499593977762656,-0.0016693976727960417,6.929700246425846e-05,0.6367338954666514,0.637085790987368,-0.00035189552071657193,0.00022211823188897036,-0.0009036677970400189,0.000199876755606875
umi_uma_mix,uma_normalized,-6.0,3,0.33531923647280093,0.33542990978853204,-0.0001106733157311135,0.9996700553155773,-0.00011067331573107649,0.0002229636795738062,-0.0006645458005318152,0.0004431991690696622,0.6021490707809543,0.6017326079768899,0.00041646280406437697,0.00021841849205443288,-0.0001261188090120848,0.0009590444171408387
umi_uma_mix,uma_normalized,-4.0,3,0.2937079535590278,0.29322259220076197,0.0004853613582658234,1.0016552659009763,0.0004853613582658049,0.00011606252184718505,0.00019704607081352305,0.0007736766457180867,0.5528521309664219,0.5517391360100404,0.0011129949563815078,0.00018962453855717385,0.0006419414890606624,0.0015840484237023532
umi_uma_mix,uma_normalized,-2.0,3,0.2470721021110629,0.24617635467906057,0.0008957474320023251,1.0036386412219407,0.0008957474320023159,0.00023036731146048488,0.0003234833060272699,0.0014680115579773618,0.48699729236555683,0.48527831464637944,0.0017189777191774132,0.0001927471721607087,0.0012401671999617563,0.00219778823839307
umi_uma_mix,uma_normalized,0.0,3,0.19696600643205053,0.19585004264925732,0.0011159637827932167,1.0056980522837657,0.0011159637827932167,0.00010887437489011774,0.0008455048422752608,0.0013864227233111727,0.40566363673151273,0.4033774332499798,0.0022862034815328927,0.00026001437067980335,0.0016402919777058727,0.0029321149853599126
umi_uma_mix,uma_normalized,2.0,3,0.1470430162217882,0.14566190743152005,0.0013811087902681485,1.0094816058269556,0.00138110879026813,9.86677140076884e-05,0.0011360046009602173,0.0016262129795760428,0.31466469794143864,0.31188850527928197,0.0027761926621566735,0.0003331383513487857,0.0019486311203097007,0.0036037542040036463
umi_uma_mix,uma_normalized,4.0,3,0.10225140606915509,0.10084401825327932,0.0014073878158757658,1.0139560862434198,0.0014073878158757703,0.00012044396649235205,0.0011081884165480733,0.0017065872152034673,0.22486477207254482,0.22186500864264405,0.0029997634299007425,0.0003779513232168687,0.0020608802946564717,0.003938646565145014
umi_uma_mix,uma_normalized,6.0,3,0.0666340015552662,0.06541885564356674,0.0012151459116994667,1.0185748573518338,0.0012151459116994622,0.00023265142111524972,0.0006372077427930285,0.001793084080605896,0.14855153223982565,0.1456730017139588,0.0028785305258668403,0.0003537093130416078,0.0019998678823098352,0.0037571931694238454
umi_uma_mix,uma_normalized,8.0,3,0.04157709192346643,0.04059318259910301,0.000983909324363423,1.024238289815324,0.0009839093243634255,0.0002039105508649651,0.000477367435116932,0.001490451213609919,0.0931704816075019,0.09066434351750362,0.002506138089998273,0.00025887491195750574,0.0018630571585544016,0.003149219021442144
umi_uma_mix,uma_normalized,10.0,3,0.025905562035831404,0.025115401656539353,0.0007901603792920507,1.0314611882420888,0.0007901603792920519,9.564252335434097e-05,0.0005525711801716367,0.0010277495784124671,0.05791167661915591,0.05584518997757523,0.002066486641580677,0.00012847864738342796,0.0017473279884488277,0.0023856452947125257
umi_uma_mix,uma_normalized,12.0,3,0.016451517740885418,0.015734825605227622,0.0007166921356577954,1.0455481461084442,0.0007166921356577932,6.726020816948613e-05,0.0005496085160375114,0.000883775755278075,0.036684858394257815,0.03493802435696125,0.0017468340372965643,4.070668339853972e-05,0.0016457130299421677,0.001847955044650961
umi_uma_mix,uma_normalized,14.0,3,0.010649598675009645,0.010028226875964507,0.0006213717990451381,1.0619622797460269,0.0006213717990451381,7.762146448497336e-05,0.0004285493918694753,0.0008141942062208009,0.023765505636455835,0.02221323179517999,0.001552273841275845,2.4964528318739607e-05,0.0014902585150208727,0.0016142891675308174
umi_uma_mix,uma_normalized,16.0,3,0.007013579945505401,0.006459177276234568,0.000554402669270833,1.0858317778814746,0.0005544026692708334,8.409204638334569e-05,0.0003455064455838503,0.0007632988929578164,0.015783845607973176,0.01428219286242017,0.001501652745553005,2.6022348832007644e-05,0.0014370096474686615,0.0015662958436373484
umi_uma_mix,uma_normalized,18.0,3,0.004774305555555556,0.004214345672984182,0.0005599598825713741,1.1328699461368261,0.0005599598825713736,5.199930926690231e-05,0.00043078643743163524,0.0006891333277111119,0.010817366083049111,0.009308583574530519,0.0015087825085185926,2.248780830892121e-05,0.001452919695841688,0.0015646453211954972
umi_uma_mix,uma_normalized,20.0,3,0.0033428050853587963,0.0027998936029128086,0.0005429114824459878,1.1939043261791025,0.0005429114824459877,5.1527298333907976e-05,0.0004149105774653031,0.0006709123874266722,0.00770944259474399,0.00620524138269693,0.0015042012120470589,3.071715922209613e-05,0.0014278955584227408,0.001580506865671377
umi_uma_mix,umi,-10.0,3,0.39142740508656443,0.39665306939019096,-0.0052256643036265316,0.9868256047743172,-0.0052256643036265316,0.0005069860322868709,-0.006485087425808382,-0.003966241181444681,0.6554202069470912,0.6584397112881696,-0.0030195043410784126,0.0003756229217424579,-0.003952603406411787,-0.0020864052757450383
umi_uma_mix,umi,-8.0,3,0.36072493188175153,0.36368626724054787,-0.0029613353587963354,0.9918574452060966,-0.0029613353587963167,0.0005826845577268071,-0.004408804042754477,-0.001513866674838157,0.6312874283319637,0.6335858136047552,-0.002298385272791396,0.00044090566162536713,-0.0033936556542003915,-0.0012031148913824003
umi_uma_mix,umi,-6.0,3,0.3240845291702836,0.3256088068455826,-0.0015242776752990017,0.9953186841287684,-0.0015242776752990017,0.00048241086574599796,-0.0027226526995018287,-0.00032590265109617446,0.5952032388728342,0.5965409506986171,-0.0013377118257828686,0.0004655740348605679,-0.0024942618434352637,-0.00018116180813047378
umi_uma_mix,umi,-4.0,3,0.2813277067961516,0.2817090823326582,-0.0003813755365065785,0.9986462078774718,-0.00038137553650656003,0.00048008316705430584,-0.0015739682366075454,0.0008112171635944253,0.54356739550461,0.5439552929666308,-0.00038789746202068837,0.0004497139749801214,-0.0015050489068119657,0.0007292539827705891
umi_uma_mix,umi,-2.0,3,0.23286956033588926,0.23266554467472028,0.0002040156611689825,1.0008768623710667,0.0002040156611689825,0.0002869439880507224,-0.0005087927207346602,0.0009168240430726252,0.47380354779737965,0.47331420690925036,0.0004893408881293341,0.00045540295416199636,-0.0006419427643895331,0.0016206245406482013
umi_uma_mix,umi,0.0,3,0.18063137855058836,0.1798924575617284,0.0007389209888599702,1.0041075707057168,0.0007389209888599424,0.00031780778702611054,-5.0557320009226485e-05,0.0015283992977291113,0.38641835841131794,0.3851199334050402,0.001298425006277748,0.0004856359368533774,9.203846131370188e-05,0.0025048115512417944
umi_uma_mix,umi,2.0,3,0.1284553622022087,0.12758071334273727,0.0008746488594714441,1.0068556511133604,0.0008746488594714533,0.00031227216922295097,9.892178754546674e-05,0.00165037593139744,0.2876001826406997,0.2856697738170624,0.0019304088236373012,0.0004803009210451963,0.0007372751926356402,0.003123542454638962
umi_uma_mix,umi,4.0,3,0.0822186882113233,0.0811838220666956,0.001034866144627708,1.0127471966493216,0.0010348661446277034,0.0003059023165643414,0.0002749626639098571,0.0017947696253455497,0.19028309208375438,0.18810408387655095,0.002179008207203422,0.000423495303210709,0.001126987553708995,0.0032310288606978493
umi_uma_mix,umi,6.0,3,0.04688667956693673,0.04608361514998071,0.0008030644169560175,1.017426246060393,0.0008030644169560198,0.00013229113231625196,0.00047443502622670646,0.0011316938076853331,0.1103110600400854,0.10838574520599693,0.0019253148340884578,0.0003270017444010377,0.0011129974689831484,0.002737632199193767
umi_uma_mix,umi,8.0,3,0.02473308421947338,0.024248193811487267,0.0004848904079861119,1.019996970156037,0.0004848904079861119,0.00011872218471764761,0.00018996815169652345,0.0007798126642757004,0.057697840172935416,0.05642517260563226,0.0012726675673031516,0.0002146069605827893,0.000739554323295279,0.0018057808113110243
umi_uma_mix,umi,10.0,3,0.013182369279272762,0.012944916148244598,0.00023745313102816433,1.0183433502626715,0.00023745313102816376,4.959274159812539e-05,0.00011425793139053806,0.00036064833066578943,0.030102638780702778,0.029402266153030928,0.0007003726276718532,0.00016165945691997013,0.00029878827426077487,0.0011019569810829315
umi_uma_mix,umi,12.0,3,0.007682140962577161,0.007529647262008102,0.00015249370056905857,1.0202524361716765,0.00015249370056905857,6.689835047262474e-05,-1.3691014700128892e-05,0.000318678415838246,0.01717521500900204,0.01675283201728706,0.00042238299171497876,9.668854218092843e-05,0.00018219533778013905,0.0006625706456498185
umi_uma_mix,umi,14.0,3,0.004761307327835648,0.004630948290412809,0.00013035903742283916,1.0281495342309726,0.00013035903742283973,6.291634875781206e-05,-2.593383721795505e-05,0.00028665191206363454,0.010623965538854216,0.010271818216108246,0.00035214732274597055,7.292528336393199e-05,0.00017099087619473522,0.0005333037692972059
umi_uma_mix,umi,16.0,3,0.0030587278766396604,0.002953140823929398,0.00010558705271026224,1.0357541543074027,0.00010558705271026239,3.985074297062491e-05,6.592319251940714e-06,0.00020458178616858407,0.006862807459841816,0.006512022715199877,0.0003507847446419388,6.916576243858916e-05,0.00017896746579981336,0.0005226020234840642
umi_uma_mix,umi,18.0,3,0.002018963849103009,0.0018946329752604167,0.00012433087384259244,1.0656226696495152,0.00012433087384259266,4.1472406807275975e-05,2.1307704091712835e-05,0.00022735404359347248,0.004546944417036426,0.00419084547607826,0.00035609894095816583,7.360565763247686e-05,0.00017325235102827008,0.0005389455308880616
umi_uma_mix,umi,20.0,3,0.001340136115933642,0.001207045566888503,0.00013309054904513899,1.1102614124073353,0.0001330905490451389,3.113277014648614e-05,5.5752460650089326e-05,0.0002104286374401885,0.0030822446602137964,0.0027333456774265214,0.00034889898278727473,8.229146313560531e-05,0.00014447565584931765,0.0005533223097252318
umi_uma_mix,umi_normalized,-10.0,3,0.39142740508656443,0.39665306939019096,-0.0052256643036265316,0.9868256047743172,-0.0052256643036265316,0.0005069860322868709,-0.006485087425808382,-0.003966241181444681,0.6554202069470912,0.6584397112881696,-0.0030195043410784126,0.0003756229217424579,-0.003952603406411787,-0.0020864052757450383
umi_uma_mix,umi_normalized,-8.0,3,0.36072493188175153,0.36368626724054787,-0.0029613353587963354,0.9918574452060966,-0.0029613353587963167,0.0005826845577268071,-0.004408804042754477,-0.001513866674838157,0.6312874283319637,0.6335858136047552,-0.002298385272791396,0.00044090566162536713,-0.0033936556542003915,-0.0012031148913824003
umi_uma_mix,umi_normalized,-6.0,3,0.3240845291702836,0.3256088068455826,-0.0015242776752990017,0.9953186841287684,-0.0015242776752990017,0.00048241086574599796,-0.0027226526995018287,-0.00032590265109617446,0.5952032388728342,0.5965409506986171,-0.0013377118257828686,0.0004655740348605679,-0.0024942618434352637,-0.00018116180813047378
umi_uma_mix,umi_normalized,-4.0,3,0.2813277067961516,0.2817090823326582,-0.0003813755365065785,0.9986462078774718,-0.00038137553650656003,0.00048008316705430584,-0.0015739682366075454,0.0008112171635944253,0.54356739550461,0.5439552929666308,-0.00038789746202068837,0.0004497139749801214,-0.0015050489068119657,0.0007292539827705891
umi_uma_mix,umi_normalized,-2.0,3,0.23286956033588926,0.23266554467472028,0.0002040156611689825,1.0008768623710667,0.0002040156611689825,0.0002869439880507224,-0.0005087927207346602,0.0009168240430726252,0.47380354779737965,0.47331420690925036,0.0004893408881293341,0.00045540295416199636,-0.0006419427643895331,0.0016206245406482013
umi_uma_mix,umi_normalized,0.0,3,0.18063137855058836,0.1798924575617284,0.0007389209888599702,1.0041075707057168,0.0007389209888599424,0.00031780778702611054,-5.0557320009226485e-05,0.0015283992977291113,0.38641835841131794,0.3851199334050402,0.001298425006277748,0.0004856359368533774,9.203846131370188e-05,0.0025048115512417944
umi_uma_mix,umi_normalized,2.0,3,0.1284553622022087,0.12758071334273727,0.0008746488594714441,1.0068556511133604,0.0008746488594714533,0.00031227216922295097,9.892178754546674e-05,0.00165037593139744,0.2876001826406997,0.2856697738170624,0.0019304088236373012,0.0004803009210451963,0.0007372751926356402,0.003123542454638962
umi_uma_mix,umi_normalized,4.0,3,0.0822186882113233,0.0811838220666956,0.001034866144627708,1.0127471966493216,0.0010348661446277034,0.0003059023165643414,0.0002749626639098571,0.0017947696253455497,0.19028309208375438,0.18810408387655095,0.002179008207203422,0.000423495303210709,0.001126987553708995,0.0032310288606978493
umi_uma_mix,umi_normalized,6.0,3,0.04688667956693673,0.04608361514998071,0.0008030644169560175,1.017426246060393,0.0008030644169560198,0.00013229113231625196,0.00047443502622670646,0.0011316938076853331,0.1103110600400854,0.10838574520599693,0.0019253148340884578,0.0003270017444010377,0.0011129974689831484,0.002737632199193767
umi_uma_mix,umi_normalized,8.0,3,0.02473308421947338,0.024248193811487267,0.0004848904079861119,1.019996970156037,0.0004848904079861119,0.00011872218471764761,0.00018996815169652345,0.0007798126642757004,0.057697840172935416,0.05642517260563226,0.0012726675673031516,0.0002146069605827893,0.000739554323295279,0.0018057808113110243
umi_uma_mix,umi_normalized,10.0,3,0.013182369279272762,0.012944916148244598,0.00023745313102816433,1.0183433502626715,0.00023745313102816376,4.959274159812539e-05,0.00011425793139053806,0.00036064833066578943,0.030102638780702778,0.029402266153030928,0.0007003726276718532,0.00016165945691997013,0.00029878827426077487,0.0011019569810829315
umi_uma_mix,umi_normalized,12.0,3,0.007682140962577161,0.007529647262008102,0.00015249370056905857,1.0202524361716765,0.00015249370056905857,6.689835047262474e-05,-1.3691014700128892e-05,0.000318678415838246,0.01717521500900204,0.01675283201728706,0.00042238299171497876,9.668854218092843e-05,0.00018219533778013905,0.0006625706456498185
umi_uma_mix,umi_normalized,14.0,3,0.004761307327835648,0.004630948290412809,0.00013035903742283916,1.0281495342309726,0.00013035903742283973,6.291634875781206e-05,-2.593383721795505e-05,0.00028665191206363454,0.010623965538854216,0.010271818216108246,0.00035214732274597055,7.292528336393199e-05,0.00017099087619473522,0.0005333037692972059
umi_uma_mix,umi_normalized,16.0,3,0.0030587278766396604,0.002953140823929398,0.00010558705271026224,1.0357541543074027,0.00010558705271026239,3.985074297062491e-05,6.592319251940714e-06,0.00020458178616858407,0.006862807459841816,0.006512022715199877,0.0003507847446419388,6.916576243858916e-05,0.00017896746579981336,0.0005226020234840642
umi_uma_mix,umi_normalized,18.0,3,0.002018963849103009,0.0018946329752604167,0.00012433087384259244,1.0656226696495152,0.00012433087384259266,4.1472406807275975e-05,2.1307704091712835e-05,0.00022735404359347248,0.004546944417036426,0.00419084547607826,0.00035609894095816583,7.360565763247686e-05,0.00017325235102827008,0.0005389455308880616
umi_uma_mix,umi_normalized,20.0,3,0.001340136115933642,0.001207045566888503,0.00013309054904513899,1.1102614124073353,0.0001330905490451389,3.113277014648614e-05,5.5752460650089326e-05,0.0002104286374401885,0.0030822446602137964,0.0027333456774265214,0.00034889898278727473,8.229146313560531e-05,0.00014447565584931765,0.0005533223097252318
umi_uma_mix,urban_all,-10.0,3,0.3962520081319927,0.3998247782389323,-0.0035727701069396267,0.9910641603487501,-0.0035727701069396267,0.0004626817365575162,-0.004722135257303509,-0.0024234049565757445,0.6575608591974517,0.6595691339469251,-0.0020082747494732933,0.00028828751998110193,-0.002724420649712258,-0.0012921288492343287
umi_uma_mix,urban_all,-8.0,3,0.3659141446337288,0.3677948374807099,-0.0018806928469811135,0.9948865708397014,-0.0018806928469810764,0.0004656041812474014,-0.0030373177524098804,-0.0007240679415522727,0.6340106618993077,0.6353358022960616,-0.001325140396753947,0.0003259861766128476,-0.00213493495161768,-0.0005153458418902143
umi_uma_mix,urban_all,-6.0,3,0.3297018828215422,0.3305193583170573,-0.0008174754955150854,0.997526694050002,-0.0008174754955150484,0.00035168931010841077,-0.0016911201736076638,5.6169182577567116e-05,0.5986761548268942,0.5991367793377534,-0.00046062451085926437,0.000331613653748213,-0.0012843984938974966,0.0003631494721789679
umi_uma_mix,urban_all,-4.0,3,0.2875178301775897,0.28746583726671004,5.199291087965019e-05,1.0001808663992007,5.1992910879613184e-05,0.0002928145890532445,-0.0006753988523655824,0.0007793846741248089,0.5482097632355161,0.5478472144883356,0.0003625487471804467,0.00031309431596980125,-0.0004152206504840603,0.0011403181448449537
umi_uma_mix,urban_all,-2.0,3,0.23997083122347607,0.23942094967689043,0.0005498815465856399,1.002296714415876,0.0005498815465856491,0.00025859620839036566,-9.250704681666407e-05,0.0011922701399879622,0.48040042008146827,0.4792962607778149,0.001104159303653392,0.0003231945173122717,0.0003012996149368394,0.0019070189923699448
umi_uma_mix,urban_all,0.0,3,0.18879869249131945,0.18787125010549285,0.0009274423858265934,1.0049365849500964,0.0009274423858265842,0.00021221613770222475,0.0004002682750986608,0.0014546164965545077,0.39604099757141537,0.39424868332751006,0.0017923142439053203,0.0003725577117530912,0.0008668295823012521,0.0027177989055093884
umi_uma_mix,urban_all,2.0,3,0.13774918921199847,0.13662131038712866,0.0011278788248698102,1.0082555116890173,0.0011278788248697917,0.00020067689883310216,0.000629369772582629,0.0016263878771569545,0.30113244029106917,0.2987791395481722,0.0023533007428969874,0.00040671779328062426,0.001342957734530717,0.0033636437512632577
umi_uma_mix,urban_all,4.0,3,0.0922350471402392,0.09101392015998747,0.00122112698025173,1.0134169254341006,0.0012211269802517393,0.00021239885287002963,0.0006934989798849459,0.0017487549806185325,0.20757393207814956,0.2049845462595975,0.0025893858185520777,0.00040016820019841374,0.0015953129013585574,0.003583458735745598
umi_uma_mix,urban_all,6.0,3,0.05676034056110146,0.05575123539677373,0.0010091051643277352,1.0181001399726135,0.0010091051643277376,0.0001809098721601952,0.0005597001284497645,0.0014585102002057106,0.12943129613995552,0.12702937345997786,0.002401922679977649,0.0003381542414872373,0.0015619009762792837,0.0032419443836760146
umi_uma_mix,urban_all,8.0,3,0.033155088071469906,0.03242068820529514,0.0007343998661747675,1.022652198544472,0.0007343998661747675,0.00016084926750085701,0.00033482813485344483,0.00113397159749609,0.07543416089021866,0.07354475806156795,0.0018894028286507158,0.00023099523597768063,0.0013155788517023126,0.0024632268055991193
umi_uma_mix,urban_all,10.0,3,0.019543965657552082,0.019030158902391976,0.0005138067551601067,1.026999604038804,0.0005138067551601089,7.202412784165637e-05,0.00033488890302599473,0.0006927246072942232,0.044007157699929335,0.042623728065303075,0.0013834296346262643,0.00013912117077046176,0.0010378334877995054,0.0017290257814530233
umi_uma_mix,urban_all,12.0,3,0.01206682935173129,0.011632236433617863,0.00043459291811342657,1.0373610801838093,0.00043459291811342597,6.302597581827231e-05,0.0002780277147575033,0.0005911581214693486,0.026930036701629925,0.025845428187124153,0.001084608514505771,6.724270980358996e-05,0.0009175683632361075,0.0012516486657754345
umi_uma_mix,urban_all,14.0,3,0.007705453001422647,0.007329587583188657,0.0003758654182339895,1.0512805685133069,0.0003758654182339895,7.000235120620118e-05,0.00020196993768493415,0.0005497608987830449,0.017194735587655028,0.016242525005644118,0.0009522105820109079,4.892095758202754e-05,0.0008306841863818847,0.001073736977639931
umi_uma_mix,urban_all,16.0,3,0.005036153911072531,0.004706159050081983,0.0003299948609905472,1.0701197850473836,0.0003299948609905478,6.063177125417971e-05,0.000179377191482156,0.00048061253049893964,0.011323326533907496,0.010397107788810023,0.0009262187450974716,4.403472369795417e-05,0.0008168304273287639,0.0010356070628661793
umi_uma_mix,urban_all,18.0,3,0.0033966347023292823,0.0030544893241222994,0.00034214537820698296,1.1120139381417866,0.00034214537820698296,4.673276905583827e-05,0.00022605474421649033,0.00045823601219747555,0.00768215525004277,0.00674971452530439,0.0009324407247383792,4.624750819063286e-05,0.0008175555455632253,0.0010473259039135332
umi_uma_mix,urban_all,20.0,3,0.002341470600646219,0.002003469584900656,0.00033800101574556294,1.1687078347946684,0.0003380010157455632,4.0675711473776804e-05,0.00023695694691747862,0.0004390450845736478,0.005395843627478893,0.0044692935300617255,0.0009265500974171672,5.594235322679315e-05,0.0007875815880772063,0.0010655186067571282
