spatial_id,source_csv,ebno_db,receiver,csi,model,checkpoint_model,train_seed,eval_seed,common_random_numbers,checkpoint,checkpoint_epoch,phase_mode,num_layers,num_rx_ant,total_tx_power,train_profile,test_profile,backend,scenario,tdl_model,delay_ns,layer,bler,block_errors,num_blocks,post_ldpc_ber,info_bit_errors,bler_ci95_low,bler_ci95_high
layer2_rx2,runs/su_mimo_lmmse_umi_uma_matrix_v1/layer2_rx2/umi_normalized/lmmse_ls/bler_per_layer.csv,3.0,lmmse_ls,ls,lmmse_ls,su_mimo_phase_sensitive,-1,777000,1,/home/ahhy/projects/phase_invariant_receiver_sionna/checkpoints/generalization/umi_uma_mix_normalized/su_mimo_phase_sensitive_seed0/su_mimo_phase_sensitive_layer2_rx2_seed0.pt,129,uniform,2,2,1.0,umi_uma_mix_normalized,umi_normalized,umi,umi,,,0,0.7367424242424242,389,528,0.18859602974186307,86036,0.697564661379685,0.7725002345657163
layer2_rx2,runs/su_mimo_lmmse_umi_uma_matrix_v1/layer2_rx2/umi_normalized/lmmse_ls/bler_per_layer.csv,3.0,lmmse_ls,ls,lmmse_ls,su_mimo_phase_sensitive,-1,777000,1,/home/ahhy/projects/phase_invariant_receiver_sionna/checkpoints/generalization/umi_uma_mix_normalized/su_mimo_phase_sensitive_seed0/su_mimo_phase_sensitive_layer2_rx2_seed0.pt,129,uniform,2,2,1.0,umi_uma_mix_normalized,umi_normalized,umi,umi,,,1,0.7651515151515151,404,528,0.1850514695566779,84419,0.7271587628830052,0.7993139205758442
layer2_rx2,runs/su_mimo_lmmse_umi_uma_matrix_v1/layer2_rx2/umi_normalized/lmmse_ls/bler_per_layer.csv,5.0,lmmse_ls,ls,lmmse_ls,su_mimo_phase_sensitive,-1,777000,1,/home/ahhy/projects/phase_invariant_receiver_sionna/checkpoints/generalization/umi_uma_mix_normalized/su_mimo_phase_sensitive_seed0/su_mimo_phase_sensitive_layer2_rx2_seed0.pt,129,uniform,2,2,1.0,umi_uma_mix_normalized,umi_normalized,umi,umi,,,0,0.5878378378378378,348,592,0.1454931493993994,74418,0.547744875362874,0.6267981989069824
layer2_rx2,runs/su_mimo_lmmse_umi_uma_matrix_v1/layer2_rx2/umi_normalized/lmmse_ls/bler_per_layer.csv,5.0,lmmse_ls,ls,lmmse_ls,su_mimo_phase_sensitive,-1,777000,1,/home/ahhy/projects/phase_invariant_receiver_sionna/checkpoints/generalization/umi_uma_mix_normalized/su_mimo_phase_sensitive_seed0/su_mimo_phase_sensitive_layer2_rx2_seed0.pt,129,uniform,2,2,1.0,umi_uma_mix_normalized,umi_normalized,umi,umi,,,1,0.6013513513513513,356,592,0.13813031781781782,70652,0.5613789690286493,0.6400168858981081
layer2_rx2,runs/su_mimo_lmmse_umi_uma_matrix_v1/layer2_rx2/umi_normalized/lmmse_ls/bler_per_layer.csv,7.0,lmmse_ls,ls,lmmse_ls,su_mimo_phase_sensitive,-1,777000,1,/home/ahhy/projects/phase_invariant_receiver_sionna/checkpoints/generalization/umi_uma_mix_normalized/su_mimo_phase_sensitive_seed0/su_mimo_phase_sensitive_layer2_rx2_seed0.pt,129,uniform,2,2,1.0,umi_uma_mix_normalized,umi_normalized,umi,umi,,,0,0.46603260869565216,343,736,0.11026507145732689,70118,0.4302630646235597,0.5021548887043061
layer2_rx2,runs/su_mimo_lmmse_umi_uma_matrix_v1/layer2_rx2/umi_normalized/lmmse_ls/bler_per_layer.csv,7.0,lmmse_ls,ls,lmmse_ls,su_mimo_phase_sensitive,-1,777000,1,/home/ahhy/projects/phase_invariant_receiver_sionna/checkpoints/generalization/umi_uma_mix_normalized/su_mimo_phase_sensitive_seed0/su_mimo_phase_sensitive_layer2_rx2_seed0.pt,129,uniform,2,2,1.0,umi_uma_mix_normalized,umi_normalized,umi,umi,,,1,0.4361413043478261,321,736,0.10033589975845411,63804,0.4007376771643943,0.4722080750919934
layer2_rx2,runs/su_mimo_lmmse_umi_uma_matrix_v1/layer2_rx2/umi_normalized/lmmse_ls/bler_per_layer.csv,9.0,lmmse_ls,ls,lmmse_ls,su_mimo_phase_sensitive,-1,777000,1,/home/ahhy/projects/phase_invariant_receiver_sionna/checkpoints/generalization/umi_uma_mix_normalized/su_mimo_phase_sensitive_seed0/su_mimo_phase_sensitive_layer2_rx2_seed0.pt,129,uniform,2,2,1.0,umi_uma_mix_normalized,umi_normalized,umi,umi,,,0,0.35560344827586204,330,928,0.08219089240102172,65900,0.32545770646788,0.3869397218036938
layer2_rx2,runs/su_mimo_lmmse_umi_uma_matrix_v1/layer2_rx2/umi_normalized/lmmse_ls/bler_per_layer.csv,9.0,lmmse_ls,ls,lmmse_ls,su_mimo_phase_sensitive,-1,777000,1,/home/ahhy/projects/phase_invariant_receiver_sionna/checkpoints/generalization/umi_uma_mix_normalized/su_mimo_phase_sensitive_seed0/su_mimo_phase_sensitive_layer2_rx2_seed0.pt,129,uniform,2,2,1.0,umi_uma_mix_normalized,umi_normalized,umi,umi,,,1,0.3329741379310345,309,928,0.0738907347541507,59245,0.3033959217617266,0.3639294616867357
layer2_rx2,runs/su_mimo_lmmse_umi_uma_matrix_v1/layer2_rx2/umi_normalized/lmmse_ls/bler_per_layer.csv,11.0,lmmse_ls,ls,lmmse_ls,su_mimo_phase_sensitive,-1,777000,1,/home/ahhy/projects/phase_invariant_receiver_sionna/checkpoints/generalization/umi_uma_mix_normalized/su_mimo_phase_sensitive_seed0/su_mimo_phase_sensitive_layer2_rx2_seed0.pt,129,uniform,2,2,1.0,umi_uma_mix_normalized,umi_normalized,umi,umi,,,0,0.2633333333333333,316,1200,0.05816068672839506,60301,0.23919699218752602,0.2889800814311017
layer2_rx2,runs/su_mimo_lmmse_umi_uma_matrix_v1/layer2_rx2/umi_normalized/lmmse_ls/bler_per_layer.csv,11.0,lmmse_ls,ls,lmmse_ls,su_mimo_phase_sensitive,-1,777000,1,/home/ahhy/projects/phase_invariant_receiver_sionna/checkpoints/generalization/umi_uma_mix_normalized/su_mimo_phase_sensitive_seed0/su_mimo_phase_sensitive_layer2_rx2_seed0.pt,129,uniform,2,2,1.0,umi_uma_mix_normalized,umi_normalized,umi,umi,,,1,0.24833333333333332,298,1200,0.055282600308641974,57317,0.2247173620963486,0.2735554415403613
layer2_rx2,runs/su_mimo_lmmse_umi_uma_matrix_v1/layer2_rx2/umi_normalized/lmmse_ls/bler_per_layer.csv,13.0,lmmse_ls,ls,lmmse_ls,su_mimo_phase_sensitive,-1,777000,1,/home/ahhy/projects/phase_invariant_receiver_sionna/checkpoints/generalization/umi_uma_mix_normalized/su_mimo_phase_sensitive_seed0/su_mimo_phase_sensitive_layer2_rx2_seed0.pt,129,uniform,2,2,1.0,umi_uma_mix_normalized,umi_normalized,umi,umi,,,0,0.18452380952380953,310,1680,0.04060846560846561,58944,0.16670151880564835,0.20378553361412735
layer2_rx2,runs/su_mimo_lmmse_umi_uma_matrix_v1/layer2_rx2/umi_normalized/lmmse_ls/bler_per_layer.csv,13.0,lmmse_ls,ls,lmmse_ls,su_mimo_phase_sensitive,-1,777000,1,/home/ahhy/projects/phase_invariant_receiver_sionna/checkpoints/generalization/umi_uma_mix_normalized/su_mimo_phase_sensitive_seed0/su_mimo_phase_sensitive_layer2_rx2_seed0.pt,129,uniform,2,2,1.0,umi_uma_mix_normalized,umi_normalized,umi,umi,,,1,0.17916666666666667,301,1680,0.04008969907407407,58191,0.16156701863585077,0.19823019127784564
layer2_rx2,runs/su_mimo_lmmse_umi_uma_matrix_v1/layer2_rx2/umi_normalized/lmmse_perfect/bler_per_layer.csv,3.0,lmmse_perfect,perfect,lmmse_perfect,su_mimo_phase_sensitive,-1,777000,1,/home/ahhy/projects/phase_invariant_receiver_sionna/checkpoints/generalization/umi_uma_mix_normalized/su_mimo_phase_sensitive_seed0/su_mimo_phase_sensitive_layer2_rx2_seed0.pt,129,uniform,2,2,1.0,umi_uma_mix_normalized,umi_normalized,umi,umi,,,0,0.5480769230769231,342,624,0.12434895833333333,67041,0.5088523953791647,0.5867131318045625
layer2_rx2,runs/su_mimo_lmmse_umi_uma_matrix_v1/layer2_rx2/umi_normalized/lmmse_perfect/bler_per_layer.csv,3.0,lmmse_perfect,perfect,lmmse_perfect,su_mimo_phase_sensitive,-1,777000,1,/home/ahhy/projects/phase_invariant_receiver_sionna/checkpoints/generalization/umi_uma_mix_normalized/su_mimo_phase_sensitive_seed0/su_mimo_phase_sensitive_layer2_rx2_seed0.pt,129,uniform,2,2,1.0,umi_uma_mix_normalized,umi_normalized,umi,umi,,,1,0.530448717948718,331,624,0.11334431386514719,61108,0.4912240844521183,0.569300749430909
layer2_rx2,runs/su_mimo_lmmse_umi_uma_matrix_v1/layer2_rx2/umi_normalized/lmmse_perfect/bler_per_layer.csv,5.0,lmmse_perfect,perfect,lmmse_perfect,su_mimo_phase_sensitive,-1,777000,1,/home/ahhy/projects/phase_invariant_receiver_sionna/checkpoints/generalization/umi_uma_mix_normalized/su_mimo_phase_sensitive_seed0/su_mimo_phase_sensitive_layer2_rx2_seed0.pt,129,uniform,2,2,1.0,umi_uma_mix_normalized,umi_normalized,umi,umi,,,0,0.41836734693877553,328,784,0.09231505102040816,62532,0.3843176248759614,0.45321313900183585
layer2_rx2,runs/su_mimo_lmmse_umi_uma_matrix_v1/layer2_rx2/umi_normalized/lmmse_perfect/bler_per_layer.csv,5.0,lmmse_perfect,perfect,lmmse_perfect,su_mimo_phase_sensitive,-1,777000,1,/home/ahhy/projects/phase_invariant_receiver_sionna/checkpoints/generalization/umi_uma_mix_normalized/su_mimo_phase_sensitive_seed0/su_mimo_phase_sensitive_layer2_rx2_seed0.pt,129,uniform,2,2,1.0,umi_uma_mix_normalized,umi_normalized,umi,umi,,,1,0.3852040816326531,302,784,0.08086646116780045,54777,0.3517779388958538,0.4197496978072986
layer2_rx2,runs/su_mimo_lmmse_umi_uma_matrix_v1/layer2_rx2/umi_normalized/lmmse_perfect/bler_per_layer.csv,7.0,lmmse_perfect,perfect,lmmse_perfect,su_mimo_phase_sensitive,-1,777000,1,/home/ahhy/projects/phase_invariant_receiver_sionna/checkpoints/generalization/umi_uma_mix_normalized/su_mimo_phase_sensitive_seed0/su_mimo_phase_sensitive_layer2_rx2_seed0.pt,129,uniform,2,2,1.0,umi_uma_mix_normalized,umi_normalized,umi,umi,,,0,0.3001893939393939,317,1056,0.06410677960157127,58490,0.2733100592887508,0.32851717959887733
layer2_rx2,runs/su_mimo_lmmse_umi_uma_matrix_v1/layer2_rx2/umi_normalized/lmmse_perfect/bler_per_layer.csv,7.0,lmmse_perfect,perfect,lmmse_perfect,su_mimo_phase_sensitive,-1,777000,1,/home/ahhy/projects/phase_invariant_receiver_sionna/checkpoints/generalization/umi_uma_mix_normalized/su_mimo_phase_sensitive_seed0/su_mimo_phase_sensitive_layer2_rx2_seed0.pt,129,uniform,2,2,1.0,umi_uma_mix_normalized,umi_normalized,umi,umi,,,1,0.28125,297,1056,0.059742389169472505,54508,0.254962847338818,0.3091228976045095
layer2_rx2,runs/su_mimo_lmmse_umi_uma_matrix_v1/layer2_rx2/umi_normalized/lmmse_perfect/bler_per_layer.csv,9.0,lmmse_perfect,perfect,lmmse_perfect,su_mimo_phase_sensitive,-1,777000,1,/home/ahhy/projects/phase_invariant_receiver_sionna/checkpoints/generalization/umi_uma_mix_normalized/su_mimo_phase_sensitive_seed0/su_mimo_phase_sensitive_layer2_rx2_seed0.pt,129,uniform,2,2,1.0,umi_uma_mix_normalized,umi_normalized,umi,umi,,,0,0.21067415730337077,300,1424,0.04310773642322097,53037,0.19028670516127036,0.2326184115730683
layer2_rx2,runs/su_mimo_lmmse_umi_uma_matrix_v1/layer2_rx2/umi_normalized/lmmse_perfect/bler_per_layer.csv,9.0,lmmse_perfect,perfect,lmmse_perfect,su_mimo_phase_sensitive,-1,777000,1,/home/ahhy/projects/phase_invariant_receiver_sionna/checkpoints/generalization/umi_uma_mix_normalized/su_mimo_phase_sensitive_seed0/su_mimo_phase_sensitive_layer2_rx2_seed0.pt,129,uniform,2,2,1.0,umi_uma_mix_normalized,umi_normalized,umi,umi,,,1,0.19662921348314608,280,1424,0.042545288441531416,52345,0.17681392775140214,0.2180768742613025
layer2_rx2,runs/su_mimo_lmmse_umi_uma_matrix_v1/layer2_rx2/umi_normalized/lmmse_perfect/bler_per_layer.csv,11.0,lmmse_perfect,perfect,lmmse_perfect,su_mimo_phase_sensitive,-1,777000,1,/home/ahhy/projects/phase_invariant_receiver_sionna/checkpoints/generalization/umi_uma_mix_normalized/su_mimo_phase_sensitive_seed0/su_mimo_phase_sensitive_layer2_rx2_seed0.pt,129,uniform,2,2,1.0,umi_uma_mix_normalized,umi_normalized,umi,umi,,,0,0.147,294,2000,0.029509837962962963,50993,0.13215774792821597,0.16319568745234855
layer2_rx2,runs/su_mimo_lmmse_umi_uma_matrix_v1/layer2_rx2/umi_normalized/lmmse_perfect/bler_per_layer.csv,11.0,lmmse_perfect,perfect,lmmse_perfect,su_mimo_phase_sensitive,-1,777000,1,/home/ahhy/projects/phase_invariant_receiver_sionna/checkpoints/generalization/umi_uma_mix_normalized/su_mimo_phase_sensitive_seed0/su_mimo_phase_sensitive_layer2_rx2_seed0.pt,129,uniform,2,2,1.0,umi_uma_mix_normalized,umi_normalized,umi,umi,,,1,0.14,280,2000,0.029177662037037037,50419,0.12548195561218853,0.15589831843031357
layer2_rx2,runs/su_mimo_lmmse_umi_uma_matrix_v1/layer2_rx2/umi_normalized/lmmse_perfect/bler_per_layer.csv,13.0,lmmse_perfect,perfect,lmmse_perfect,su_mimo_phase_sensitive,-1,777000,1,/home/ahhy/projects/phase_invariant_receiver_sionna/checkpoints/generalization/umi_uma_mix_normalized/su_mimo_phase_sensitive_seed0/su_mimo_phase_sensitive_layer2_rx2_seed0.pt,129,uniform,2,2,1.0,umi_uma_mix_normalized,umi_normalized,umi,umi,,,0,0.10014204545454546,282,2816,0.019607698074494948,47706,0.0895936127067446,0.1117799280093264
layer2_rx2,runs/su_mimo_lmmse_umi_uma_matrix_v1/layer2_rx2/umi_normalized/lmmse_perfect/bler_per_layer.csv,13.0,lmmse_perfect,perfect,lmmse_perfect,su_mimo_phase_sensitive,-1,777000,1,/home/ahhy/projects/phase_invariant_receiver_sionna/checkpoints/generalization/umi_uma_mix_normalized/su_mimo_phase_sensitive_seed0/su_mimo_phase_sensitive_layer2_rx2_seed0.pt,129,uniform,2,2,1.0,umi_uma_mix_normalized,umi_normalized,umi,umi,,,1,0.10333806818181818,291,2816,0.021012123184974748,51123,0.09263026537855522,0.11512661293392372
layer2_rx2,runs/su_mimo_lmmse_umi_uma_matrix_v1/layer2_rx2/uma_normalized/lmmse_ls/bler_per_layer.csv,3.0,lmmse_ls,ls,lmmse_ls,su_mimo_phase_sensitive,-1,777000,1,/home/ahhy/projects/phase_invariant_receiver_sionna/checkpoints/generalization/umi_uma_mix_normalized/su_mimo_phase_sensitive_seed0/su_mimo_phase_sensitive_layer2_rx2_seed0.pt,129,uniform,2,2,1.0,umi_uma_mix_normalized,uma_normalized,uma,uma,,,0,0.75,384,512,0.16954662181712962,75002,0.71072470186089,0.7855518102776686
layer2_rx2,runs/su_mimo_lmmse_umi_uma_matrix_v1/layer2_rx2/uma_normalized/lmmse_ls/bler_per_layer.csv,3.0,lmmse_ls,ls,lmmse_ls,su_mimo_phase_sensitive,-1,777000,1,/home/ahhy/projects/phase_invariant_receiver_sionna/checkpoints/generalization/umi_uma_mix_normalized/su_mimo_phase_sensitive_seed0/su_mimo_phase_sensitive_layer2_rx2_seed0.pt,129,uniform,2,2,1.0,umi_uma_mix_normalized,uma_normalized,uma,uma,,,1,0.78515625,402,512,0.18650987413194445,82506,0.7475262289010062,0.8185391677570372
layer2_rx2,runs/su_mimo_lmmse_umi_uma_matrix_v1/layer2_rx2/uma_normalized/lmmse_ls/bler_per_layer.csv,5.0,lmmse_ls,ls,lmmse_ls,su_mimo_phase_sensitive,-1,777000,1,/home/ahhy/projects/phase_invariant_receiver_sionna/checkpoints/generalization/umi_uma_mix_normalized/su_mimo_phase_sensitive_seed0/su_mimo_phase_sensitive_layer2_rx2_seed0.pt,129,uniform,2,2,1.0,umi_uma_mix_normalized,uma_normalized,uma,uma,,,0,0.5128205128205128,320,624,0.10959757834757834,59088,0.47364437468021436,0.5518397659021128
layer2_rx2,runs/su_mimo_lmmse_umi_uma_matrix_v1/layer2_rx2/uma_normalized/lmmse_ls/bler_per_layer.csv,5.0,lmmse_ls,ls,lmmse_ls,su_mimo_phase_sensitive,-1,777000,1,/home/ahhy/projects/phase_invariant_receiver_sionna/checkpoints/generalization/umi_uma_mix_normalized/su_mimo_phase_sensitive_seed0/su_mimo_phase_sensitive_layer2_rx2_seed0.pt,129,uniform,2,2,1.0,umi_uma_mix_normalized,uma_normalized,uma,uma,,,1,0.5689102564102564,355,624,0.12472919634377967,67246,0.5297490800843863,0.6072281755456228
layer2_rx2,runs/su_mimo_lmmse_umi_uma_matrix_v1/layer2_rx2/uma_normalized/lmmse_ls/bler_per_layer.csv,7.0,lmmse_ls,ls,lmmse_ls,su_mimo_phase_sensitive,-1,777000,1,/home/ahhy/projects/phase_invariant_receiver_sionna/checkpoints/generalization/umi_uma_mix_normalized/su_mimo_phase_sensitive_seed0/su_mimo_phase_sensitive_layer2_rx2_seed0.pt,129,uniform,2,2,1.0,umi_uma_mix_normalized,uma_normalized,uma,uma,,,0,0.3506944444444444,303,864,0.07699572402263374,57477,0.319600421867264,0.3831102548609542
layer2_rx2,runs/su_mimo_lmmse_umi_uma_matrix_v1/layer2_rx2/uma_normalized/lmmse_ls/bler_per_layer.csv,7.0,lmmse_ls,ls,lmmse_ls,su_mimo_phase_sensitive,-1,777000,1,/home/ahhy/projects/phase_invariant_receiver_sionna/checkpoints/generalization/umi_uma_mix_normalized/su_mimo_phase_sensitive_seed0/su_mimo_phase_sensitive_layer2_rx2_seed0.pt,129,uniform,2,2,1.0,umi_uma_mix_normalized,uma_normalized,uma,uma,,,1,0.37962962962962965,328,864,0.07961462620027435,59432,0.3478706180122695,0.4124542686523406
layer2_rx2,runs/su_mimo_lmmse_umi_uma_matrix_v1/layer2_rx2/uma_normalized/lmmse_ls/bler_per_layer.csv,9.0,lmmse_ls,ls,lmmse_ls,su_mimo_phase_sensitive,-1,777000,1,/home/ahhy/projects/phase_invariant_receiver_sionna/checkpoints/generalization/umi_uma_mix_normalized/su_mimo_phase_sensitive_seed0/su_mimo_phase_sensitive_layer2_rx2_seed0.pt,129,uniform,2,2,1.0,umi_uma_mix_normalized,uma_normalized,uma,uma,,,0,0.2450657894736842,298,1216,0.05091926321881091,53497,0.2217177666360482,0.2700194623974712
layer2_rx2,runs/su_mimo_lmmse_umi_uma_matrix_v1/layer2_rx2/uma_normalized/lmmse_ls/bler_per_layer.csv,9.0,lmmse_ls,ls,lmmse_ls,su_mimo_phase_sensitive,-1,777000,1,/home/ahhy/projects/phase_invariant_receiver_sionna/checkpoints/generalization/umi_uma_mix_normalized/su_mimo_phase_sensitive_seed0/su_mimo_phase_sensitive_layer2_rx2_seed0.pt,129,uniform,2,2,1.0,umi_uma_mix_normalized,uma_normalized,uma,uma,,,1,0.25164473684210525,306,1216,0.05162551017300195,54239,0.22806174991501,0.276791937724096
layer2_rx2,runs/su_mimo_lmmse_umi_uma_matrix_v1/layer2_rx2/uma_normalized/lmmse_ls/bler_per_layer.csv,11.0,lmmse_ls,ls,lmmse_ls,su_mimo_phase_sensitive,-1,777000,1,/home/ahhy/projects/phase_invariant_receiver_sionna/checkpoints/generalization/umi_uma_mix_normalized/su_mimo_phase_sensitive_seed0/su_mimo_phase_sensitive_layer2_rx2_seed0.pt,129,uniform,2,2,1.0,umi_uma_mix_normalized,uma_normalized,uma,uma,,,0,0.15208333333333332,292,1920,0.029616367669753087,49130,0.13671649048323545,0.16883959165933263
layer2_rx2,runs/su_mimo_lmmse_umi_uma_matrix_v1/layer2_rx2/uma_normalized/lmmse_ls/bler_per_layer.csv,11.0,lmmse_ls,ls,lmmse_ls,su_mimo_phase_sensitive,-1,777000,1,/home/ahhy/projects/phase_invariant_receiver_sionna/checkpoints/generalization/umi_uma_mix_normalized/su_mimo_phase_sensitive_seed0/su_mimo_phase_sensitive_layer2_rx2_seed0.pt,129,uniform,2,2,1.0,umi_uma_mix_normalized,uma_normalized,uma,uma,,,1,0.15572916666666667,299,1920,0.03211564429012346,53276,0.1401992463657778,0.17263394270044602
layer2_rx2,runs/su_mimo_lmmse_umi_uma_matrix_v1/layer2_rx2/uma_normalized/lmmse_ls/bler_per_layer.csv,13.0,lmmse_ls,ls,lmmse_ls,su_mimo_phase_sensitive,-1,777000,1,/home/ahhy/projects/phase_invariant_receiver_sionna/checkpoints/generalization/umi_uma_mix_normalized/su_mimo_phase_sensitive_seed0/su_mimo_phase_sensitive_layer2_rx2_seed0.pt,129,uniform,2,2,1.0,umi_uma_mix_normalized,uma_normalized,uma,uma,,,0,0.09554973821989529,292,3056,0.019586923720186156,51717,0.08562901988054729,0.10648598566201324
layer2_rx2,runs/su_mimo_lmmse_umi_uma_matrix_v1/layer2_rx2/uma_normalized/lmmse_ls/bler_per_layer.csv,13.0,lmmse_ls,ls,lmmse_ls,su_mimo_phase_sensitive,-1,777000,1,/home/ahhy/projects/phase_invariant_receiver_sionna/checkpoints/generalization/umi_uma_mix_normalized/su_mimo_phase_sensitive_seed0/su_mimo_phase_sensitive_layer2_rx2_seed0.pt,129,uniform,2,2,1.0,umi_uma_mix_normalized,uma_normalized,uma,uma,,,1,0.09391361256544503,287,3056,0.019041169769245685,50276,0.08407497952541043,0.10477188283568795
layer2_rx2,runs/su_mimo_lmmse_umi_uma_matrix_v1/layer2_rx2/uma_normalized/lmmse_perfect/bler_per_layer.csv,3.0,lmmse_perfect,perfect,lmmse_perfect,su_mimo_phase_sensitive,-1,777000,1,/home/ahhy/projects/phase_invariant_receiver_sionna/checkpoints/generalization/umi_uma_mix_normalized/su_mimo_phase_sensitive_seed0/su_mimo_phase_sensitive_layer2_rx2_seed0.pt,129,uniform,2,2,1.0,umi_uma_mix_normalized,uma_normalized,uma,uma,,,0,0.4157608695652174,306,736,0.08639983393719806,54942,0.380681871688148,0.4517146525649592
layer2_rx2,runs/su_mimo_lmmse_umi_uma_matrix_v1/layer2_rx2/uma_normalized/lmmse_perfect/bler_per_layer.csv,3.0,lmmse_perfect,perfect,lmmse_perfect,su_mimo_phase_sensitive,-1,777000,1,/home/ahhy/projects/phase_invariant_receiver_sionna/checkpoints/generalization/umi_uma_mix_normalized/su_mimo_phase_sensitive_seed0/su_mimo_phase_sensitive_layer2_rx2_seed0.pt,129,uniform,2,2,1.0,umi_uma_mix_normalized,uma_normalized,uma,uma,,,1,0.4592391304347826,338,736,0.0927199703099839,58961,0.42354135339106375,0.4953601906023752
layer2_rx2,runs/su_mimo_lmmse_umi_uma_matrix_v1/layer2_rx2/uma_normalized/lmmse_perfect/bler_per_layer.csv,5.0,lmmse_perfect,perfect,lmmse_perfect,su_mimo_phase_sensitive,-1,777000,1,/home/ahhy/projects/phase_invariant_receiver_sionna/checkpoints/generalization/umi_uma_mix_normalized/su_mimo_phase_sensitive_seed0/su_mimo_phase_sensitive_layer2_rx2_seed0.pt,129,uniform,2,2,1.0,umi_uma_mix_normalized,uma_normalized,uma,uma,,,0,0.28125,288,1024,0.05723628291377315,50639,0.2545688519521874,0.3095662623153204
layer2_rx2,runs/su_mimo_lmmse_umi_uma_matrix_v1/layer2_rx2/uma_normalized/lmmse_perfect/bler_per_layer.csv,5.0,lmmse_perfect,perfect,lmmse_perfect,su_mimo_phase_sensitive,-1,777000,1,/home/ahhy/projects/phase_invariant_receiver_sionna/checkpoints/generalization/umi_uma_mix_normalized/su_mimo_phase_sensitive_seed0/su_mimo_phase_sensitive_layer2_rx2_seed0.pt,129,uniform,2,2,1.0,umi_uma_mix_normalized,uma_normalized,uma,uma,,,1,0.2978515625,305,1024,0.060090241608796294,53164,0.2706392956835235,0.32657485009046805
layer2_rx2,runs/su_mimo_lmmse_umi_uma_matrix_v1/layer2_rx2/uma_normalized/lmmse_perfect/bler_per_layer.csv,7.0,lmmse_perfect,perfect,lmmse_perfect,su_mimo_phase_sensitive,-1,777000,1,/home/ahhy/projects/phase_invariant_receiver_sionna/checkpoints/generalization/umi_uma_mix_normalized/su_mimo_phase_sensitive_seed0/su_mimo_phase_sensitive_layer2_rx2_seed0.pt,129,uniform,2,2,1.0,umi_uma_mix_normalized,uma_normalized,uma,uma,,,0,0.18949468085106383,285,1504,0.03634520907210402,47229,0.17048900011877474,0.21008248202464921
layer2_rx2,runs/su_mimo_lmmse_umi_uma_matrix_v1/layer2_rx2/uma_normalized/lmmse_perfect/bler_per_layer.csv,7.0,lmmse_perfect,perfect,lmmse_perfect,su_mimo_phase_sensitive,-1,777000,1,/home/ahhy/projects/phase_invariant_receiver_sionna/checkpoints/generalization/umi_uma_mix_normalized/su_mimo_phase_sensitive_seed0/su_mimo_phase_sensitive_layer2_rx2_seed0.pt,129,uniform,2,2,1.0,umi_uma_mix_normalized,uma_normalized,uma,uma,,,1,0.18617021276595744,280,1504,0.03567954590228527,46364,0.16730666657152968,0.2066328185927018
layer2_rx2,runs/su_mimo_lmmse_umi_uma_matrix_v1/layer2_rx2/uma_normalized/lmmse_perfect/bler_per_layer.csv,9.0,lmmse_perfect,perfect,lmmse_perfect,su_mimo_phase_sensitive,-1,777000,1,/home/ahhy/projects/phase_invariant_receiver_sionna/checkpoints/generalization/umi_uma_mix_normalized/su_mimo_phase_sensitive_seed0/su_mimo_phase_sensitive_layer2_rx2_seed0.pt,129,uniform,2,2,1.0,umi_uma_mix_normalized,uma_normalized,uma,uma,,,0,0.10917721518987342,276,2528,0.020880490359821847,45607,0.09760810165212626,0.12193228737349597
layer2_rx2,runs/su_mimo_lmmse_umi_uma_matrix_v1/layer2_rx2/uma_normalized/lmmse_perfect/bler_per_layer.csv,9.0,lmmse_perfect,perfect,lmmse_perfect,su_mimo_phase_sensitive,-1,777000,1,/home/ahhy/projects/phase_invariant_receiver_sionna/checkpoints/generalization/umi_uma_mix_normalized/su_mimo_phase_sensitive_seed0/su_mimo_phase_sensitive_layer2_rx2_seed0.pt,129,uniform,2,2,1.0,umi_uma_mix_normalized,uma_normalized,uma,uma,,,1,0.10640822784810126,269,2528,0.020715211849507736,45246,0.09497935484144346,0.11903146204164775
layer2_rx2,runs/su_mimo_lmmse_umi_uma_matrix_v1/layer2_rx2/uma_normalized/lmmse_perfect/bler_per_layer.csv,11.0,lmmse_perfect,perfect,lmmse_perfect,su_mimo_phase_sensitive,-1,777000,1,/home/ahhy/projects/phase_invariant_receiver_sionna/checkpoints/generalization/umi_uma_mix_normalized/su_mimo_phase_sensitive_seed0/su_mimo_phase_sensitive_layer2_rx2_seed0.pt,129,uniform,2,2,1.0,umi_uma_mix_normalized,uma_normalized,uma,uma,,,0,0.06687743190661478,275,4112,0.013424180807753278,47693,0.05963916518529216,0.07492419551796134
layer2_rx2,runs/su_mimo_lmmse_umi_uma_matrix_v1/layer2_rx2/uma_normalized/lmmse_perfect/bler_per_layer.csv,11.0,lmmse_perfect,perfect,lmmse_perfect,su_mimo_phase_sensitive,-1,777000,1,/home/ahhy/projects/phase_invariant_receiver_sionna/checkpoints/generalization/umi_uma_mix_normalized/su_mimo_phase_sensitive_seed0/su_mimo_phase_sensitive_layer2_rx2_seed0.pt,129,uniform,2,2,1.0,umi_uma_mix_normalized,uma_normalized,uma,uma,,,1,0.06614785992217899,272,4112,0.012814233859345728,45526,0.058948958978417114,0.07415661962607716
layer2_rx2,runs/su_mimo_lmmse_umi_uma_matrix_v1/layer2_rx2/uma_normalized/lmmse_perfect/bler_per_layer.csv,13.0,lmmse_perfect,perfect,lmmse_perfect,su_mimo_phase_sensitive,-1,777000,1,/home/ahhy/projects/phase_invariant_receiver_sionna/checkpoints/generalization/umi_uma_mix_normalized/su_mimo_phase_sensitive_seed0/su_mimo_phase_sensitive_layer2_rx2_seed0.pt,129,uniform,2,2,1.0,umi_uma_mix_normalized,uma_normalized,uma,uma,,,0,0.04471153846153846,279,6240,0.008118730709876544,43771,0.039857759176234596,0.05012554077238581
layer2_rx2,runs/su_mimo_lmmse_umi_uma_matrix_v1/layer2_rx2/uma_normalized/lmmse_perfect/bler_per_layer.csv,13.0,lmmse_perfect,perfect,lmmse_perfect,su_mimo_phase_sensitive,-1,777000,1,/home/ahhy/projects/phase_invariant_receiver_sionna/checkpoints/generalization/umi_uma_mix_normalized/su_mimo_phase_sensitive_seed0/su_mimo_phase_sensitive_layer2_rx2_seed0.pt,129,uniform,2,2,1.0,umi_uma_mix_normalized,uma_normalized,uma,uma,,,1,0.04294871794871795,268,6240,0.008139133725071225,43881,0.03819325252745058,0.04826657550967206
layer2_rx4,runs/su_mimo_lmmse_umi_uma_matrix_v1/layer2_rx4/umi_normalized/lmmse_ls/bler_per_layer.csv,3.0,lmmse_ls,ls,lmmse_ls,su_mimo_phase_sensitive,-1,777000,1,/home/ahhy/projects/phase_invariant_receiver_sionna/checkpoints/generalization/umi_uma_mix_normalized/su_mimo_phase_sensitive_seed0/su_mimo_phase_sensitive_layer2_rx4_seed0.pt,127,uniform,2,4,1.0,umi_uma_mix_normalized,umi_normalized,umi,umi,,,0,0.4268867924528302,362,848,0.09471223139412997,69393,0.39399902447871893,0.460433982137714
layer2_rx4,runs/su_mimo_lmmse_umi_uma_matrix_v1/layer2_rx4/umi_normalized/lmmse_ls/bler_per_layer.csv,3.0,lmmse_ls,ls,lmmse_ls,su_mimo_phase_sensitive,-1,777000,1,/home/ahhy/projects/phase_invariant_receiver_sionna/checkpoints/generalization/umi_uma_mix_normalized/su_mimo_phase_sensitive_seed0/su_mimo_phase_sensitive_layer2_rx4_seed0.pt,127,uniform,2,4,1.0,umi_uma_mix_normalized,umi_normalized,umi,umi,,,1,0.41037735849056606,348,848,0.09185965889238294,67303,0.3777460889500774,0.4438169514184534
layer2_rx4,runs/su_mimo_lmmse_umi_uma_matrix_v1/layer2_rx4/umi_normalized/lmmse_ls/bler_per_layer.csv,5.0,lmmse_ls,ls,lmmse_ls,su_mimo_phase_sensitive,-1,777000,1,/home/ahhy/projects/phase_invariant_receiver_sionna/checkpoints/generalization/umi_uma_mix_normalized/su_mimo_phase_sensitive_seed0/su_mimo_phase_sensitive_layer2_rx4_seed0.pt,127,uniform,2,4,1.0,umi_uma_mix_normalized,umi_normalized,umi,umi,,,0,0.2845394736842105,346,1216,0.06319292153996102,66392,0.25988908738996624,0.3105468932770727
layer2_rx4,runs/su_mimo_lmmse_umi_uma_matrix_v1/layer2_rx4/umi_normalized/lmmse_ls/bler_per_layer.csv,5.0,lmmse_ls,ls,lmmse_ls,su_mimo_phase_sensitive,-1,777000,1,/home/ahhy/projects/phase_invariant_receiver_sionna/checkpoints/generalization/umi_uma_mix_normalized/su_mimo_phase_sensitive_seed0/su_mimo_phase_sensitive_layer2_rx4_seed0.pt,127,uniform,2,4,1.0,umi_uma_mix_normalized,umi_normalized,umi,umi,,,1,0.2878289473684211,350,1216,0.06397626553362573,67215,0.26308118037770195,0.31391302959213035
layer2_rx4,runs/su_mimo_lmmse_umi_uma_matrix_v1/layer2_rx4/umi_normalized/lmmse_ls/bler_per_layer.csv,7.0,lmmse_ls,ls,lmmse_ls,su_mimo_phase_sensitive,-1,777000,1,/home/ahhy/projects/phase_invariant_receiver_sionna/checkpoints/generalization/umi_uma_mix_normalized/su_mimo_phase_sensitive_seed0/su_mimo_phase_sensitive_layer2_rx4_seed0.pt,127,uniform,2,4,1.0,umi_uma_mix_normalized,umi_normalized,umi,umi,,,0,0.2108644859813084,361,1712,0.0434217073381793,64228,0.19219963558977216,0.23082398065946363
layer2_rx4,runs/su_mimo_lmmse_umi_uma_matrix_v1/layer2_rx4/umi_normalized/lmmse_ls/bler_per_layer.csv,7.0,lmmse_ls,ls,lmmse_ls,su_mimo_phase_sensitive,-1,777000,1,/home/ahhy/projects/phase_invariant_receiver_sionna/checkpoints/generalization/umi_uma_mix_normalized/su_mimo_phase_sensitive_seed0/su_mimo_phase_sensitive_layer2_rx4_seed0.pt,127,uniform,2,4,1.0,umi_uma_mix_normalized,umi_normalized,umi,umi,,,1,0.19567757009345793,335,1712,0.04336627076843198,64146,0.1775751989394633,0.21514258705215658
layer2_rx4,runs/su_mimo_lmmse_umi_uma_matrix_v1/layer2_rx4/umi_normalized/lmmse_ls/bler_per_layer.csv,9.0,lmmse_ls,ls,lmmse_ls,su_mimo_phase_sensitive,-1,777000,1,/home/ahhy/projects/phase_invariant_receiver_sionna/checkpoints/generalization/umi_uma_mix_normalized/su_mimo_phase_sensitive_seed0/su_mimo_phase_sensitive_layer2_rx4_seed0.pt,127,uniform,2,4,1.0,umi_uma_mix_normalized,umi_normalized,umi,umi,,,0,0.13050314465408805,332,2544,0.026810086914744933,58929,0.11796842861175909,0.14415206421113988
layer2_rx4,runs/su_mimo_lmmse_umi_uma_matrix_v1/layer2_rx4/umi_normalized/lmmse_ls/bler_per_layer.csv,9.0,lmmse_ls,ls,lmmse_ls,su_mimo_phase_sensitive,-1,777000,1,/home/ahhy/projects/phase_invariant_receiver_sionna/checkpoints/generalization/umi_uma_mix_normalized/su_mimo_phase_sensitive_seed0/su_mimo_phase_sensitive_layer2_rx4_seed0.pt,127,uniform,2,4,1.0,umi_uma_mix_normalized,umi_normalized,umi,umi,,,1,0.139937106918239,356,2544,0.029507064552760306,64857,0.12699824849794947,0.15396172110393927
layer2_rx4,runs/su_mimo_lmmse_umi_uma_matrix_v1/layer2_rx4/umi_normalized/lmmse_ls/bler_per_layer.csv,11.0,lmmse_ls,ls,lmmse_ls,su_mimo_phase_sensitive,-1,777000,1,/home/ahhy/projects/phase_invariant_receiver_sionna/checkpoints/generalization/umi_uma_mix_normalized/su_mimo_phase_sensitive_seed0/su_mimo_phase_sensitive_layer2_rx4_seed0.pt,127,uniform,2,4,1.0,umi_uma_mix_normalized,umi_normalized,umi,umi,,,0,0.0847672064777328,335,3952,0.017007621551207077,58073,0.07648129866524112,0.09385956707349305
layer2_rx4,runs/su_mimo_lmmse_umi_uma_matrix_v1/layer2_rx4/umi_normalized/lmmse_ls/bler_per_layer.csv,11.0,lmmse_ls,ls,lmmse_ls,su_mimo_phase_sensitive,-1,777000,1,/home/ahhy/projects/phase_invariant_receiver_sionna/checkpoints/generalization/umi_uma_mix_normalized/su_mimo_phase_sensitive_seed0/su_mimo_phase_sensitive_layer2_rx4_seed0.pt,127,uniform,2,4,1.0,umi_uma_mix_normalized,umi_normalized,umi,umi,,,1,0.09058704453441295,358,3952,0.018537554824561403,63297,0.08203157179240783,0.09993766694328493
layer2_rx4,runs/su_mimo_lmmse_umi_uma_matrix_v1/layer2_rx4/umi_normalized/lmmse_ls/bler_per_layer.csv,13.0,lmmse_ls,ls,lmmse_ls,su_mimo_phase_sensitive,-1,777000,1,/home/ahhy/projects/phase_invariant_receiver_sionna/checkpoints/generalization/umi_uma_mix_normalized/su_mimo_phase_sensitive_seed0/su_mimo_phase_sensitive_layer2_rx4_seed0.pt,127,uniform,2,4,1.0,umi_uma_mix_normalized,umi_normalized,umi,umi,,,0,0.05354899497487437,341,6368,0.01085342074958124,59715,0.048283954947449415,0.0593523481924015
layer2_rx4,runs/su_mimo_lmmse_umi_uma_matrix_v1/layer2_rx4/umi_normalized/lmmse_ls/bler_per_layer.csv,13.0,lmmse_ls,ls,lmmse_ls,su_mimo_phase_sensitive,-1,777000,1,/home/ahhy/projects/phase_invariant_receiver_sionna/checkpoints/generalization/umi_uma_mix_normalized/su_mimo_phase_sensitive_seed0/su_mimo_phase_sensitive_layer2_rx4_seed0.pt,127,uniform,2,4,1.0,umi_uma_mix_normalized,umi_normalized,umi,umi,,,1,0.0573178391959799,365,6368,0.011515367636795086,63357,0.05187102347768357,0.06329842377917179
layer2_rx4,runs/su_mimo_lmmse_umi_uma_matrix_v1/layer2_rx4/umi_normalized/lmmse_perfect/bler_per_layer.csv,3.0,lmmse_perfect,perfect,lmmse_perfect,su_mimo_phase_sensitive,-1,777000,1,/home/ahhy/projects/phase_invariant_receiver_sionna/checkpoints/generalization/umi_uma_mix_normalized/su_mimo_phase_sensitive_seed0/su_mimo_phase_sensitive_layer2_rx4_seed0.pt,127,uniform,2,4,1.0,umi_uma_mix_normalized,umi_normalized,umi,umi,,,0,0.18691588785046728,320,1712,0.034906109380408445,51632,0.16915759204498643,0.2060760611057012
layer2_rx4,runs/su_mimo_lmmse_umi_uma_matrix_v1/layer2_rx4/umi_normalized/lmmse_perfect/bler_per_layer.csv,3.0,lmmse_perfect,perfect,lmmse_perfect,su_mimo_phase_sensitive,-1,777000,1,/home/ahhy/projects/phase_invariant_receiver_sionna/checkpoints/generalization/umi_uma_mix_normalized/su_mimo_phase_sensitive_seed0/su_mimo_phase_sensitive_layer2_rx4_seed0.pt,127,uniform,2,4,1.0,umi_uma_mix_normalized,umi_normalized,umi,umi,,,1,0.18457943925233644,316,1712,0.03469382788161994,51318,0.1669154411021037,0.20365577662433532
layer2_rx4,runs/su_mimo_lmmse_umi_uma_matrix_v1/layer2_rx4/umi_normalized/lmmse_perfect/bler_per_layer.csv,5.0,lmmse_perfect,perfect,lmmse_perfect,su_mimo_phase_sensitive,-1,777000,1,/home/ahhy/projects/phase_invariant_receiver_sionna/checkpoints/generalization/umi_uma_mix_normalized/su_mimo_phase_sensitive_seed0/su_mimo_phase_sensitive_layer2_rx4_seed0.pt,127,uniform,2,4,1.0,umi_uma_mix_normalized,umi_normalized,umi,umi,,,0,0.10955882352941176,298,2720,0.019715073529411764,46332,0.0983669411868985,0.12185199148196525
layer2_rx4,runs/su_mimo_lmmse_umi_uma_matrix_v1/layer2_rx4/umi_normalized/lmmse_perfect/bler_per_layer.csv,5.0,lmmse_perfect,perfect,lmmse_perfect,su_mimo_phase_sensitive,-1,777000,1,/home/ahhy/projects/phase_invariant_receiver_sionna/checkpoints/generalization/umi_uma_mix_normalized/su_mimo_phase_sensitive_seed0/su_mimo_phase_sensitive_layer2_rx4_seed0.pt,127,uniform,2,4,1.0,umi_uma_mix_normalized,umi_normalized,umi,umi,,,1,0.1161764705882353,316,2720,0.02206265318627451,51849,0.10467191548202981,0.12876364544668373
layer2_rx4,runs/su_mimo_lmmse_umi_uma_matrix_v1/layer2_rx4/umi_normalized/lmmse_perfect/bler_per_layer.csv,7.0,lmmse_perfect,perfect,lmmse_perfect,su_mimo_phase_sensitive,-1,777000,1,/home/ahhy/projects/phase_invariant_receiver_sionna/checkpoints/generalization/umi_uma_mix_normalized/su_mimo_phase_sensitive_seed0/su_mimo_phase_sensitive_layer2_rx4_seed0.pt,127,uniform,2,4,1.0,umi_uma_mix_normalized,umi_normalized,umi,umi,,,0,0.06620209059233449,304,4592,0.011506777084139889,45653,0.059367216027689046,0.07376214979201318
layer2_rx4,runs/su_mimo_lmmse_umi_uma_matrix_v1/layer2_rx4/umi_normalized/lmmse_perfect/bler_per_layer.csv,7.0,lmmse_perfect,perfect,lmmse_perfect,su_mimo_phase_sensitive,-1,777000,1,/home/ahhy/projects/phase_invariant_receiver_sionna/checkpoints/generalization/umi_uma_mix_normalized/su_mimo_phase_sensitive_seed0/su_mimo_phase_sensitive_layer2_rx4_seed0.pt,127,uniform,2,4,1.0,umi_uma_mix_normalized,umi_normalized,umi,umi,,,1,0.06990418118466898,321,4592,0.012356685136791844,49025,0.06288299223188591,0.07764436594778874
layer2_rx4,runs/su_mimo_lmmse_umi_uma_matrix_v1/layer2_rx4/umi_normalized/lmmse_perfect/bler_per_layer.csv,9.0,lmmse_perfect,perfect,lmmse_perfect,su_mimo_phase_sensitive,-1,777000,1,/home/ahhy/projects/phase_invariant_receiver_sionna/checkpoints/generalization/umi_uma_mix_normalized/su_mimo_phase_sensitive_seed0/su_mimo_phase_sensitive_layer2_rx4_seed0.pt,127,uniform,2,4,1.0,umi_uma_mix_normalized,umi_normalized,umi,umi,,,0,0.04111842105263158,300,7296,0.006941906270305393,43760,0.03679846703214823,0.04592133753169585
layer2_rx4,runs/su_mimo_lmmse_umi_uma_matrix_v1/layer2_rx4/umi_normalized/lmmse_perfect/bler_per_layer.csv,9.0,lmmse_perfect,perfect,lmmse_perfect,su_mimo_phase_sensitive,-1,777000,1,/home/ahhy/projects/phase_invariant_receiver_sionna/checkpoints/generalization/umi_uma_mix_normalized/su_mimo_phase_sensitive_seed0/su_mimo_phase_sensitive_layer2_rx4_seed0.pt,127,uniform,2,4,1.0,umi_uma_mix_normalized,umi_normalized,umi,umi,,,1,0.0434484649122807,317,7296,0.007509346826267057,47337,0.03900592513755645,0.04837151482724779
layer2_rx4,runs/su_mimo_lmmse_umi_uma_matrix_v1/layer2_rx4/umi_normalized/lmmse_perfect/bler_per_layer.csv,11.0,lmmse_perfect,perfect,lmmse_perfect,su_mimo_phase_sensitive,-1,777000,1,/home/ahhy/projects/phase_invariant_receiver_sionna/checkpoints/generalization/umi_uma_mix_normalized/su_mimo_phase_sensitive_seed0/su_mimo_phase_sensitive_layer2_rx4_seed0.pt,127,uniform,2,4,1.0,umi_uma_mix_normalized,umi_normalized,umi,umi,,,0,0.02532181571815718,299,11808,0.004283426804175449,43700,0.022638852848493332,0.028313529209704605
layer2_rx4,runs/su_mimo_lmmse_umi_uma_matrix_v1/layer2_rx4/umi_normalized/lmmse_perfect/bler_per_layer.csv,11.0,lmmse_perfect,perfect,lmmse_perfect,su_mimo_phase_sensitive,-1,777000,1,/home/ahhy/projects/phase_invariant_receiver_sionna/checkpoints/generalization/umi_uma_mix_normalized/su_mimo_phase_sensitive_seed0/su_mimo_phase_sensitive_layer2_rx4_seed0.pt,127,uniform,2,4,1.0,umi_uma_mix_normalized,umi_normalized,umi,umi,,,1,0.026507452574525744,313,11808,0.004336749096657633,44244,0.02376041178668498,0.029562472796256085
layer2_rx4,runs/su_mimo_lmmse_umi_uma_matrix_v1/layer2_rx4/umi_normalized/lmmse_perfect/bler_per_layer.csv,13.0,lmmse_perfect,perfect,lmmse_perfect,su_mimo_phase_sensitive,-1,777000,1,/home/ahhy/projects/phase_invariant_receiver_sionna/checkpoints/generalization/umi_uma_mix_normalized/su_mimo_phase_sensitive_seed0/su_mimo_phase_sensitive_layer2_rx4_seed0.pt,127,uniform,2,4,1.0,umi_uma_mix_normalized,umi_normalized,umi,umi,,,0,0.0149,298,20000,0.002288136574074074,39539,0.013311674761033288,0.01667463862059942
layer2_rx4,runs/su_mimo_lmmse_umi_uma_matrix_v1/layer2_rx4/umi_normalized/lmmse_perfect/bler_per_layer.csv,13.0,lmmse_perfect,perfect,lmmse_perfect,su_mimo_phase_sensitive,-1,777000,1,/home/ahhy/projects/phase_invariant_receiver_sionna/checkpoints/generalization/umi_uma_mix_normalized/su_mimo_phase_sensitive_seed0/su_mimo_phase_sensitive_layer2_rx4_seed0.pt,127,uniform,2,4,1.0,umi_uma_mix_normalized,umi_normalized,umi,umi,,,1,0.01525,305,20000,0.002424189814814815,41890,0.013642338137980093,0.01704384081841334
layer2_rx4,runs/su_mimo_lmmse_umi_uma_matrix_v1/layer2_rx4/uma_normalized/lmmse_ls/bler_per_layer.csv,3.0,lmmse_ls,ls,lmmse_ls,su_mimo_phase_sensitive,-1,777000,1,/home/ahhy/projects/phase_invariant_receiver_sionna/checkpoints/generalization/umi_uma_mix_normalized/su_mimo_phase_sensitive_seed0/su_mimo_phase_sensitive_layer2_rx4_seed0.pt,127,uniform,2,4,1.0,umi_uma_mix_normalized,uma_normalized,uma,uma,,,0,0.3057692307692308,318,1040,0.06301749465811966,56625,0.27852502399730594,0.33444302149838745
layer2_rx4,runs/su_mimo_lmmse_umi_uma_matrix_v1/layer2_rx4/uma_normalized/lmmse_ls/bler_per_layer.csv,3.0,lmmse_ls,ls,lmmse_ls,su_mimo_phase_sensitive,-1,777000,1,/home/ahhy/projects/phase_invariant_receiver_sionna/checkpoints/generalization/umi_uma_mix_normalized/su_mimo_phase_sensitive_seed0/su_mimo_phase_sensitive_layer2_rx4_seed0.pt,127,uniform,2,4,1.0,umi_uma_mix_normalized,uma_normalized,uma,uma,,,1,0.3192307692307692,332,1040,0.06347823183760684,57039,0.2916079537575976,0.3481840885849288
layer2_rx4,runs/su_mimo_lmmse_umi_uma_matrix_v1/layer2_rx4/uma_normalized/lmmse_ls/bler_per_layer.csv,5.0,lmmse_ls,ls,lmmse_ls,su_mimo_phase_sensitive,-1,777000,1,/home/ahhy/projects/phase_invariant_receiver_sionna/checkpoints/generalization/umi_uma_mix_normalized/su_mimo_phase_sensitive_seed0/su_mimo_phase_sensitive_layer2_rx4_seed0.pt,127,uniform,2,4,1.0,umi_uma_mix_normalized,uma_normalized,uma,uma,,,0,0.17254273504273504,323,1872,0.033995751226654006,54985,0.15610115963942295,0.19032548306269387
layer2_rx4,runs/su_mimo_lmmse_umi_uma_matrix_v1/layer2_rx4/uma_normalized/lmmse_ls/bler_per_layer.csv,5.0,lmmse_ls,ls,lmmse_ls,su_mimo_phase_sensitive,-1,777000,1,/home/ahhy/projects/phase_invariant_receiver_sionna/checkpoints/generalization/umi_uma_mix_normalized/su_mimo_phase_sensitive_seed0/su_mimo_phase_sensitive_layer2_rx4_seed0.pt,127,uniform,2,4,1.0,umi_uma_mix_normalized,uma_normalized,uma,uma,,,1,0.18162393162393162,340,1872,0.03661537472301361,59222,0.1648170535026514,0.19973478834149483
layer2_rx4,runs/su_mimo_lmmse_umi_uma_matrix_v1/layer2_rx4/uma_normalized/lmmse_ls/bler_per_layer.csv,7.0,lmmse_ls,ls,lmmse_ls,su_mimo_phase_sensitive,-1,777000,1,/home/ahhy/projects/phase_invariant_receiver_sionna/checkpoints/generalization/umi_uma_mix_normalized/su_mimo_phase_sensitive_seed0/su_mimo_phase_sensitive_layer2_rx4_seed0.pt,127,uniform,2,4,1.0,umi_uma_mix_normalized,uma_normalized,uma,uma,,,0,0.09969512195121952,327,3280,0.02030861845076784,57553,0.08990589485025247,0.1104209074847606
layer2_rx4,runs/su_mimo_lmmse_umi_uma_matrix_v1/layer2_rx4/uma_normalized/lmmse_ls/bler_per_layer.csv,7.0,lmmse_ls,ls,lmmse_ls,su_mimo_phase_sensitive,-1,777000,1,/home/ahhy/projects/phase_invariant_receiver_sionna/checkpoints/generalization/umi_uma_mix_normalized/su_mimo_phase_sensitive_seed0/su_mimo_phase_sensitive_layer2_rx4_seed0.pt,127,uniform,2,4,1.0,umi_uma_mix_normalized,uma_normalized,uma,uma,,,1,0.1,328,3280,0.020364371612466126,57711,0.090196528829698,0.1107393163062785
layer2_rx4,runs/su_mimo_lmmse_umi_uma_matrix_v1/layer2_rx4/uma_normalized/lmmse_ls/bler_per_layer.csv,9.0,lmmse_ls,ls,lmmse_ls,su_mimo_phase_sensitive,-1,777000,1,/home/ahhy/projects/phase_invariant_receiver_sionna/checkpoints/generalization/umi_uma_mix_normalized/su_mimo_phase_sensitive_seed0/su_mimo_phase_sensitive_layer2_rx4_seed0.pt,127,uniform,2,4,1.0,umi_uma_mix_normalized,uma_normalized,uma,uma,,,0,0.06443498452012383,333,5168,0.012761043744983373,56980,0.05805919252217515,0.07145782074169126
layer2_rx4,runs/su_mimo_lmmse_umi_uma_matrix_v1/layer2_rx4/uma_normalized/lmmse_ls/bler_per_layer.csv,9.0,lmmse_ls,ls,lmmse_ls,su_mimo_phase_sensitive,-1,777000,1,/home/ahhy/projects/phase_invariant_receiver_sionna/checkpoints/generalization/umi_uma_mix_normalized/su_mimo_phase_sensitive_seed0/su_mimo_phase_sensitive_layer2_rx4_seed0.pt,127,uniform,2,4,1.0,umi_uma_mix_normalized,uma_normalized,uma,uma,,,1,0.06501547987616099,336,5168,0.012957677588579292,57858,0.05861132125887783,0.0720658203746947
layer2_rx4,runs/su_mimo_lmmse_umi_uma_matrix_v1/layer2_rx4/uma_normalized/lmmse_ls/bler_per_layer.csv,11.0,lmmse_ls,ls,lmmse_ls,su_mimo_phase_sensitive,-1,777000,1,/home/ahhy/projects/phase_invariant_receiver_sionna/checkpoints/generalization/umi_uma_mix_normalized/su_mimo_phase_sensitive_seed0/su_mimo_phase_sensitive_layer2_rx4_seed0.pt,127,uniform,2,4,1.0,umi_uma_mix_normalized,uma_normalized,uma,uma,,,0,0.03823937153419593,331,8656,0.00738823316731704,55255,0.034399939797134384,0.042488472304508064
layer2_rx4,runs/su_mimo_lmmse_umi_uma_matrix_v1/layer2_rx4/uma_normalized/lmmse_ls/bler_per_layer.csv,11.0,lmmse_ls,ls,lmmse_ls,su_mimo_phase_sensitive,-1,777000,1,/home/ahhy/projects/phase_invariant_receiver_sionna/checkpoints/generalization/umi_uma_mix_normalized/su_mimo_phase_sensitive_seed0/su_mimo_phase_sensitive_layer2_rx4_seed0.pt,127,uniform,2,4,1.0,umi_uma_mix_normalized,uma_normalized,uma,uma,,,1,0.038123844731977816,330,8656,0.007564732448483604,56575,0.03429031783053747,0.04236714316079765
layer2_rx4,runs/su_mimo_lmmse_umi_uma_matrix_v1/layer2_rx4/uma_normalized/lmmse_ls/bler_per_layer.csv,13.0,lmmse_ls,ls,lmmse_ls,su_mimo_phase_sensitive,-1,777000,1,/home/ahhy/projects/phase_invariant_receiver_sionna/checkpoints/generalization/umi_uma_mix_normalized/su_mimo_phase_sensitive_seed0/su_mimo_phase_sensitive_layer2_rx4_seed0.pt,127,uniform,2,4,1.0,umi_uma_mix_normalized,uma_normalized,uma,uma,,,0,0.023631489841986455,335,14176,0.004511243572861801,55254,0.021257071315548236,0.02626401421827662
layer2_rx4,runs/su_mimo_lmmse_umi_uma_matrix_v1/layer2_rx4/uma_normalized/lmmse_ls/bler_per_layer.csv,13.0,lmmse_ls,ls,lmmse_ls,su_mimo_phase_sensitive,-1,777000,1,/home/ahhy/projects/phase_invariant_receiver_sionna/checkpoints/generalization/umi_uma_mix_normalized/su_mimo_phase_sensitive_seed0/su_mimo_phase_sensitive_layer2_rx4_seed0.pt,127,uniform,2,4,1.0,umi_uma_mix_normalized,uma_normalized,uma,uma,,,1,0.023702031602708805,336,14176,0.00461134102499791,56480,0.02132396145669626,0.026338169377656692
layer2_rx4,runs/su_mimo_lmmse_umi_uma_matrix_v1/layer2_rx4/uma_normalized/lmmse_perfect/bler_per_layer.csv,3.0,lmmse_perfect,perfect,lmmse_perfect,su_mimo_phase_sensitive,-1,777000,1,/home/ahhy/projects/phase_invariant_receiver_sionna/checkpoints/generalization/umi_uma_mix_normalized/su_mimo_phase_sensitive_seed0/su_mimo_phase_sensitive_layer2_rx4_seed0.pt,127,uniform,2,4,1.0,umi_uma_mix_normalized,uma_normalized,uma,uma,,,0,0.08886255924170616,300,3376,0.01608851149727927,46928,0.07972554495815345,0.09893415437324315
layer2_rx4,runs/su_mimo_lmmse_umi_uma_matrix_v1/layer2_rx4/uma_normalized/lmmse_perfect/bler_per_layer.csv,3.0,lmmse_perfect,perfect,lmmse_perfect,su_mimo_phase_sensitive,-1,777000,1,/home/ahhy/projects/phase_invariant_receiver_sionna/checkpoints/generalization/umi_uma_mix_normalized/su_mimo_phase_sensitive_seed0/su_mimo_phase_sensitive_layer2_rx4_seed0.pt,127,uniform,2,4,1.0,umi_uma_mix_normalized,uma_normalized,uma,uma,,,1,0.0879739336492891,297,3376,0.015711736988766017,45829,0.07888126006377176,0.0980032080702143
layer2_rx4,runs/su_mimo_lmmse_umi_uma_matrix_v1/layer2_rx4/uma_normalized/lmmse_perfect/bler_per_layer.csv,5.0,lmmse_perfect,perfect,lmmse_perfect,su_mimo_phase_sensitive,-1,777000,1,/home/ahhy/projects/phase_invariant_receiver_sionna/checkpoints/generalization/umi_uma_mix_normalized/su_mimo_phase_sensitive_seed0/su_mimo_phase_sensitive_layer2_rx4_seed0.pt,127,uniform,2,4,1.0,umi_uma_mix_normalized,uma_normalized,uma,uma,,,0,0.05234159779614325,304,5808,0.008637710756555454,43345,0.04690398848578402,0.05837098557464837
layer2_rx4,runs/su_mimo_lmmse_umi_uma_matrix_v1/layer2_rx4/uma_normalized/lmmse_perfect/bler_per_layer.csv,5.0,lmmse_perfect,perfect,lmmse_perfect,su_mimo_phase_sensitive,-1,777000,1,/home/ahhy/projects/phase_invariant_receiver_sionna/checkpoints/generalization/umi_uma_mix_normalized/su_mimo_phase_sensitive_seed0/su_mimo_phase_sensitive_layer2_rx4_seed0.pt,127,uniform,2,4,1.0,umi_uma_mix_normalized,uma_normalized,uma,uma,,,1,0.05113636363636364,297,5808,0.008790158529741863,44110,0.04576213370728495,0.057103965283310146
layer2_rx4,runs/su_mimo_lmmse_umi_uma_matrix_v1/layer2_rx4/uma_normalized/lmmse_perfect/bler_per_layer.csv,7.0,lmmse_perfect,perfect,lmmse_perfect,su_mimo_phase_sensitive,-1,777000,1,/home/ahhy/projects/phase_invariant_receiver_sionna/checkpoints/generalization/umi_uma_mix_normalized/su_mimo_phase_sensitive_seed0/su_mimo_phase_sensitive_layer2_rx4_seed0.pt,127,uniform,2,4,1.0,umi_uma_mix_normalized,uma_normalized,uma,uma,,,0,0.026071947674418606,287,11008,0.004294751123761843,40847,0.023256445747388325,0.029218107303666738
layer2_rx4,runs/su_mimo_lmmse_umi_uma_matrix_v1/layer2_rx4/uma_normalized/lmmse_perfect/bler_per_layer.csv,7.0,lmmse_perfect,perfect,lmmse_perfect,su_mimo_phase_sensitive,-1,777000,1,/home/ahhy/projects/phase_invariant_receiver_sionna/checkpoints/generalization/umi_uma_mix_normalized/su_mimo_phase_sensitive_seed0/su_mimo_phase_sensitive_layer2_rx4_seed0.pt,127,uniform,2,4,1.0,umi_uma_mix_normalized,uma_normalized,uma,uma,,,1,0.026798691860465115,295,11008,0.004455934404608096,42380,0.023942941526541472,0.02998459285010139
layer2_rx4,runs/su_mimo_lmmse_umi_uma_matrix_v1/layer2_rx4/uma_normalized/lmmse_perfect/bler_per_layer.csv,9.0,lmmse_perfect,perfect,lmmse_perfect,su_mimo_phase_sensitive,-1,777000,1,/home/ahhy/projects/phase_invariant_receiver_sionna/checkpoints/generalization/umi_uma_mix_normalized/su_mimo_phase_sensitive_seed0/su_mimo_phase_sensitive_layer2_rx4_seed0.pt,127,uniform,2,4,1.0,umi_uma_mix_normalized,uma_normalized,uma,uma,,,0,0.01265,253,20000,0.0019991319444444444,34545,0.011192046030614064,0.014295131513271112
layer2_rx4,runs/su_mimo_lmmse_umi_uma_matrix_v1/layer2_rx4/uma_normalized/lmmse_perfect/bler_per_layer.csv,9.0,lmmse_perfect,perfect,lmmse_perfect,su_mimo_phase_sensitive,-1,777000,1,/home/ahhy/projects/phase_invariant_receiver_sionna/checkpoints/generalization/umi_uma_mix_normalized/su_mimo_phase_sensitive_seed0/su_mimo_phase_sensitive_layer2_rx4_seed0.pt,127,uniform,2,4,1.0,umi_uma_mix_normalized,uma_normalized,uma,uma,,,1,0.01405,281,20000,0.0022912037037037037,39592,0.012509641006117808,0.015776998836810278
layer2_rx4,runs/su_mimo_lmmse_umi_uma_matrix_v1/layer2_rx4/uma_normalized/lmmse_perfect/bler_per_layer.csv,11.0,lmmse_perfect,perfect,lmmse_perfect,su_mimo_phase_sensitive,-1,777000,1,/home/ahhy/projects/phase_invariant_receiver_sionna/checkpoints/generalization/umi_uma_mix_normalized/su_mimo_phase_sensitive_seed0/su_mimo_phase_sensitive_layer2_rx4_seed0.pt,127,uniform,2,4,1.0,umi_uma_mix_normalized,uma_normalized,uma,uma,,,0,0.00565,113,20000,0.0008923611111111111,15420,0.004701915418971162,0.00678795062969948
layer2_rx4,runs/su_mimo_lmmse_umi_uma_matrix_v1/layer2_rx4/uma_normalized/lmmse_perfect/bler_per_layer.csv,11.0,lmmse_perfect,perfect,lmmse_perfect,su_mimo_phase_sensitive,-1,777000,1,/home/ahhy/projects/phase_invariant_receiver_sionna/checkpoints/generalization/umi_uma_mix_normalized/su_mimo_phase_sensitive_seed0/su_mimo_phase_sensitive_layer2_rx4_seed0.pt,127,uniform,2,4,1.0,umi_uma_mix_normalized,uma_normalized,uma,uma,,,1,0.0072,144,20000,0.0011596643518518518,20039,0.006119194894512654,0.008470075842384066
layer2_rx4,runs/su_mimo_lmmse_umi_uma_matrix_v1/layer2_rx4/uma_normalized/lmmse_perfect/bler_per_layer.csv,13.0,lmmse_perfect,perfect,lmmse_perfect,su_mimo_phase_sensitive,-1,777000,1,/home/ahhy/projects/phase_invariant_receiver_sionna/checkpoints/generalization/umi_uma_mix_normalized/su_mimo_phase_sensitive_seed0/su_mimo_phase_sensitive_layer2_rx4_seed0.pt,127,uniform,2,4,1.0,umi_uma_mix_normalized,uma_normalized,uma,uma,,,0,0.00285,57,20000,0.00044224537037037035,7642,0.0022005830784487227,0.0036903583721361066
layer2_rx4,runs/su_mimo_lmmse_umi_uma_matrix_v1/layer2_rx4/uma_normalized/lmmse_perfect/bler_per_layer.csv,13.0,lmmse_perfect,perfect,lmmse_perfect,su_mimo_phase_sensitive,-1,777000,1,/home/ahhy/projects/phase_invariant_receiver_sionna/checkpoints/generalization/umi_uma_mix_normalized/su_mimo_phase_sensitive_seed0/su_mimo_phase_sensitive_layer2_rx4_seed0.pt,127,uniform,2,4,1.0,umi_uma_mix_normalized,uma_normalized,uma,uma,,,1,0.0033,66,20000,0.000496875,8586,0.002594930763312946,0.004195837854821389
layer2_rx8,runs/su_mimo_lmmse_umi_uma_matrix_v1/layer2_rx8/umi_normalized/lmmse_ls/bler_per_layer.csv,3.0,lmmse_ls,ls,lmmse_ls,su_mimo_phase_sensitive,-1,777000,1,/home/ahhy/projects/phase_invariant_receiver_sionna/checkpoints/generalization/umi_uma_mix_normalized/su_mimo_phase_sensitive_seed0/su_mimo_phase_sensitive_layer2_rx8_seed0.pt,128,uniform,2,8,1.0,umi_uma_mix_normalized,umi_normalized,umi,umi,,,0,0.2169811320754717,368,1696,0.04887930752096436,71625,0.19801548201891103,0.2372259665182819
layer2_rx8,runs/su_mimo_lmmse_umi_uma_matrix_v1/layer2_rx8/umi_normalized/lmmse_ls/bler_per_layer.csv,3.0,lmmse_ls,ls,lmmse_ls,su_mimo_phase_sensitive,-1,777000,1,/home/ahhy/projects/phase_invariant_receiver_sionna/checkpoints/generalization/umi_uma_mix_normalized/su_mimo_phase_sensitive_seed0/su_mimo_phase_sensitive_layer2_rx8_seed0.pt,128,uniform,2,8,1.0,umi_uma_mix_normalized,umi_normalized,umi,umi,,,1,0.2270047169811321,385,1696,0.05172642055380853,75797,0.20769850415704308,0.2475448097444576
layer2_rx8,runs/su_mimo_lmmse_umi_uma_matrix_v1/layer2_rx8/umi_normalized/lmmse_ls/bler_per_layer.csv,5.0,lmmse_ls,ls,lmmse_ls,su_mimo_phase_sensitive,-1,777000,1,/home/ahhy/projects/phase_invariant_receiver_sionna/checkpoints/generalization/umi_uma_mix_normalized/su_mimo_phase_sensitive_seed0/su_mimo_phase_sensitive_layer2_rx8_seed0.pt,128,uniform,2,8,1.0,umi_uma_mix_normalized,umi_normalized,umi,umi,,,0,0.14689490445859874,369,2512,0.03293911447275301,71490,0.13359072856035092,0.16127739845129074
layer2_rx8,runs/su_mimo_lmmse_umi_uma_matrix_v1/layer2_rx8/umi_normalized/lmmse_ls/bler_per_layer.csv,5.0,lmmse_ls,ls,lmmse_ls,su_mimo_phase_sensitive,-1,777000,1,/home/ahhy/projects/phase_invariant_receiver_sionna/checkpoints/generalization/umi_uma_mix_normalized/su_mimo_phase_sensitive_seed0/su_mimo_phase_sensitive_layer2_rx8_seed0.pt,128,uniform,2,8,1.0,umi_uma_mix_normalized,umi_normalized,umi,umi,,,1,0.15565286624203822,391,2512,0.035066864236848315,76108,0.14200295400018395,0.17035435137193558
layer2_rx8,runs/su_mimo_lmmse_umi_uma_matrix_v1/layer2_rx8/umi_normalized/lmmse_ls/bler_per_layer.csv,7.0,lmmse_ls,ls,lmmse_ls,su_mimo_phase_sensitive,-1,777000,1,/home/ahhy/projects/phase_invariant_receiver_sionna/checkpoints/generalization/umi_uma_mix_normalized/su_mimo_phase_sensitive_seed0/su_mimo_phase_sensitive_layer2_rx8_seed0.pt,128,uniform,2,8,1.0,umi_uma_mix_normalized,umi_normalized,umi,umi,,,0,0.09412650602409639,375,3984,0.02077377798229957,71507,0.08544611601119517,0.10358884603657495
layer2_rx8,runs/su_mimo_lmmse_umi_uma_matrix_v1/layer2_rx8/umi_normalized/lmmse_ls/bler_per_layer.csv,7.0,lmmse_ls,ls,lmmse_ls,su_mimo_phase_sensitive,-1,777000,1,/home/ahhy/projects/phase_invariant_receiver_sionna/checkpoints/generalization/umi_uma_mix_normalized/su_mimo_phase_sensitive_seed0/su_mimo_phase_sensitive_layer2_rx8_seed0.pt,128,uniform,2,8,1.0,umi_uma_mix_normalized,umi_normalized,umi,umi,,,1,0.10065261044176707,401,3984,0.022375090640339133,77019,0.09169134534995527,0.11038325243483277
layer2_rx8,runs/su_mimo_lmmse_umi_uma_matrix_v1/layer2_rx8/umi_normalized/lmmse_ls/bler_per_layer.csv,9.0,lmmse_ls,ls,lmmse_ls,su_mimo_phase_sensitive,-1,777000,1,/home/ahhy/projects/phase_invariant_receiver_sionna/checkpoints/generalization/umi_uma_mix_normalized/su_mimo_phase_sensitive_seed0/su_mimo_phase_sensitive_layer2_rx8_seed0.pt,128,uniform,2,8,1.0,umi_uma_mix_normalized,umi_normalized,umi,umi,,,0,0.06053149606299212,369,6096,0.013129625072907554,69153,0.05481746082444764,0.06679905393725193
layer2_rx8,runs/su_mimo_lmmse_umi_uma_matrix_v1/layer2_rx8/umi_normalized/lmmse_ls/bler_per_layer.csv,9.0,lmmse_ls,ls,lmmse_ls,su_mimo_phase_sensitive,-1,777000,1,/home/ahhy/projects/phase_invariant_receiver_sionna/checkpoints/generalization/umi_uma_mix_normalized/su_mimo_phase_sensitive_seed0/su_mimo_phase_sensitive_layer2_rx8_seed0.pt,128,uniform,2,8,1.0,umi_uma_mix_normalized,umi_normalized,umi,umi,,,1,0.06446850393700787,393,6096,0.014205770936619034,74821,0.058573690413762265,0.0709118813265559
layer2_rx8,runs/su_mimo_lmmse_umi_uma_matrix_v1/layer2_rx8/umi_normalized/lmmse_ls/bler_per_layer.csv,11.0,lmmse_ls,ls,lmmse_ls,su_mimo_phase_sensitive,-1,777000,1,/home/ahhy/projects/phase_invariant_receiver_sionna/checkpoints/generalization/umi_uma_mix_normalized/su_mimo_phase_sensitive_seed0/su_mimo_phase_sensitive_layer2_rx8_seed0.pt,128,uniform,2,8,1.0,umi_uma_mix_normalized,umi_normalized,umi,umi,,,0,0.0392156862745098,384,9792,0.008313546772875817,70335,0.03554825661317916,0.04324451091632055
layer2_rx8,runs/su_mimo_lmmse_umi_uma_matrix_v1/layer2_rx8/umi_normalized/lmmse_ls/bler_per_layer.csv,11.0,lmmse_ls,ls,lmmse_ls,su_mimo_phase_sensitive,-1,777000,1,/home/ahhy/projects/phase_invariant_receiver_sionna/checkpoints/generalization/umi_uma_mix_normalized/su_mimo_phase_sensitive_seed0/su_mimo_phase_sensitive_layer2_rx8_seed0.pt,128,uniform,2,8,1.0,umi_uma_mix_normalized,umi_normalized,umi,umi,,,1,0.04054330065359477,397,9792,0.008542025992495764,72268,0.0368136186098916,0.04463333642450981
layer2_rx8,runs/su_mimo_lmmse_umi_uma_matrix_v1/layer2_rx8/umi_normalized/lmmse_ls/bler_per_layer.csv,13.0,lmmse_ls,ls,lmmse_ls,su_mimo_phase_sensitive,-1,777000,1,/home/ahhy/projects/phase_invariant_receiver_sionna/checkpoints/generalization/umi_uma_mix_normalized/su_mimo_phase_sensitive_seed0/su_mimo_phase_sensitive_layer2_rx8_seed0.pt,128,uniform,2,8,1.0,umi_uma_mix_normalized,umi_normalized,umi,umi,,,0,0.0238125,381,16000,0.00491919849537037,68003,0.021561900114721665,0.026291701833989975
layer2_rx8,runs/su_mimo_lmmse_umi_uma_matrix_v1/layer2_rx8/umi_normalized/lmmse_ls/bler_per_layer.csv,13.0,lmmse_ls,ls,lmmse_ls,su_mimo_phase_sensitive,-1,777000,1,/home/ahhy/projects/phase_invariant_receiver_sionna/checkpoints/generalization/umi_uma_mix_normalized/su_mimo_phase_sensitive_seed0/su_mimo_phase_sensitive_layer2_rx8_seed0.pt,128,uniform,2,8,1.0,umi_uma_mix_normalized,umi_normalized,umi,umi,,,1,0.0248125,397,16000,0.005012080439814815,69287,0.022513872984080845,0.02733924889753808
layer2_rx8,runs/su_mimo_lmmse_umi_uma_matrix_v1/layer2_rx8/umi_normalized/lmmse_perfect/bler_per_layer.csv,3.0,lmmse_perfect,perfect,lmmse_perfect,su_mimo_phase_sensitive,-1,777000,1,/home/ahhy/projects/phase_invariant_receiver_sionna/checkpoints/generalization/umi_uma_mix_normalized/su_mimo_phase_sensitive_seed0/su_mimo_phase_sensitive_layer2_rx8_seed0.pt,128,uniform,2,8,1.0,umi_uma_mix_normalized,umi_normalized,umi,umi,,,0,0.0480295566502463,312,6496,0.007737133107553367,43425,0.04309149970740658,0.05350184996094168
layer2_rx8,runs/su_mimo_lmmse_umi_uma_matrix_v1/layer2_rx8/umi_normalized/lmmse_perfect/bler_per_layer.csv,3.0,lmmse_perfect,perfect,lmmse_perfect,su_mimo_phase_sensitive,-1,777000,1,/home/ahhy/projects/phase_invariant_receiver_sionna/checkpoints/generalization/umi_uma_mix_normalized/su_mimo_phase_sensitive_seed0/su_mimo_phase_sensitive_layer2_rx8_seed0.pt,128,uniform,2,8,1.0,umi_uma_mix_normalized,umi_normalized,umi,umi,,,1,0.05434113300492611,353,6496,0.008437884852216748,47358,0.04908725723221637,0.06012178476024555
layer2_rx8,runs/su_mimo_lmmse_umi_uma_matrix_v1/layer2_rx8/umi_normalized/lmmse_perfect/bler_per_layer.csv,5.0,lmmse_perfect,perfect,lmmse_perfect,su_mimo_phase_sensitive,-1,777000,1,/home/ahhy/projects/phase_invariant_receiver_sionna/checkpoints/generalization/umi_uma_mix_normalized/su_mimo_phase_sensitive_seed0/su_mimo_phase_sensitive_layer2_rx8_seed0.pt,128,uniform,2,8,1.0,umi_uma_mix_normalized,umi_normalized,umi,umi,,,0,0.027864583333333335,321,11520,0.004252266589506173,42324,0.025012887482017566,0.031031050741928388
layer2_rx8,runs/su_mimo_lmmse_umi_uma_matrix_v1/layer2_rx8/umi_normalized/lmmse_perfect/bler_per_layer.csv,5.0,lmmse_perfect,perfect,lmmse_perfect,su_mimo_phase_sensitive,-1,777000,1,/home/ahhy/projects/phase_invariant_receiver_sionna/checkpoints/generalization/umi_uma_mix_normalized/su_mimo_phase_sensitive_seed0/su_mimo_phase_sensitive_layer2_rx8_seed0.pt,128,uniform,2,8,1.0,umi_uma_mix_normalized,umi_normalized,umi,umi,,,1,0.028211805555555556,325,11520,0.0042744703253600825,42545,0.025341900118185837,0.03139625105797637
layer2_rx8,runs/su_mimo_lmmse_umi_uma_matrix_v1/layer2_rx8/umi_normalized/lmmse_perfect/bler_per_layer.csv,7.0,lmmse_perfect,perfect,lmmse_perfect,su_mimo_phase_sensitive,-1,777000,1,/home/ahhy/projects/phase_invariant_receiver_sionna/checkpoints/generalization/umi_uma_mix_normalized/su_mimo_phase_sensitive_seed0/su_mimo_phase_sensitive_layer2_rx8_seed0.pt,128,uniform,2,8,1.0,umi_uma_mix_normalized,umi_normalized,umi,umi,,,0,0.0154,308,20000,0.002304224537037037,39817,0.013784121738313091,0.017201999607263513
layer2_rx8,runs/su_mimo_lmmse_umi_uma_matrix_v1/layer2_rx8/umi_normalized/lmmse_perfect/bler_per_layer.csv,7.0,lmmse_perfect,perfect,lmmse_perfect,su_mimo_phase_sensitive,-1,777000,1,/home/ahhy/projects/phase_invariant_receiver_sionna/checkpoints/generalization/umi_uma_mix_normalized/su_mimo_phase_sensitive_seed0/su_mimo_phase_sensitive_layer2_rx8_seed0.pt,128,uniform,2,8,1.0,umi_uma_mix_normalized,umi_normalized,umi,umi,,,1,0.0154,308,20000,0.002299826388888889,39741,0.013784121738313091,0.017201999607263513
layer2_rx8,runs/su_mimo_lmmse_umi_uma_matrix_v1/layer2_rx8/umi_normalized/lmmse_perfect/bler_per_layer.csv,9.0,lmmse_perfect,perfect,lmmse_perfect,su_mimo_phase_sensitive,-1,777000,1,/home/ahhy/projects/phase_invariant_receiver_sionna/checkpoints/generalization/umi_uma_mix_normalized/su_mimo_phase_sensitive_seed0/su_mimo_phase_sensitive_layer2_rx8_seed0.pt,128,uniform,2,8,1.0,umi_uma_mix_normalized,umi_normalized,umi,umi,,,0,0.00795,159,20000,0.001116550925925926,19294,0.0068101987906726315,0.00927878389213993
layer2_rx8,runs/su_mimo_lmmse_umi_uma_matrix_v1/layer2_rx8/umi_normalized/lmmse_perfect/bler_per_layer.csv,9.0,lmmse_perfect,perfect,lmmse_perfect,su_mimo_phase_sensitive,-1,777000,1,/home/ahhy/projects/phase_invariant_receiver_sionna/checkpoints/generalization/umi_uma_mix_normalized/su_mimo_phase_sensitive_seed0/su_mimo_phase_sensitive_layer2_rx8_seed0.pt,128,uniform,2,8,1.0,umi_uma_mix_normalized,umi_normalized,umi,umi,,,1,0.00805,161,20000,0.001131712962962963,19556,0.0069025499099872115,0.009386394365614129
layer2_rx8,runs/su_mimo_lmmse_umi_uma_matrix_v1/layer2_rx8/umi_normalized/lmmse_perfect/bler_per_layer.csv,11.0,lmmse_perfect,perfect,lmmse_perfect,su_mimo_phase_sensitive,-1,777000,1,/home/ahhy/projects/phase_invariant_receiver_sionna/checkpoints/generalization/umi_uma_mix_normalized/su_mimo_phase_sensitive_seed0/su_mimo_phase_sensitive_layer2_rx8_seed0.pt,128,uniform,2,8,1.0,umi_uma_mix_normalized,umi_normalized,umi,umi,,,0,0.0039,78,20000,0.0005302662037037037,9163,0.0031263065166543596,0.00486423165821265
layer2_rx8,runs/su_mimo_lmmse_umi_uma_matrix_v1/layer2_rx8/umi_normalized/lmmse_perfect/bler_per_layer.csv,11.0,lmmse_perfect,perfect,lmmse_perfect,su_mimo_phase_sensitive,-1,777000,1,/home/ahhy/projects/phase_invariant_receiver_sionna/checkpoints/generalization/umi_uma_mix_normalized/su_mimo_phase_sensitive_seed0/su_mimo_phase_sensitive_layer2_rx8_seed0.pt,128,uniform,2,8,1.0,umi_uma_mix_normalized,umi_normalized,umi,umi,,,1,0.0041,82,20000,0.0005600115740740741,9677,0.003304619324814413,0.005085842035630155
layer2_rx8,runs/su_mimo_lmmse_umi_uma_matrix_v1/layer2_rx8/umi_normalized/lmmse_perfect/bler_per_layer.csv,13.0,lmmse_perfect,perfect,lmmse_perfect,su_mimo_phase_sensitive,-1,777000,1,/home/ahhy/projects/phase_invariant_receiver_sionna/checkpoints/generalization/umi_uma_mix_normalized/su_mimo_phase_sensitive_seed0/su_mimo_phase_sensitive_layer2_rx8_seed0.pt,128,uniform,2,8,1.0,umi_uma_mix_normalized,umi_normalized,umi,umi,,,0,0.00165,33,20000,0.00024010416666666668,4149,0.001175179137369369,0.0023162231997501115
layer2_rx8,runs/su_mimo_lmmse_umi_uma_matrix_v1/layer2_rx8/umi_normalized/lmmse_perfect/bler_per_layer.csv,13.0,lmmse_perfect,perfect,lmmse_perfect,su_mimo_phase_sensitive,-1,777000,1,/home/ahhy/projects/phase_invariant_receiver_sionna/checkpoints/generalization/umi_uma_mix_normalized/su_mimo_phase_sensitive_seed0/su_mimo_phase_sensitive_layer2_rx8_seed0.pt,128,uniform,2,8,1.0,umi_uma_mix_normalized,umi_normalized,umi,umi,,,1,0.00205,41,20000,0.0002822916666666667,4878,0.0015115810586180745,0.0027796676496565226
layer2_rx8,runs/su_mimo_lmmse_umi_uma_matrix_v1/layer2_rx8/uma_normalized/lmmse_ls/bler_per_layer.csv,3.0,lmmse_ls,ls,lmmse_ls,su_mimo_phase_sensitive,-1,777000,1,/home/ahhy/projects/phase_invariant_receiver_sionna/checkpoints/generalization/umi_uma_mix_normalized/su_mimo_phase_sensitive_seed0/su_mimo_phase_sensitive_layer2_rx8_seed0.pt,128,uniform,2,8,1.0,umi_uma_mix_normalized,uma_normalized,uma,uma,,,0,0.10876225490196079,355,3264,0.02212300574164851,62389,0.09853761899655714,0.11990671736923061
layer2_rx8,runs/su_mimo_lmmse_umi_uma_matrix_v1/layer2_rx8/uma_normalized/lmmse_ls/bler_per_layer.csv,3.0,lmmse_ls,ls,lmmse_ls,su_mimo_phase_sensitive,-1,777000,1,/home/ahhy/projects/phase_invariant_receiver_sionna/checkpoints/generalization/umi_uma_mix_normalized/su_mimo_phase_sensitive_seed0/su_mimo_phase_sensitive_layer2_rx8_seed0.pt,128,uniform,2,8,1.0,umi_uma_mix_normalized,uma_normalized,uma,uma,,,1,0.11274509803921569,368,3264,0.02291978712781409,64636,0.10234675003487054,0.12405390867018484
layer2_rx8,runs/su_mimo_lmmse_umi_uma_matrix_v1/layer2_rx8/uma_normalized/lmmse_ls/bler_per_layer.csv,5.0,lmmse_ls,ls,lmmse_ls,su_mimo_phase_sensitive,-1,777000,1,/home/ahhy/projects/phase_invariant_receiver_sionna/checkpoints/generalization/umi_uma_mix_normalized/su_mimo_phase_sensitive_seed0/su_mimo_phase_sensitive_layer2_rx8_seed0.pt,128,uniform,2,8,1.0,umi_uma_mix_normalized,uma_normalized,uma,uma,,,0,0.06426553672316385,364,5664,0.013710904804875497,67097,0.05816986209357053,0.07095186160633132
layer2_rx8,runs/su_mimo_lmmse_umi_uma_matrix_v1/layer2_rx8/uma_normalized/lmmse_ls/bler_per_layer.csv,5.0,lmmse_ls,ls,lmmse_ls,su_mimo_phase_sensitive,-1,777000,1,/home/ahhy/projects/phase_invariant_receiver_sionna/checkpoints/generalization/umi_uma_mix_normalized/su_mimo_phase_sensitive_seed0/su_mimo_phase_sensitive_layer2_rx8_seed0.pt,128,uniform,2,8,1.0,umi_uma_mix_normalized,uma_normalized,uma,uma,,,1,0.067090395480226,380,5664,0.014428971476773383,70611,0.060864078586382285,0.07390353345258018
layer2_rx8,runs/su_mimo_lmmse_umi_uma_matrix_v1/layer2_rx8/uma_normalized/lmmse_ls/bler_per_layer.csv,7.0,lmmse_ls,ls,lmmse_ls,su_mimo_phase_sensitive,-1,777000,1,/home/ahhy/projects/phase_invariant_receiver_sionna/checkpoints/generalization/umi_uma_mix_normalized/su_mimo_phase_sensitive_seed0/su_mimo_phase_sensitive_layer2_rx8_seed0.pt,128,uniform,2,8,1.0,umi_uma_mix_normalized,uma_normalized,uma,uma,,,0,0.03975340136054422,374,9408,0.008202731324011087,66676,0.035989582579806376,0.04389292097809992
layer2_rx8,runs/su_mimo_lmmse_umi_uma_matrix_v1/layer2_rx8/uma_normalized/lmmse_ls/bler_per_layer.csv,7.0,lmmse_ls,ls,lmmse_ls,su_mimo_phase_sensitive,-1,777000,1,/home/ahhy/projects/phase_invariant_receiver_sionna/checkpoints/generalization/umi_uma_mix_normalized/su_mimo_phase_sensitive_seed0/su_mimo_phase_sensitive_layer2_rx8_seed0.pt,128,uniform,2,8,1.0,umi_uma_mix_normalized,uma_normalized,uma,uma,,,1,0.039540816326530615,372,9408,0.008351344009826152,67884,0.035787201121650174,0.04367030590210274
layer2_rx8,runs/su_mimo_lmmse_umi_uma_matrix_v1/layer2_rx8/uma_normalized/lmmse_ls/bler_per_layer.csv,9.0,lmmse_ls,ls,lmmse_ls,su_mimo_phase_sensitive,-1,777000,1,/home/ahhy/projects/phase_invariant_receiver_sionna/checkpoints/generalization/umi_uma_mix_normalized/su_mimo_phase_sensitive_seed0/su_mimo_phase_sensitive_layer2_rx8_seed0.pt,128,uniform,2,8,1.0,umi_uma_mix_normalized,uma_normalized,uma,uma,,,0,0.023397104446742503,362,15472,0.004699199749128653,62818,0.02113091446584457,0.02589990196875064
layer2_rx8,runs/su_mimo_lmmse_umi_uma_matrix_v1/layer2_rx8/uma_normalized/lmmse_ls/bler_per_layer.csv,9.0,lmmse_ls,ls,lmmse_ls,su_mimo_phase_sensitive,-1,777000,1,/home/ahhy/projects/phase_invariant_receiver_sionna/checkpoints/generalization/umi_uma_mix_normalized/su_mimo_phase_sensitive_seed0/su_mimo_phase_sensitive_layer2_rx8_seed0.pt,128,uniform,2,8,1.0,umi_uma_mix_normalized,uma_normalized,uma,uma,,,1,0.024172699069286454,374,15472,0.004910752757669769,65646,0.02186818216913442,0.02671343846979831
layer2_rx8,runs/su_mimo_lmmse_umi_uma_matrix_v1/layer2_rx8/uma_normalized/lmmse_ls/bler_per_layer.csv,11.0,lmmse_ls,ls,lmmse_ls,su_mimo_phase_sensitive,-1,777000,1,/home/ahhy/projects/phase_invariant_receiver_sionna/checkpoints/generalization/umi_uma_mix_normalized/su_mimo_phase_sensitive_seed0/su_mimo_phase_sensitive_layer2_rx8_seed0.pt,128,uniform,2,8,1.0,umi_uma_mix_normalized,uma_normalized,uma,uma,,,0,0.0124,248,20000,0.0025359953703703703,43822,0.010957248978851095,0.014030024583062134
layer2_rx8,runs/su_mimo_lmmse_umi_uma_matrix_v1/layer2_rx8/uma_normalized/lmmse_ls/bler_per_layer.csv,11.0,lmmse_ls,ls,lmmse_ls,su_mimo_phase_sensitive,-1,777000,1,/home/ahhy/projects/phase_invariant_receiver_sionna/checkpoints/generalization/umi_uma_mix_normalized/su_mimo_phase_sensitive_seed0/su_mimo_phase_sensitive_layer2_rx8_seed0.pt,128,uniform,2,8,1.0,umi_uma_mix_normalized,uma_normalized,uma,uma,,,1,0.01255,251,20000,0.0024922453703703704,43066,0.01109810844521095,0.014189107505885451
layer2_rx8,runs/su_mimo_lmmse_umi_uma_matrix_v1/layer2_rx8/uma_normalized/lmmse_ls/bler_per_layer.csv,13.0,lmmse_ls,ls,lmmse_ls,su_mimo_phase_sensitive,-1,777000,1,/home/ahhy/projects/phase_invariant_receiver_sionna/checkpoints/generalization/umi_uma_mix_normalized/su_mimo_phase_sensitive_seed0/su_mimo_phase_sensitive_layer2_rx8_seed0.pt,128,uniform,2,8,1.0,umi_uma_mix_normalized,uma_normalized,uma,uma,,,0,0.007,140,20000,0.001395949074074074,24122,0.005935447417358108,0.008253900133961052
layer2_rx8,runs/su_mimo_lmmse_umi_uma_matrix_v1/layer2_rx8/uma_normalized/lmmse_ls/bler_per_layer.csv,13.0,lmmse_ls,ls,lmmse_ls,su_mimo_phase_sensitive,-1,777000,1,/home/ahhy/projects/phase_invariant_receiver_sionna/checkpoints/generalization/umi_uma_mix_normalized/su_mimo_phase_sensitive_seed0/su_mimo_phase_sensitive_layer2_rx8_seed0.pt,128,uniform,2,8,1.0,umi_uma_mix_normalized,uma_normalized,uma,uma,,,1,0.00705,141,20000,0.0014150462962962962,24452,0.005981362480713051,0.0083079658670005
layer2_rx8,runs/su_mimo_lmmse_umi_uma_matrix_v1/layer2_rx8/uma_normalized/lmmse_perfect/bler_per_layer.csv,3.0,lmmse_perfect,perfect,lmmse_perfect,su_mimo_phase_sensitive,-1,777000,1,/home/ahhy/projects/phase_invariant_receiver_sionna/checkpoints/generalization/umi_uma_mix_normalized/su_mimo_phase_sensitive_seed0/su_mimo_phase_sensitive_layer2_rx8_seed0.pt,128,uniform,2,8,1.0,umi_uma_mix_normalized,uma_normalized,uma,uma,,,0,0.015219155844155844,300,19712,0.002159628746542809,36781,0.013602146501745998,0.01702507577947907
layer2_rx8,runs/su_mimo_lmmse_umi_uma_matrix_v1/layer2_rx8/uma_normalized/lmmse_perfect/bler_per_layer.csv,3.0,lmmse_perfect,perfect,lmmse_perfect,su_mimo_phase_sensitive,-1,777000,1,/home/ahhy/projects/phase_invariant_receiver_sionna/checkpoints/generalization/umi_uma_mix_normalized/su_mimo_phase_sensitive_seed0/su_mimo_phase_sensitive_layer2_rx8_seed0.pt,128,uniform,2,8,1.0,umi_uma_mix_normalized,uma_normalized,uma,uma,,,1,0.016183035714285716,319,19712,0.0022981982210497835,39141,0.014513505638036514,0.018041100776367367
layer2_rx8,runs/su_mimo_lmmse_umi_uma_matrix_v1/layer2_rx8/uma_normalized/lmmse_perfect/bler_per_layer.csv,5.0,lmmse_perfect,perfect,lmmse_perfect,su_mimo_phase_sensitive,-1,777000,1,/home/ahhy/projects/phase_invariant_receiver_sionna/checkpoints/generalization/umi_uma_mix_normalized/su_mimo_phase_sensitive_seed0/su_mimo_phase_sensitive_layer2_rx8_seed0.pt,128,uniform,2,8,1.0,umi_uma_mix_normalized,uma_normalized,uma,uma,,,0,0.0063,126,20000,0.0008413773148148148,14539,0.005294265681343145,0.007495350720454561
layer2_rx8,runs/su_mimo_lmmse_umi_uma_matrix_v1/layer2_rx8/uma_normalized/lmmse_perfect/bler_per_layer.csv,5.0,lmmse_perfect,perfect,lmmse_perfect,su_mimo_phase_sensitive,-1,777000,1,/home/ahhy/projects/phase_invariant_receiver_sionna/checkpoints/generalization/umi_uma_mix_normalized/su_mimo_phase_sensitive_seed0/su_mimo_phase_sensitive_layer2_rx8_seed0.pt,128,uniform,2,8,1.0,umi_uma_mix_normalized,uma_normalized,uma,uma,,,1,0.00695,139,20000,0.0009381365740740741,16211,0.005889547147273566,0.008199819607651206
layer2_rx8,runs/su_mimo_lmmse_umi_uma_matrix_v1/layer2_rx8/uma_normalized/lmmse_perfect/bler_per_layer.csv,7.0,lmmse_perfect,perfect,lmmse_perfect,su_mimo_phase_sensitive,-1,777000,1,/home/ahhy/projects/phase_invariant_receiver_sionna/checkpoints/generalization/umi_uma_mix_normalized/su_mimo_phase_sensitive_seed0/su_mimo_phase_sensitive_layer2_rx8_seed0.pt,128,uniform,2,8,1.0,umi_uma_mix_normalized,uma_normalized,uma,uma,,,0,0.00285,57,20000,0.0003280092592592593,5668,0.0022005830784487227,0.0036903583721361066
layer2_rx8,runs/su_mimo_lmmse_umi_uma_matrix_v1/layer2_rx8/uma_normalized/lmmse_perfect/bler_per_layer.csv,7.0,lmmse_perfect,perfect,lmmse_perfect,su_mimo_phase_sensitive,-1,777000,1,/home/ahhy/projects/phase_invariant_receiver_sionna/checkpoints/generalization/umi_uma_mix_normalized/su_mimo_phase_sensitive_seed0/su_mimo_phase_sensitive_layer2_rx8_seed0.pt,128,uniform,2,8,1.0,umi_uma_mix_normalized,uma_normalized,uma,uma,,,1,0.0027,54,20000,0.00032638888888888887,5640,0.002070090977540913,0.003520908083860748
layer2_rx8,runs/su_mimo_lmmse_umi_uma_matrix_v1/layer2_rx8/uma_normalized/lmmse_perfect/bler_per_layer.csv,9.0,lmmse_perfect,perfect,lmmse_perfect,su_mimo_phase_sensitive,-1,777000,1,/home/ahhy/projects/phase_invariant_receiver_sionna/checkpoints/generalization/umi_uma_mix_normalized/su_mimo_phase_sensitive_seed0/su_mimo_phase_sensitive_layer2_rx8_seed0.pt,128,uniform,2,8,1.0,umi_uma_mix_normalized,uma_normalized,uma,uma,,,0,0.0009,18,20000,0.00010596064814814814,1831,0.0005693909743673825,0.0014222994168362542
layer2_rx8,runs/su_mimo_lmmse_umi_uma_matrix_v1/layer2_rx8/uma_normalized/lmmse_perfect/bler_per_layer.csv,9.0,lmmse_perfect,perfect,lmmse_perfect,su_mimo_phase_sensitive,-1,777000,1,/home/ahhy/projects/phase_invariant_receiver_sionna/checkpoints/generalization/umi_uma_mix_normalized/su_mimo_phase_sensitive_seed0/su_mimo_phase_sensitive_layer2_rx8_seed0.pt,128,uniform,2,8,1.0,umi_uma_mix_normalized,uma_normalized,uma,uma,,,1,0.0008,16,20000,9.085648148148149e-05,1570,0.0004925085701393533,0.0012992202282755049
layer2_rx8,runs/su_mimo_lmmse_umi_uma_matrix_v1/layer2_rx8/uma_normalized/lmmse_perfect/bler_per_layer.csv,11.0,lmmse_perfect,perfect,lmmse_perfect,su_mimo_phase_sensitive,-1,777000,1,/home/ahhy/projects/phase_invariant_receiver_sionna/checkpoints/generalization/umi_uma_mix_normalized/su_mimo_phase_sensitive_seed0/su_mimo_phase_sensitive_layer2_rx8_seed0.pt,128,uniform,2,8,1.0,umi_uma_mix_normalized,uma_normalized,uma,uma,,,0,0.0003,6,20000,2.8761574074074073e-05,497,0.0001374997137187844,0.0006544211207521783
layer2_rx8,runs/su_mimo_lmmse_umi_uma_matrix_v1/layer2_rx8/uma_normalized/lmmse_perfect/bler_per_layer.csv,11.0,lmmse_perfect,perfect,lmmse_perfect,su_mimo_phase_sensitive,-1,777000,1,/home/ahhy/projects/phase_invariant_receiver_sionna/checkpoints/generalization/umi_uma_mix_normalized/su_mimo_phase_sensitive_seed0/su_mimo_phase_sensitive_layer2_rx8_seed0.pt,128,uniform,2,8,1.0,umi_uma_mix_normalized,uma_normalized,uma,uma,,,1,0.0002,4,20000,2.7662037037037036e-05,478,7.777875605022842e-05,0.0005141804856319553
layer2_rx8,runs/su_mimo_lmmse_umi_uma_matrix_v1/layer2_rx8/uma_normalized/lmmse_perfect/bler_per_layer.csv,13.0,lmmse_perfect,perfect,lmmse_perfect,su_mimo_phase_sensitive,-1,777000,1,/home/ahhy/projects/phase_invariant_receiver_sionna/checkpoints/generalization/umi_uma_mix_normalized/su_mimo_phase_sensitive_seed0/su_mimo_phase_sensitive_layer2_rx8_seed0.pt,128,uniform,2,8,1.0,umi_uma_mix_normalized,uma_normalized,uma,uma,,,0,5e-05,1,20000,5.787037037037037e-08,1,8.826282272974824e-06,0.0002831905702260402
layer2_rx8,runs/su_mimo_lmmse_umi_uma_matrix_v1/layer2_rx8/uma_normalized/lmmse_perfect/bler_per_layer.csv,13.0,lmmse_perfect,perfect,lmmse_perfect,su_mimo_phase_sensitive,-1,777000,1,/home/ahhy/projects/phase_invariant_receiver_sionna/checkpoints/generalization/umi_uma_mix_normalized/su_mimo_phase_sensitive_seed0/su_mimo_phase_sensitive_layer2_rx8_seed0.pt,128,uniform,2,8,1.0,umi_uma_mix_normalized,uma_normalized,uma,uma,,,1,0.0001,2,20000,9.837962962962963e-06,170,2.7424035272726838e-05,0.0003645736136206778
layer2_rx16,runs/su_mimo_lmmse_umi_uma_matrix_v1/layer2_rx16/umi_normalized/lmmse_ls/bler_per_layer.csv,3.0,lmmse_ls,ls,lmmse_ls,su_mimo_phase_sensitive,-1,777000,1,/home/ahhy/projects/phase_invariant_receiver_sionna/checkpoints/generalization/umi_uma_mix_normalized/su_mimo_phase_sensitive_seed0/su_mimo_phase_sensitive_rx16_seed0.pt,128,uniform,2,16,1.0,umi_uma_mix_normalized,umi_normalized,umi,umi,,,0,0.14148351648351648,412,2912,0.03390901633089133,85314,0.12929694415507975,0.1546147398345954
layer2_rx16,runs/su_mimo_lmmse_umi_uma_matrix_v1/layer2_rx16/umi_normalized/lmmse_ls/bler_per_layer.csv,3.0,lmmse_ls,ls,lmmse_ls,su_mimo_phase_sensitive,-1,777000,1,/home/ahhy/projects/phase_invariant_receiver_sionna/checkpoints/generalization/umi_uma_mix_normalized/su_mimo_phase_sensitive_seed0/su_mimo_phase_sensitive_rx16_seed0.pt,128,uniform,2,16,1.0,umi_uma_mix_normalized,umi_normalized,umi,umi,,,1,0.13667582417582416,398,2912,0.03267966842185592,82221,0.12467723725577148,0.1496317298525391
layer2_rx16,runs/su_mimo_lmmse_umi_uma_matrix_v1/layer2_rx16/umi_normalized/lmmse_ls/bler_per_layer.csv,5.0,lmmse_ls,ls,lmmse_ls,su_mimo_phase_sensitive,-1,777000,1,/home/ahhy/projects/phase_invariant_receiver_sionna/checkpoints/generalization/umi_uma_mix_normalized/su_mimo_phase_sensitive_seed0/su_mimo_phase_sensitive_rx16_seed0.pt,128,uniform,2,16,1.0,umi_uma_mix_normalized,umi_normalized,umi,umi,,,0,0.10009578544061302,418,4176,0.023168103448275863,83592,0.09135730235606947,0.10956932777923907
layer2_rx16,runs/su_mimo_lmmse_umi_uma_matrix_v1/layer2_rx16/umi_normalized/lmmse_ls/bler_per_layer.csv,5.0,lmmse_ls,ls,lmmse_ls,su_mimo_phase_sensitive,-1,777000,1,/home/ahhy/projects/phase_invariant_receiver_sionna/checkpoints/generalization/umi_uma_mix_normalized/su_mimo_phase_sensitive_seed0/su_mimo_phase_sensitive_rx16_seed0.pt,128,uniform,2,16,1.0,umi_uma_mix_normalized,umi_normalized,umi,umi,,,1,0.09602490421455939,401,4176,0.02176458067262665,78528,0.08745667505166838,0.1053356752706463
layer2_rx16,runs/su_mimo_lmmse_umi_uma_matrix_v1/layer2_rx16/umi_normalized/lmmse_ls/bler_per_layer.csv,7.0,lmmse_ls,ls,lmmse_ls,su_mimo_phase_sensitive,-1,777000,1,/home/ahhy/projects/phase_invariant_receiver_sionna/checkpoints/generalization/umi_uma_mix_normalized/su_mimo_phase_sensitive_seed0/su_mimo_phase_sensitive_rx16_seed0.pt,128,uniform,2,16,1.0,umi_uma_mix_normalized,umi_normalized,umi,umi,,,0,0.06027315914489311,406,6736,0.013721704000615818,79859,0.05483646075853708,0.06621111340256883
layer2_rx16,runs/su_mimo_lmmse_umi_uma_matrix_v1/layer2_rx16/umi_normalized/lmmse_ls/bler_per_layer.csv,7.0,lmmse_ls,ls,lmmse_ls,su_mimo_phase_sensitive,-1,777000,1,/home/ahhy/projects/phase_invariant_receiver_sionna/checkpoints/generalization/umi_uma_mix_normalized/su_mimo_phase_sensitive_seed0/su_mimo_phase_sensitive_rx16_seed0.pt,128,uniform,2,16,1.0,umi_uma_mix_normalized,umi_normalized,umi,umi,,,1,0.05893705463182898,397,6736,0.013473589942377056,78415,0.053560361361720064,0.06481652683296112
layer2_rx16,runs/su_mimo_lmmse_umi_uma_matrix_v1/layer2_rx16/umi_normalized/lmmse_ls/bler_per_layer.csv,9.0,lmmse_ls,ls,lmmse_ls,su_mimo_phase_sensitive,-1,777000,1,/home/ahhy/projects/phase_invariant_receiver_sionna/checkpoints/generalization/umi_uma_mix_normalized/su_mimo_phase_sensitive_seed0/su_mimo_phase_sensitive_rx16_seed0.pt,128,uniform,2,16,1.0,umi_uma_mix_normalized,umi_normalized,umi,umi,,,0,0.03684303977272727,415,11264,0.008158160379840067,79396,0.03351916254796616,0.04048271810220453
layer2_rx16,runs/su_mimo_lmmse_umi_uma_matrix_v1/layer2_rx16/umi_normalized/lmmse_ls/bler_per_layer.csv,9.0,lmmse_ls,ls,lmmse_ls,su_mimo_phase_sensitive,-1,777000,1,/home/ahhy/projects/phase_invariant_receiver_sionna/checkpoints/generalization/umi_uma_mix_normalized/su_mimo_phase_sensitive_seed0/su_mimo_phase_sensitive_rx16_seed0.pt,128,uniform,2,16,1.0,umi_uma_mix_normalized,umi_normalized,umi,umi,,,1,0.036665482954545456,413,11264,0.008074005846222643,78577,0.03334972669081828,0.04029716138915888
layer2_rx16,runs/su_mimo_lmmse_umi_uma_matrix_v1/layer2_rx16/umi_normalized/lmmse_ls/bler_per_layer.csv,11.0,lmmse_ls,ls,lmmse_ls,su_mimo_phase_sensitive,-1,777000,1,/home/ahhy/projects/phase_invariant_receiver_sionna/checkpoints/generalization/umi_uma_mix_normalized/su_mimo_phase_sensitive_seed0/su_mimo_phase_sensitive_rx16_seed0.pt,128,uniform,2,16,1.0,umi_uma_mix_normalized,umi_normalized,umi,umi,,,0,0.0197,394,20000,0.004248784722222222,73419,0.017864259214503023,0.02172021062099107
layer2_rx16,runs/su_mimo_lmmse_umi_uma_matrix_v1/layer2_rx16/umi_normalized/lmmse_ls/bler_per_layer.csv,11.0,lmmse_ls,ls,lmmse_ls,su_mimo_phase_sensitive,-1,777000,1,/home/ahhy/projects/phase_invariant_receiver_sionna/checkpoints/generalization/umi_uma_mix_normalized/su_mimo_phase_sensitive_seed0/su_mimo_phase_sensitive_rx16_seed0.pt,128,uniform,2,16,1.0,umi_uma_mix_normalized,umi_normalized,umi,umi,,,1,0.01815,363,20000,0.0039286458333333335,67887,0.016390302647898505,0.020094762499369517
layer2_rx16,runs/su_mimo_lmmse_umi_uma_matrix_v1/layer2_rx16/umi_normalized/lmmse_ls/bler_per_layer.csv,13.0,lmmse_ls,ls,lmmse_ls,su_mimo_phase_sensitive,-1,777000,1,/home/ahhy/projects/phase_invariant_receiver_sionna/checkpoints/generalization/umi_uma_mix_normalized/su_mimo_phase_sensitive_seed0/su_mimo_phase_sensitive_rx16_seed0.pt,128,uniform,2,16,1.0,umi_uma_mix_normalized,umi_normalized,umi,umi,,,0,0.01,200,20000,0.0020952546296296296,36206,0.008712066073618286,0.011476129261364248
layer2_rx16,runs/su_mimo_lmmse_umi_uma_matrix_v1/layer2_rx16/umi_normalized/lmmse_ls/bler_per_layer.csv,13.0,lmmse_ls,ls,lmmse_ls,su_mimo_phase_sensitive,-1,777000,1,/home/ahhy/projects/phase_invariant_receiver_sionna/checkpoints/generalization/umi_uma_mix_normalized/su_mimo_phase_sensitive_seed0/su_mimo_phase_sensitive_rx16_seed0.pt,128,uniform,2,16,1.0,umi_uma_mix_normalized,umi_normalized,umi,umi,,,1,0.00925,185,20000,0.0018956597222222222,32757,0.008014285330246963,0.010674198058819724
layer2_rx16,runs/su_mimo_lmmse_umi_uma_matrix_v1/layer2_rx16/umi_normalized/lmmse_perfect/bler_per_layer.csv,3.0,lmmse_perfect,perfect,lmmse_perfect,su_mimo_phase_sensitive,-1,777000,1,/home/ahhy/projects/phase_invariant_receiver_sionna/checkpoints/generalization/umi_uma_mix_normalized/su_mimo_phase_sensitive_seed0/su_mimo_phase_sensitive_rx16_seed0.pt,128,uniform,2,16,1.0,umi_uma_mix_normalized,umi_normalized,umi,umi,,,0,0.01345,269,20000,0.0017704282407407408,30593,0.01194441191689571,0.0151424583692997
layer2_rx16,runs/su_mimo_lmmse_umi_uma_matrix_v1/layer2_rx16/umi_normalized/lmmse_perfect/bler_per_layer.csv,3.0,lmmse_perfect,perfect,lmmse_perfect,su_mimo_phase_sensitive,-1,777000,1,/home/ahhy/projects/phase_invariant_receiver_sionna/checkpoints/generalization/umi_uma_mix_normalized/su_mimo_phase_sensitive_seed0/su_mimo_phase_sensitive_rx16_seed0.pt,128,uniform,2,16,1.0,umi_uma_mix_normalized,umi_normalized,umi,umi,,,1,0.012,240,20000,0.001518923611111111,26247,0.01058190616083744,0.013605521029920676
layer2_rx16,runs/su_mimo_lmmse_umi_uma_matrix_v1/layer2_rx16/umi_normalized/lmmse_perfect/bler_per_layer.csv,5.0,lmmse_perfect,perfect,lmmse_perfect,su_mimo_phase_sensitive,-1,777000,1,/home/ahhy/projects/phase_invariant_receiver_sionna/checkpoints/generalization/umi_uma_mix_normalized/su_mimo_phase_sensitive_seed0/su_mimo_phase_sensitive_rx16_seed0.pt,128,uniform,2,16,1.0,umi_uma_mix_normalized,umi_normalized,umi,umi,,,0,0.00575,115,20000,0.0006764467592592592,11689,0.004792836464323753,0.006896991177135669
layer2_rx16,runs/su_mimo_lmmse_umi_uma_matrix_v1/layer2_rx16/umi_normalized/lmmse_perfect/bler_per_layer.csv,5.0,lmmse_perfect,perfect,lmmse_perfect,su_mimo_phase_sensitive,-1,777000,1,/home/ahhy/projects/phase_invariant_receiver_sionna/checkpoints/generalization/umi_uma_mix_normalized/su_mimo_phase_sensitive_seed0/su_mimo_phase_sensitive_rx16_seed0.pt,128,uniform,2,16,1.0,umi_uma_mix_normalized,umi_normalized,umi,umi,,,1,0.00525,105,20000,0.0006009837962962963,10385,0.004339065918743494,0.006350953758772034
layer2_rx16,runs/su_mimo_lmmse_umi_uma_matrix_v1/layer2_rx16/umi_normalized/lmmse_perfect/bler_per_layer.csv,7.0,lmmse_perfect,perfect,lmmse_perfect,su_mimo_phase_sensitive,-1,777000,1,/home/ahhy/projects/phase_invariant_receiver_sionna/checkpoints/generalization/umi_uma_mix_normalized/su_mimo_phase_sensitive_seed0/su_mimo_phase_sensitive_rx16_seed0.pt,128,uniform,2,16,1.0,umi_uma_mix_normalized,umi_normalized,umi,umi,,,0,0.0022,44,20000,0.00031180555555555557,5388,0.0016393270230052992,0.002951864074452466
layer2_rx16,runs/su_mimo_lmmse_umi_uma_matrix_v1/layer2_rx16/umi_normalized/lmmse_perfect/bler_per_layer.csv,7.0,lmmse_perfect,perfect,lmmse_perfect,su_mimo_phase_sensitive,-1,777000,1,/home/ahhy/projects/phase_invariant_receiver_sionna/checkpoints/generalization/umi_uma_mix_normalized/su_mimo_phase_sensitive_seed0/su_mimo_phase_sensitive_rx16_seed0.pt,128,uniform,2,16,1.0,umi_uma_mix_normalized,umi_normalized,umi,umi,,,1,0.00205,41,20000,0.00021927083333333333,3789,0.0015115810586180745,0.0027796676496565226
layer2_rx16,runs/su_mimo_lmmse_umi_uma_matrix_v1/layer2_rx16/umi_normalized/lmmse_perfect/bler_per_layer.csv,9.0,lmmse_perfect,perfect,lmmse_perfect,su_mimo_phase_sensitive,-1,777000,1,/home/ahhy/projects/phase_invariant_receiver_sionna/checkpoints/generalization/umi_uma_mix_normalized/su_mimo_phase_sensitive_seed0/su_mimo_phase_sensitive_rx16_seed0.pt,128,uniform,2,16,1.0,umi_uma_mix_normalized,umi_normalized,umi,umi,,,0,0.001,20,20000,0.00012077546296296296,2087,0.0006474660464272732,0.0015441859375651431
layer2_rx16,runs/su_mimo_lmmse_umi_uma_matrix_v1/layer2_rx16/umi_normalized/lmmse_perfect/bler_per_layer.csv,9.0,lmmse_perfect,perfect,lmmse_perfect,su_mimo_phase_sensitive,-1,777000,1,/home/ahhy/projects/phase_invariant_receiver_sionna/checkpoints/generalization/umi_uma_mix_normalized/su_mimo_phase_sensitive_seed0/su_mimo_phase_sensitive_rx16_seed0.pt,128,uniform,2,16,1.0,umi_uma_mix_normalized,umi_normalized,umi,umi,,,1,0.0006,12,20000,7.002314814814814e-05,1210,0.0003432700669267663,0.0010485355459105335
layer2_rx16,runs/su_mimo_lmmse_umi_uma_matrix_v1/layer2_rx16/umi_normalized/lmmse_perfect/bler_per_layer.csv,11.0,lmmse_perfect,perfect,lmmse_perfect,su_mimo_phase_sensitive,-1,777000,1,/home/ahhy/projects/phase_invariant_receiver_sionna/checkpoints/generalization/umi_uma_mix_normalized/su_mimo_phase_sensitive_seed0/su_mimo_phase_sensitive_rx16_seed0.pt,128,uniform,2,16,1.0,umi_uma_mix_normalized,umi_normalized,umi,umi,,,0,0.0005,10,20000,2.7314814814814816e-05,472,0.000271621145015576,0.0009202228750329448
layer2_rx16,runs/su_mimo_lmmse_umi_uma_matrix_v1/layer2_rx16/umi_normalized/lmmse_perfect/bler_per_layer.csv,11.0,lmmse_perfect,perfect,lmmse_perfect,su_mimo_phase_sensitive,-1,777000,1,/home/ahhy/projects/phase_invariant_receiver_sionna/checkpoints/generalization/umi_uma_mix_normalized/su_mimo_phase_sensitive_seed0/su_mimo_phase_sensitive_rx16_seed0.pt,128,uniform,2,16,1.0,umi_uma_mix_normalized,umi_normalized,umi,umi,,,1,0.0002,4,20000,1.4988425925925927e-05,259,7.777875605022842e-05,0.0005141804856319553
layer2_rx16,runs/su_mimo_lmmse_umi_uma_matrix_v1/layer2_rx16/umi_normalized/lmmse_perfect/bler_per_layer.csv,13.0,lmmse_perfect,perfect,lmmse_perfect,su_mimo_phase_sensitive,-1,777000,1,/home/ahhy/projects/phase_invariant_receiver_sionna/checkpoints/generalization/umi_uma_mix_normalized/su_mimo_phase_sensitive_seed0/su_mimo_phase_sensitive_rx16_seed0.pt,128,uniform,2,16,1.0,umi_uma_mix_normalized,umi_normalized,umi,umi,,,0,0.0,0,20000,0.0,0,0.0,0.00019203605610462553
layer2_rx16,runs/su_mimo_lmmse_umi_uma_matrix_v1/layer2_rx16/umi_normalized/lmmse_perfect/bler_per_layer.csv,13.0,lmmse_perfect,perfect,lmmse_perfect,su_mimo_phase_sensitive,-1,777000,1,/home/ahhy/projects/phase_invariant_receiver_sionna/checkpoints/generalization/umi_uma_mix_normalized/su_mimo_phase_sensitive_seed0/su_mimo_phase_sensitive_rx16_seed0.pt,128,uniform,2,16,1.0,umi_uma_mix_normalized,umi_normalized,umi,umi,,,1,0.0,0,20000,0.0,0,0.0,0.00019203605610462553
layer2_rx16,runs/su_mimo_lmmse_umi_uma_matrix_v1/layer2_rx16/uma_normalized/lmmse_ls/bler_per_layer.csv,3.0,lmmse_ls,ls,lmmse_ls,su_mimo_phase_sensitive,-1,777000,1,/home/ahhy/projects/phase_invariant_receiver_sionna/checkpoints/generalization/umi_uma_mix_normalized/su_mimo_phase_sensitive_seed0/su_mimo_phase_sensitive_rx16_seed0.pt,128,uniform,2,16,1.0,umi_uma_mix_normalized,uma_normalized,uma,uma,,,0,0.05480561555075594,406,7408,0.012533528567714582,80221,0.04984968761695054,0.06022302013771635
layer2_rx16,runs/su_mimo_lmmse_umi_uma_matrix_v1/layer2_rx16/uma_normalized/lmmse_ls/bler_per_layer.csv,3.0,lmmse_ls,ls,lmmse_ls,su_mimo_phase_sensitive,-1,777000,1,/home/ahhy/projects/phase_invariant_receiver_sionna/checkpoints/generalization/umi_uma_mix_normalized/su_mimo_phase_sensitive_seed0/su_mimo_phase_sensitive_rx16_seed0.pt,128,uniform,2,16,1.0,umi_uma_mix_normalized,uma_normalized,uma,uma,,,1,0.05305075593952484,393,7408,0.01216808905287577,77882,0.04817451727390184,0.0583902902990824
layer2_rx16,runs/su_mimo_lmmse_umi_uma_matrix_v1/layer2_rx16/uma_normalized/lmmse_ls/bler_per_layer.csv,5.0,lmmse_ls,ls,lmmse_ls,su_mimo_phase_sensitive,-1,777000,1,/home/ahhy/projects/phase_invariant_receiver_sionna/checkpoints/generalization/umi_uma_mix_normalized/su_mimo_phase_sensitive_seed0/su_mimo_phase_sensitive_rx16_seed0.pt,128,uniform,2,16,1.0,umi_uma_mix_normalized,uma_normalized,uma,uma,,,0,0.034395973154362415,410,11920,0.007651802914491673,78805,0.03127144124886981,0.03782050882995777
layer2_rx16,runs/su_mimo_lmmse_umi_uma_matrix_v1/layer2_rx16/uma_normalized/lmmse_ls/bler_per_layer.csv,5.0,lmmse_ls,ls,lmmse_ls,su_mimo_phase_sensitive,-1,777000,1,/home/ahhy/projects/phase_invariant_receiver_sionna/checkpoints/generalization/umi_uma_mix_normalized/su_mimo_phase_sensitive_seed0/su_mimo_phase_sensitive_rx16_seed0.pt,128,uniform,2,16,1.0,umi_uma_mix_normalized,uma_normalized,uma,uma,,,1,0.03271812080536913,390,11920,0.007342448887646035,75619,0.029672029850132495,0.036065296625375554
layer2_rx16,runs/su_mimo_lmmse_umi_uma_matrix_v1/layer2_rx16/uma_normalized/lmmse_ls/bler_per_layer.csv,7.0,lmmse_ls,ls,lmmse_ls,su_mimo_phase_sensitive,-1,777000,1,/home/ahhy/projects/phase_invariant_receiver_sionna/checkpoints/generalization/umi_uma_mix_normalized/su_mimo_phase_sensitive_seed0/su_mimo_phase_sensitive_rx16_seed0.pt,128,uniform,2,16,1.0,umi_uma_mix_normalized,uma_normalized,uma,uma,,,0,0.01825,365,20000,0.003986111111111111,68880,0.016485295897946287,0.020199730842110516
layer2_rx16,runs/su_mimo_lmmse_umi_uma_matrix_v1/layer2_rx16/uma_normalized/lmmse_ls/bler_per_layer.csv,7.0,lmmse_ls,ls,lmmse_ls,su_mimo_phase_sensitive,-1,777000,1,/home/ahhy/projects/phase_invariant_receiver_sionna/checkpoints/generalization/umi_uma_mix_normalized/su_mimo_phase_sensitive_seed0/su_mimo_phase_sensitive_rx16_seed0.pt,128,uniform,2,16,1.0,umi_uma_mix_normalized,uma_normalized,uma,uma,,,1,0.01825,365,20000,0.0039866898148148144,68890,0.016485295897946287,0.020199730842110516
layer2_rx16,runs/su_mimo_lmmse_umi_uma_matrix_v1/layer2_rx16/uma_normalized/lmmse_ls/bler_per_layer.csv,9.0,lmmse_ls,ls,lmmse_ls,su_mimo_phase_sensitive,-1,777000,1,/home/ahhy/projects/phase_invariant_receiver_sionna/checkpoints/generalization/umi_uma_mix_normalized/su_mimo_phase_sensitive_seed0/su_mimo_phase_sensitive_rx16_seed0.pt,128,uniform,2,16,1.0,umi_uma_mix_normalized,uma_normalized,uma,uma,,,0,0.01015,203,20000,0.002217013888888889,38310,0.008851865254241859,0.01163627246992384
layer2_rx16,runs/su_mimo_lmmse_umi_uma_matrix_v1/layer2_rx16/uma_normalized/lmmse_ls/bler_per_layer.csv,9.0,lmmse_ls,ls,lmmse_ls,su_mimo_phase_sensitive,-1,777000,1,/home/ahhy/projects/phase_invariant_receiver_sionna/checkpoints/generalization/umi_uma_mix_normalized/su_mimo_phase_sensitive_seed0/su_mimo_phase_sensitive_rx16_seed0.pt,128,uniform,2,16,1.0,umi_uma_mix_normalized,uma_normalized,uma,uma,,,1,0.01005,201,20000,0.002163888888888889,37392,0.00875865715575474,0.011529518975622181
layer2_rx16,runs/su_mimo_lmmse_umi_uma_matrix_v1/layer2_rx16/uma_normalized/lmmse_ls/bler_per_layer.csv,11.0,lmmse_ls,ls,lmmse_ls,su_mimo_phase_sensitive,-1,777000,1,/home/ahhy/projects/phase_invariant_receiver_sionna/checkpoints/generalization/umi_uma_mix_normalized/su_mimo_phase_sensitive_seed0/su_mimo_phase_sensitive_rx16_seed0.pt,128,uniform,2,16,1.0,umi_uma_mix_normalized,uma_normalized,uma,uma,,,0,0.0052,104,20000,0.0011870949074074073,20513,0.004293808408424273,0.006296230472696864
layer2_rx16,runs/su_mimo_lmmse_umi_uma_matrix_v1/layer2_rx16/uma_normalized/lmmse_ls/bler_per_layer.csv,11.0,lmmse_ls,ls,lmmse_ls,su_mimo_phase_sensitive,-1,777000,1,/home/ahhy/projects/phase_invariant_receiver_sionna/checkpoints/generalization/umi_uma_mix_normalized/su_mimo_phase_sensitive_seed0/su_mimo_phase_sensitive_rx16_seed0.pt,128,uniform,2,16,1.0,umi_uma_mix_normalized,uma_normalized,uma,uma,,,1,0.00535,107,20000,0.0011584490740740741,20018,0.004429648540629079,0.006460332729675226
layer2_rx16,runs/su_mimo_lmmse_umi_uma_matrix_v1/layer2_rx16/uma_normalized/lmmse_ls/bler_per_layer.csv,13.0,lmmse_ls,ls,lmmse_ls,su_mimo_phase_sensitive,-1,777000,1,/home/ahhy/projects/phase_invariant_receiver_sionna/checkpoints/generalization/umi_uma_mix_normalized/su_mimo_phase_sensitive_seed0/su_mimo_phase_sensitive_rx16_seed0.pt,128,uniform,2,16,1.0,umi_uma_mix_normalized,uma_normalized,uma,uma,,,0,0.003,60,20000,0.0006824652777777778,11793,0.0023315774005613125,0.003859306439206685
layer2_rx16,runs/su_mimo_lmmse_umi_uma_matrix_v1/layer2_rx16/uma_normalized/lmmse_ls/bler_per_layer.csv,13.0,lmmse_ls,ls,lmmse_ls,su_mimo_phase_sensitive,-1,777000,1,/home/ahhy/projects/phase_invariant_receiver_sionna/checkpoints/generalization/umi_uma_mix_normalized/su_mimo_phase_sensitive_seed0/su_mimo_phase_sensitive_rx16_seed0.pt,128,uniform,2,16,1.0,umi_uma_mix_normalized,uma_normalized,uma,uma,,,1,0.0029,58,20000,0.0006799189814814814,11749,0.0022441939502619536,0.003746728296717265
layer2_rx16,runs/su_mimo_lmmse_umi_uma_matrix_v1/layer2_rx16/uma_normalized/lmmse_perfect/bler_per_layer.csv,3.0,lmmse_perfect,perfect,lmmse_perfect,su_mimo_phase_sensitive,-1,777000,1,/home/ahhy/projects/phase_invariant_receiver_sionna/checkpoints/generalization/umi_uma_mix_normalized/su_mimo_phase_sensitive_seed0/su_mimo_phase_sensitive_rx16_seed0.pt,128,uniform,2,16,1.0,umi_uma_mix_normalized,uma_normalized,uma,uma,,,0,0.0021,42,20000,0.00025538194444444447,4413,0.001554076741242182,0.0028371527634268043
layer2_rx16,runs/su_mimo_lmmse_umi_uma_matrix_v1/layer2_rx16/uma_normalized/lmmse_perfect/bler_per_layer.csv,3.0,lmmse_perfect,perfect,lmmse_perfect,su_mimo_phase_sensitive,-1,777000,1,/home/ahhy/projects/phase_invariant_receiver_sionna/checkpoints/generalization/umi_uma_mix_normalized/su_mimo_phase_sensitive_seed0/su_mimo_phase_sensitive_rx16_seed0.pt,128,uniform,2,16,1.0,umi_uma_mix_normalized,uma_normalized,uma,uma,,,1,0.002,40,20000,0.0002523148148148148,4360,0.0014691757997049196,0.0027220921121752875
layer2_rx16,runs/su_mimo_lmmse_umi_uma_matrix_v1/layer2_rx16/uma_normalized/lmmse_perfect/bler_per_layer.csv,5.0,lmmse_perfect,perfect,lmmse_perfect,su_mimo_phase_sensitive,-1,777000,1,/home/ahhy/projects/phase_invariant_receiver_sionna/checkpoints/generalization/umi_uma_mix_normalized/su_mimo_phase_sensitive_seed0/su_mimo_phase_sensitive_rx16_seed0.pt,128,uniform,2,16,1.0,umi_uma_mix_normalized,uma_normalized,uma,uma,,,0,0.0008,16,20000,0.0001160300925925926,2005,0.0004925085701393533,0.0012992202282755049
layer2_rx16,runs/su_mimo_lmmse_umi_uma_matrix_v1/layer2_rx16/uma_normalized/lmmse_perfect/bler_per_layer.csv,5.0,lmmse_perfect,perfect,lmmse_perfect,su_mimo_phase_sensitive,-1,777000,1,/home/ahhy/projects/phase_invariant_receiver_sionna/checkpoints/generalization/umi_uma_mix_normalized/su_mimo_phase_sensitive_seed0/su_mimo_phase_sensitive_rx16_seed0.pt,128,uniform,2,16,1.0,umi_uma_mix_normalized,uma_normalized,uma,uma,,,1,0.0006,12,20000,9.565972222222223e-05,1653,0.0003432700669267663,0.0010485355459105335
layer2_rx16,runs/su_mimo_lmmse_umi_uma_matrix_v1/layer2_rx16/uma_normalized/lmmse_perfect/bler_per_layer.csv,7.0,lmmse_perfect,perfect,lmmse_perfect,su_mimo_phase_sensitive,-1,777000,1,/home/ahhy/projects/phase_invariant_receiver_sionna/checkpoints/generalization/umi_uma_mix_normalized/su_mimo_phase_sensitive_seed0/su_mimo_phase_sensitive_rx16_seed0.pt,128,uniform,2,16,1.0,umi_uma_mix_normalized,uma_normalized,uma,uma,,,0,0.0004,8,20000,4.1493055555555555e-05,717,0.00020270340374573274,0.0007891790235140093
layer2_rx16,runs/su_mimo_lmmse_umi_uma_matrix_v1/layer2_rx16/uma_normalized/lmmse_perfect/bler_per_layer.csv,7.0,lmmse_perfect,perfect,lmmse_perfect,su_mimo_phase_sensitive,-1,777000,1,/home/ahhy/projects/phase_invariant_receiver_sionna/checkpoints/generalization/umi_uma_mix_normalized/su_mimo_phase_sensitive_seed0/su_mimo_phase_sensitive_rx16_seed0.pt,128,uniform,2,16,1.0,umi_uma_mix_normalized,uma_normalized,uma,uma,,,1,0.0002,4,20000,3.449074074074074e-05,596,7.777875605022842e-05,0.0005141804856319553
layer2_rx16,runs/su_mimo_lmmse_umi_uma_matrix_v1/layer2_rx16/uma_normalized/lmmse_perfect/bler_per_layer.csv,9.0,lmmse_perfect,perfect,lmmse_perfect,su_mimo_phase_sensitive,-1,777000,1,/home/ahhy/projects/phase_invariant_receiver_sionna/checkpoints/generalization/umi_uma_mix_normalized/su_mimo_phase_sensitive_seed0/su_mimo_phase_sensitive_rx16_seed0.pt,128,uniform,2,16,1.0,umi_uma_mix_normalized,uma_normalized,uma,uma,,,0,0.0001,2,20000,9.027777777777777e-06,156,2.7424035272726838e-05,0.0003645736136206778
layer2_rx16,runs/su_mimo_lmmse_umi_uma_matrix_v1/layer2_rx16/uma_normalized/lmmse_perfect/bler_per_layer.csv,9.0,lmmse_perfect,perfect,lmmse_perfect,su_mimo_phase_sensitive,-1,777000,1,/home/ahhy/projects/phase_invariant_receiver_sionna/checkpoints/generalization/umi_uma_mix_normalized/su_mimo_phase_sensitive_seed0/su_mimo_phase_sensitive_rx16_seed0.pt,128,uniform,2,16,1.0,umi_uma_mix_normalized,uma_normalized,uma,uma,,,1,0.00015,3,20000,1.1747685185185185e-05,203,5.101481799495055e-05,0.0004409636272928435
layer2_rx16,runs/su_mimo_lmmse_umi_uma_matrix_v1/layer2_rx16/uma_normalized/lmmse_perfect/bler_per_layer.csv,11.0,lmmse_perfect,perfect,lmmse_perfect,su_mimo_phase_sensitive,-1,777000,1,/home/ahhy/projects/phase_invariant_receiver_sionna/checkpoints/generalization/umi_uma_mix_normalized/su_mimo_phase_sensitive_seed0/su_mimo_phase_sensitive_rx16_seed0.pt,128,uniform,2,16,1.0,umi_uma_mix_normalized,uma_normalized,uma,uma,,,0,0.0,0,20000,0.0,0,0.0,0.00019203605610462553
layer2_rx16,runs/su_mimo_lmmse_umi_uma_matrix_v1/layer2_rx16/uma_normalized/lmmse_perfect/bler_per_layer.csv,11.0,lmmse_perfect,perfect,lmmse_perfect,su_mimo_phase_sensitive,-1,777000,1,/home/ahhy/projects/phase_invariant_receiver_sionna/checkpoints/generalization/umi_uma_mix_normalized/su_mimo_phase_sensitive_seed0/su_mimo_phase_sensitive_rx16_seed0.pt,128,uniform,2,16,1.0,umi_uma_mix_normalized,uma_normalized,uma,uma,,,1,5e-05,1,20000,5.150462962962963e-06,89,8.826282272974824e-06,0.0002831905702260402
layer2_rx16,runs/su_mimo_lmmse_umi_uma_matrix_v1/layer2_rx16/uma_normalized/lmmse_perfect/bler_per_layer.csv,13.0,lmmse_perfect,perfect,lmmse_perfect,su_mimo_phase_sensitive,-1,777000,1,/home/ahhy/projects/phase_invariant_receiver_sionna/checkpoints/generalization/umi_uma_mix_normalized/su_mimo_phase_sensitive_seed0/su_mimo_phase_sensitive_rx16_seed0.pt,128,uniform,2,16,1.0,umi_uma_mix_normalized,uma_normalized,uma,uma,,,0,0.0,0,20000,0.0,0,0.0,0.00019203605610462553
layer2_rx16,runs/su_mimo_lmmse_umi_uma_matrix_v1/layer2_rx16/uma_normalized/lmmse_perfect/bler_per_layer.csv,13.0,lmmse_perfect,perfect,lmmse_perfect,su_mimo_phase_sensitive,-1,777000,1,/home/ahhy/projects/phase_invariant_receiver_sionna/checkpoints/generalization/umi_uma_mix_normalized/su_mimo_phase_sensitive_seed0/su_mimo_phase_sensitive_rx16_seed0.pt,128,uniform,2,16,1.0,umi_uma_mix_normalized,uma_normalized,uma,uma,,,1,0.0,0,20000,0.0,0,0.0,0.00019203605610462553
layer4_rx4,runs/su_mimo_lmmse_umi_uma_matrix_v1/layer4_rx4/umi_normalized/lmmse_ls/bler_per_layer.csv,3.0,lmmse_ls,ls,lmmse_ls,su_mimo_phase_sensitive,-1,777000,1,/home/ahhy/projects/phase_invariant_receiver_sionna/checkpoints/generalization/umi_uma_mix_normalized/su_mimo_phase_sensitive_seed0/su_mimo_phase_sensitive_layer4_rx4_seed0.pt,128,uniform,4,4,1.0,umi_uma_mix_normalized,umi_normalized,umi,umi,,,0,0.74609375,382,512,0.18388310185185186,81344,0.7066566039054261,0.7818655877309675
layer4_rx4,runs/su_mimo_lmmse_umi_uma_matrix_v1/layer4_rx4/umi_normalized/lmmse_ls/bler_per_layer.csv,3.0,lmmse_ls,ls,lmmse_ls,su_mimo_phase_sensitive,-1,777000,1,/home/ahhy/projects/phase_invariant_receiver_sionna/checkpoints/generalization/umi_uma_mix_normalized/su_mimo_phase_sensitive_seed0/su_mimo_phase_sensitive_layer4_rx4_seed0.pt,128,uniform,4,4,1.0,umi_uma_mix_normalized,umi_normalized,umi,umi,,,1,0.798828125,409,512,0.20961959273726852,92729,0.7619372966187927,0.8312682217968281
layer4_rx4,runs/su_mimo_lmmse_umi_uma_matrix_v1/layer4_rx4/umi_normalized/lmmse_ls/bler_per_layer.csv,3.0,lmmse_ls,ls,lmmse_ls,su_mimo_phase_sensitive,-1,777000,1,/home/ahhy/projects/phase_invariant_receiver_sionna/checkpoints/generalization/umi_uma_mix_normalized/su_mimo_phase_sensitive_seed0/su_mimo_phase_sensitive_layer4_rx4_seed0.pt,128,uniform,4,4,1.0,umi_uma_mix_normalized,umi_normalized,umi,umi,,,2,0.783203125,401,512,0.20462601273148148,90520,0.7454722916786112,0.8167159447283499
layer4_rx4,runs/su_mimo_lmmse_umi_uma_matrix_v1/layer4_rx4/umi_normalized/lmmse_ls/bler_per_layer.csv,3.0,lmmse_ls,ls,lmmse_ls,su_mimo_phase_sensitive,-1,777000,1,/home/ahhy/projects/phase_invariant_receiver_sionna/checkpoints/generalization/umi_uma_mix_normalized/su_mimo_phase_sensitive_seed0/su_mimo_phase_sensitive_layer4_rx4_seed0.pt,128,uniform,4,4,1.0,umi_uma_mix_normalized,umi_normalized,umi,umi,,,3,0.7265625,372,512,0.18536829065393517,82001,0.6863742152137727,0.7633763739117959
layer4_rx4,runs/su_mimo_lmmse_umi_uma_matrix_v1/layer4_rx4/umi_normalized/lmmse_ls/bler_per_layer.csv,5.0,lmmse_ls,ls,lmmse_ls,su_mimo_phase_sensitive,-1,777000,1,/home/ahhy/projects/phase_invariant_receiver_sionna/checkpoints/generalization/umi_uma_mix_normalized/su_mimo_phase_sensitive_seed0/su_mimo_phase_sensitive_layer4_rx4_seed0.pt,128,uniform,4,4,1.0,umi_uma_mix_normalized,umi_normalized,umi,umi,,,0,0.6066176470588235,330,544,0.14604821963507625,68645,0.5649573472633482,0.6467827431082462
layer4_rx4,runs/su_mimo_lmmse_umi_uma_matrix_v1/layer4_rx4/umi_normalized/lmmse_ls/bler_per_layer.csv,5.0,lmmse_ls,ls,lmmse_ls,su_mimo_phase_sensitive,-1,777000,1,/home/ahhy/projects/phase_invariant_receiver_sionna/checkpoints/generalization/umi_uma_mix_normalized/su_mimo_phase_sensitive_seed0/su_mimo_phase_sensitive_layer4_rx4_seed0.pt,128,uniform,4,4,1.0,umi_uma_mix_normalized,umi_normalized,umi,umi,,,1,0.7095588235294118,386,544,0.17585358796296297,82654,0.6700469772995712,0.7461318210170114
layer4_rx4,runs/su_mimo_lmmse_umi_uma_matrix_v1/layer4_rx4/umi_normalized/lmmse_ls/bler_per_layer.csv,5.0,lmmse_ls,ls,lmmse_ls,su_mimo_phase_sensitive,-1,777000,1,/home/ahhy/projects/phase_invariant_receiver_sionna/checkpoints/generalization/umi_uma_mix_normalized/su_mimo_phase_sensitive_seed0/su_mimo_phase_sensitive_layer4_rx4_seed0.pt,128,uniform,4,4,1.0,umi_uma_mix_normalized,umi_normalized,umi,umi,,,2,0.6948529411764706,378,544,0.1705431304466231,80158,0.6549037964442083,0.7320694721659474
layer4_rx4,runs/su_mimo_lmmse_umi_uma_matrix_v1/layer4_rx4/umi_normalized/lmmse_ls/bler_per_layer.csv,5.0,lmmse_ls,ls,lmmse_ls,su_mimo_phase_sensitive,-1,777000,1,/home/ahhy/projects/phase_invariant_receiver_sionna/checkpoints/generalization/umi_uma_mix_normalized/su_mimo_phase_sensitive_seed0/su_mimo_phase_sensitive_layer4_rx4_seed0.pt,128,uniform,4,4,1.0,umi_uma_mix_normalized,umi_normalized,umi,umi,,,3,0.6194852941176471,337,544,0.1499927662037037,70499,0.5779830927098517,0.6593118361548664
layer4_rx4,runs/su_mimo_lmmse_umi_uma_matrix_v1/layer4_rx4/umi_normalized/lmmse_ls/bler_per_layer.csv,7.0,lmmse_ls,ls,lmmse_ls,su_mimo_phase_sensitive,-1,777000,1,/home/ahhy/projects/phase_invariant_receiver_sionna/checkpoints/generalization/umi_uma_mix_normalized/su_mimo_phase_sensitive_seed0/su_mimo_phase_sensitive_layer4_rx4_seed0.pt,128,uniform,4,4,1.0,umi_uma_mix_normalized,umi_normalized,umi,umi,,,0,0.48986486486486486,290,592,0.11280616554054054,57699,0.449791436229213,0.5300689782781111
layer4_rx4,runs/su_mimo_lmmse_umi_uma_matrix_v1/layer4_rx4/umi_normalized/lmmse_ls/bler_per_layer.csv,7.0,lmmse_ls,ls,lmmse_ls,su_mimo_phase_sensitive,-1,777000,1,/home/ahhy/projects/phase_invariant_receiver_sionna/checkpoints/generalization/umi_uma_mix_normalized/su_mimo_phase_sensitive_seed0/su_mimo_phase_sensitive_layer4_rx4_seed0.pt,128,uniform,4,4,1.0,umi_uma_mix_normalized,umi_normalized,umi,umi,,,1,0.6013513513513513,356,592,0.14253120307807807,72903,0.5613789690286493,0.6400168858981081
layer4_rx4,runs/su_mimo_lmmse_umi_uma_matrix_v1/layer4_rx4/umi_normalized/lmmse_ls/bler_per_layer.csv,7.0,lmmse_ls,ls,lmmse_ls,su_mimo_phase_sensitive,-1,777000,1,/home/ahhy/projects/phase_invariant_receiver_sionna/checkpoints/generalization/umi_uma_mix_normalized/su_mimo_phase_sensitive_seed0/su_mimo_phase_sensitive_layer4_rx4_seed0.pt,128,uniform,4,4,1.0,umi_uma_mix_normalized,umi_normalized,umi,umi,,,2,0.5793918918918919,343,592,0.13545772334834835,69285,0.5392391012743066,0.6185209850849865
layer4_rx4,runs/su_mimo_lmmse_umi_uma_matrix_v1/layer4_rx4/umi_normalized/lmmse_ls/bler_per_layer.csv,7.0,lmmse_ls,ls,lmmse_ls,su_mimo_phase_sensitive,-1,777000,1,/home/ahhy/projects/phase_invariant_receiver_sionna/checkpoints/generalization/umi_uma_mix_normalized/su_mimo_phase_sensitive_seed0/su_mimo_phase_sensitive_layer4_rx4_seed0.pt,128,uniform,4,4,1.0,umi_uma_mix_normalized,umi_normalized,umi,umi,,,3,0.5067567567567568,300,592,0.11789132882882883,60300,0.46656987086000806,0.5468565194684426
layer4_rx4,runs/su_mimo_lmmse_umi_uma_matrix_v1/layer4_rx4/umi_normalized/lmmse_ls/bler_per_layer.csv,9.0,lmmse_ls,ls,lmmse_ls,su_mimo_phase_sensitive,-1,777000,1,/home/ahhy/projects/phase_invariant_receiver_sionna/checkpoints/generalization/umi_uma_mix_normalized/su_mimo_phase_sensitive_seed0/su_mimo_phase_sensitive_layer4_rx4_seed0.pt,128,uniform,4,4,1.0,umi_uma_mix_normalized,umi_normalized,umi,umi,,,0,0.37648809523809523,253,672,0.086917507164903,50465,0.34065557345007813,0.413724691575893
layer4_rx4,runs/su_mimo_lmmse_umi_uma_matrix_v1/layer4_rx4/umi_normalized/lmmse_ls/bler_per_layer.csv,9.0,lmmse_ls,ls,lmmse_ls,su_mimo_phase_sensitive,-1,777000,1,/home/ahhy/projects/phase_invariant_receiver_sionna/checkpoints/generalization/umi_uma_mix_normalized/su_mimo_phase_sensitive_seed0/su_mimo_phase_sensitive_layer4_rx4_seed0.pt,128,uniform,4,4,1.0,umi_uma_mix_normalized,umi_normalized,umi,umi,,,1,0.46875,315,672,0.11131262400793651,64629,0.43130486595773887,0.5065503818199165
layer4_rx4,runs/su_mimo_lmmse_umi_uma_matrix_v1/layer4_rx4/umi_normalized/lmmse_ls/bler_per_layer.csv,9.0,lmmse_ls,ls,lmmse_ls,su_mimo_phase_sensitive,-1,777000,1,/home/ahhy/projects/phase_invariant_receiver_sionna/checkpoints/generalization/umi_uma_mix_normalized/su_mimo_phase_sensitive_seed0/su_mimo_phase_sensitive_layer4_rx4_seed0.pt,128,uniform,4,4,1.0,umi_uma_mix_normalized,umi_normalized,umi,umi,,,2,0.47023809523809523,316,672,0.10696373456790123,62104,0.4327776842225496,0.5080368374704556
layer4_rx4,runs/su_mimo_lmmse_umi_uma_matrix_v1/layer4_rx4/umi_normalized/lmmse_ls/bler_per_layer.csv,9.0,lmmse_ls,ls,lmmse_ls,su_mimo_phase_sensitive,-1,777000,1,/home/ahhy/projects/phase_invariant_receiver_sionna/checkpoints/generalization/umi_uma_mix_normalized/su_mimo_phase_sensitive_seed0/su_mimo_phase_sensitive_layer4_rx4_seed0.pt,128,uniform,4,4,1.0,umi_uma_mix_normalized,umi_normalized,umi,umi,,,3,0.40029761904761907,269,672,0.08849860835537919,51383,0.3639209827813918,0.43780766489017536
layer4_rx4,runs/su_mimo_lmmse_umi_uma_matrix_v1/layer4_rx4/umi_normalized/lmmse_ls/bler_per_layer.csv,11.0,lmmse_ls,ls,lmmse_ls,su_mimo_phase_sensitive,-1,777000,1,/home/ahhy/projects/phase_invariant_receiver_sionna/checkpoints/generalization/umi_uma_mix_normalized/su_mimo_phase_sensitive_seed0/su_mimo_phase_sensitive_layer4_rx4_seed0.pt,128,uniform,4,4,1.0,umi_uma_mix_normalized,umi_normalized,umi,umi,,,0,0.3010204081632653,236,784,0.06893069727891156,46692,0.26994578357414406,0.33403545337798674
layer4_rx4,runs/su_mimo_lmmse_umi_uma_matrix_v1/layer4_rx4/umi_normalized/lmmse_ls/bler_per_layer.csv,11.0,lmmse_ls,ls,lmmse_ls,su_mimo_phase_sensitive,-1,777000,1,/home/ahhy/projects/phase_invariant_receiver_sionna/checkpoints/generalization/umi_uma_mix_normalized/su_mimo_phase_sensitive_seed0/su_mimo_phase_sensitive_layer4_rx4_seed0.pt,128,uniform,4,4,1.0,umi_uma_mix_normalized,umi_normalized,umi,umi,,,1,0.38903061224489793,305,784,0.09213346797052155,62409,0.35552419824519094,0.42361918390118963
layer4_rx4,runs/su_mimo_lmmse_umi_uma_matrix_v1/layer4_rx4/umi_normalized/lmmse_ls/bler_per_layer.csv,11.0,lmmse_ls,ls,lmmse_ls,su_mimo_phase_sensitive,-1,777000,1,/home/ahhy/projects/phase_invariant_receiver_sionna/checkpoints/generalization/umi_uma_mix_normalized/su_mimo_phase_sensitive_seed0/su_mimo_phase_sensitive_layer4_rx4_seed0.pt,128,uniform,4,4,1.0,umi_uma_mix_normalized,umi_normalized,umi,umi,,,2,0.3877551020408163,304,784,0.08609250992063493,58317,0.3542752007381451,0.422329599593826
layer4_rx4,runs/su_mimo_lmmse_umi_uma_matrix_v1/layer4_rx4/umi_normalized/lmmse_ls/bler_per_layer.csv,11.0,lmmse_ls,ls,lmmse_ls,su_mimo_phase_sensitive,-1,777000,1,/home/ahhy/projects/phase_invariant_receiver_sionna/checkpoints/generalization/umi_uma_mix_normalized/su_mimo_phase_sensitive_seed0/su_mimo_phase_sensitive_layer4_rx4_seed0.pt,128,uniform,4,4,1.0,umi_uma_mix_normalized,umi_normalized,umi,umi,,,3,0.30994897959183676,243,784,0.06914771116780045,46839,0.2785689165056278,0.3431823931473689
layer4_rx4,runs/su_mimo_lmmse_umi_uma_matrix_v1/layer4_rx4/umi_normalized/lmmse_ls/bler_per_layer.csv,13.0,lmmse_ls,ls,lmmse_ls,su_mimo_phase_sensitive,-1,777000,1,/home/ahhy/projects/phase_invariant_receiver_sionna/checkpoints/generalization/umi_uma_mix_normalized/su_mimo_phase_sensitive_seed0/su_mimo_phase_sensitive_layer4_rx4_seed0.pt,128,uniform,4,4,1.0,umi_uma_mix_normalized,umi_normalized,umi,umi,,,0,0.24545454545454545,216,880,0.05386547769360269,40955,0.21816737206625245,0.2749543914253985
layer4_rx4,runs/su_mimo_lmmse_umi_uma_matrix_v1/layer4_rx4/umi_normalized/lmmse_ls/bler_per_layer.csv,13.0,lmmse_ls,ls,lmmse_ls,su_mimo_phase_sensitive,-1,777000,1,/home/ahhy/projects/phase_invariant_receiver_sionna/checkpoints/generalization/umi_uma_mix_normalized/su_mimo_phase_sensitive_seed0/su_mimo_phase_sensitive_layer4_rx4_seed0.pt,128,uniform,4,4,1.0,umi_uma_mix_normalized,umi_normalized,umi,umi,,,1,0.33636363636363636,296,880,0.0757036510942761,57559,0.30591870895283513,0.3682309961489404
layer4_rx4,runs/su_mimo_lmmse_umi_uma_matrix_v1/layer4_rx4/umi_normalized/lmmse_ls/bler_per_layer.csv,13.0,lmmse_ls,ls,lmmse_ls,su_mimo_phase_sensitive,-1,777000,1,/home/ahhy/projects/phase_invariant_receiver_sionna/checkpoints/generalization/umi_uma_mix_normalized/su_mimo_phase_sensitive_seed0/su_mimo_phase_sensitive_layer4_rx4_seed0.pt,128,uniform,4,4,1.0,umi_uma_mix_normalized,umi_normalized,umi,umi,,,2,0.32045454545454544,282,880,0.06977325336700337,53050,0.29046026283083204,0.35200955248917165
layer4_rx4,runs/su_mimo_lmmse_umi_uma_matrix_v1/layer4_rx4/umi_normalized/lmmse_ls/bler_per_layer.csv,13.0,lmmse_ls,ls,lmmse_ls,su_mimo_phase_sensitive,-1,777000,1,/home/ahhy/projects/phase_invariant_receiver_sionna/checkpoints/generalization/umi_uma_mix_normalized/su_mimo_phase_sensitive_seed0/su_mimo_phase_sensitive_layer4_rx4_seed0.pt,128,uniform,4,4,1.0,umi_uma_mix_normalized,umi_normalized,umi,umi,,,3,0.24204545454545454,213,880,0.05114951599326599,38890,0.21490655330872435,0.271426662372547
layer4_rx4,runs/su_mimo_lmmse_umi_uma_matrix_v1/layer4_rx4/umi_normalized/lmmse_perfect/bler_per_layer.csv,3.0,lmmse_perfect,perfect,lmmse_perfect,su_mimo_phase_sensitive,-1,777000,1,/home/ahhy/projects/phase_invariant_receiver_sionna/checkpoints/generalization/umi_uma_mix_normalized/su_mimo_phase_sensitive_seed0/su_mimo_phase_sensitive_layer4_rx4_seed0.pt,128,uniform,4,4,1.0,umi_uma_mix_normalized,umi_normalized,umi,umi,,,0,0.5535714285714286,310,560,0.12372065145502646,59861,0.5121719036231446,0.5942409879111058
layer4_rx4,runs/su_mimo_lmmse_umi_uma_matrix_v1/layer4_rx4/umi_normalized/lmmse_perfect/bler_per_layer.csv,3.0,lmmse_perfect,perfect,lmmse_perfect,su_mimo_phase_sensitive,-1,777000,1,/home/ahhy/projects/phase_invariant_receiver_sionna/checkpoints/generalization/umi_uma_mix_normalized/su_mimo_phase_sensitive_seed0/su_mimo_phase_sensitive_layer4_rx4_seed0.pt,128,uniform,4,4,1.0,umi_uma_mix_normalized,umi_normalized,umi,umi,,,1,0.6553571428571429,367,560,0.15184151785714287,73467,0.6150566793334858,0.6935407061158402
layer4_rx4,runs/su_mimo_lmmse_umi_uma_matrix_v1/layer4_rx4/umi_normalized/lmmse_perfect/bler_per_layer.csv,3.0,lmmse_perfect,perfect,lmmse_perfect,su_mimo_phase_sensitive,-1,777000,1,/home/ahhy/projects/phase_invariant_receiver_sionna/checkpoints/generalization/umi_uma_mix_normalized/su_mimo_phase_sensitive_seed0/su_mimo_phase_sensitive_layer4_rx4_seed0.pt,128,uniform,4,4,1.0,umi_uma_mix_normalized,umi_normalized,umi,umi,,,2,0.6392857142857142,358,560,0.14456225198412698,69945,0.5986885851735856,0.6779849328154651
layer4_rx4,runs/su_mimo_lmmse_umi_uma_matrix_v1/layer4_rx4/umi_normalized/lmmse_perfect/bler_per_layer.csv,3.0,lmmse_perfect,perfect,lmmse_perfect,su_mimo_phase_sensitive,-1,777000,1,/home/ahhy/projects/phase_invariant_receiver_sionna/checkpoints/generalization/umi_uma_mix_normalized/su_mimo_phase_sensitive_seed0/su_mimo_phase_sensitive_layer4_rx4_seed0.pt,128,uniform,4,4,1.0,umi_uma_mix_normalized,umi_normalized,umi,umi,,,3,0.5607142857142857,314,560,0.1281167328042328,61988,0.5193334577961892,0.6012678192759611
layer4_rx4,runs/su_mimo_lmmse_umi_uma_matrix_v1/layer4_rx4/umi_normalized/lmmse_perfect/bler_per_layer.csv,5.0,lmmse_perfect,perfect,lmmse_perfect,su_mimo_phase_sensitive,-1,777000,1,/home/ahhy/projects/phase_invariant_receiver_sionna/checkpoints/generalization/umi_uma_mix_normalized/su_mimo_phase_sensitive_seed0/su_mimo_phase_sensitive_layer4_rx4_seed0.pt,128,uniform,4,4,1.0,umi_uma_mix_normalized,umi_normalized,umi,umi,,,0,0.4230769230769231,264,624,0.0948443435422602,51134,0.3848998539437009,0.4621953025623355
layer4_rx4,runs/su_mimo_lmmse_umi_uma_matrix_v1/layer4_rx4/umi_normalized/lmmse_perfect/bler_per_layer.csv,5.0,lmmse_perfect,perfect,lmmse_perfect,su_mimo_phase_sensitive,-1,777000,1,/home/ahhy/projects/phase_invariant_receiver_sionna/checkpoints/generalization/umi_uma_mix_normalized/su_mimo_phase_sensitive_seed0/su_mimo_phase_sensitive_layer4_rx4_seed0.pt,128,uniform,4,4,1.0,umi_uma_mix_normalized,umi_normalized,umi,umi,,,1,0.5144230769230769,321,624,0.11831893993352327,63790,0.4752405289236074,0.5534291292315106
layer4_rx4,runs/su_mimo_lmmse_umi_uma_matrix_v1/layer4_rx4/umi_normalized/lmmse_perfect/bler_per_layer.csv,5.0,lmmse_perfect,perfect,lmmse_perfect,su_mimo_phase_sensitive,-1,777000,1,/home/ahhy/projects/phase_invariant_receiver_sionna/checkpoints/generalization/umi_uma_mix_normalized/su_mimo_phase_sensitive_seed0/su_mimo_phase_sensitive_layer4_rx4_seed0.pt,128,uniform,4,4,1.0,umi_uma_mix_normalized,umi_normalized,umi,umi,,,2,0.5128205128205128,320,624,0.11217948717948718,60480,0.47364437468021436,0.5518397659021128
layer4_rx4,runs/su_mimo_lmmse_umi_uma_matrix_v1/layer4_rx4/umi_normalized/lmmse_perfect/bler_per_layer.csv,5.0,lmmse_perfect,perfect,lmmse_perfect,su_mimo_phase_sensitive,-1,777000,1,/home/ahhy/projects/phase_invariant_receiver_sionna/checkpoints/generalization/umi_uma_mix_normalized/su_mimo_phase_sensitive_seed0/su_mimo_phase_sensitive_layer4_rx4_seed0.pt,128,uniform,4,4,1.0,umi_uma_mix_normalized,umi_normalized,umi,umi,,,3,0.453525641025641,283,624,0.09772858796296297,52689,0.4148677944107844,0.4927521959782793
layer4_rx4,runs/su_mimo_lmmse_umi_uma_matrix_v1/layer4_rx4/umi_normalized/lmmse_perfect/bler_per_layer.csv,7.0,lmmse_perfect,perfect,lmmse_perfect,su_mimo_phase_sensitive,-1,777000,1,/home/ahhy/projects/phase_invariant_receiver_sionna/checkpoints/generalization/umi_uma_mix_normalized/su_mimo_phase_sensitive_seed0/su_mimo_phase_sensitive_layer4_rx4_seed0.pt,128,uniform,4,4,1.0,umi_uma_mix_normalized,umi_normalized,umi,umi,,,0,0.3277777777777778,236,720,0.0730516975308642,45444,0.2944837735050879,0.36289976403910096
layer4_rx4,runs/su_mimo_lmmse_umi_uma_matrix_v1/layer4_rx4/umi_normalized/lmmse_perfect/bler_per_layer.csv,7.0,lmmse_perfect,perfect,lmmse_perfect,su_mimo_phase_sensitive,-1,777000,1,/home/ahhy/projects/phase_invariant_receiver_sionna/checkpoints/generalization/umi_uma_mix_normalized/su_mimo_phase_sensitive_seed0/su_mimo_phase_sensitive_layer4_rx4_seed0.pt,128,uniform,4,4,1.0,umi_uma_mix_normalized,umi_normalized,umi,umi,,,1,0.41805555555555557,301,720,0.09222125771604939,57369,0.3825555804515528,0.4544252962831823
layer4_rx4,runs/su_mimo_lmmse_umi_uma_matrix_v1/layer4_rx4/umi_normalized/lmmse_perfect/bler_per_layer.csv,7.0,lmmse_perfect,perfect,lmmse_perfect,su_mimo_phase_sensitive,-1,777000,1,/home/ahhy/projects/phase_invariant_receiver_sionna/checkpoints/generalization/umi_uma_mix_normalized/su_mimo_phase_sensitive_seed0/su_mimo_phase_sensitive_layer4_rx4_seed0.pt,128,uniform,4,4,1.0,umi_uma_mix_normalized,umi_normalized,umi,umi,,,2,0.4166666666666667,300,720,0.0870434670781893,54148,0.38119092720100495,0.45302691354618324
layer4_rx4,runs/su_mimo_lmmse_umi_uma_matrix_v1/layer4_rx4/umi_normalized/lmmse_perfect/bler_per_layer.csv,7.0,lmmse_perfect,perfect,lmmse_perfect,su_mimo_phase_sensitive,-1,777000,1,/home/ahhy/projects/phase_invariant_receiver_sionna/checkpoints/generalization/umi_uma_mix_normalized/su_mimo_phase_sensitive_seed0/su_mimo_phase_sensitive_layer4_rx4_seed0.pt,128,uniform,4,4,1.0,umi_uma_mix_normalized,umi_normalized,umi,umi,,,3,0.35555555555555557,256,720,0.0734375,45684,0.3214420264303037,0.3912022308648225
layer4_rx4,runs/su_mimo_lmmse_umi_uma_matrix_v1/layer4_rx4/umi_normalized/lmmse_perfect/bler_per_layer.csv,9.0,lmmse_perfect,perfect,lmmse_perfect,su_mimo_phase_sensitive,-1,777000,1,/home/ahhy/projects/phase_invariant_receiver_sionna/checkpoints/generalization/umi_uma_mix_normalized/su_mimo_phase_sensitive_seed0/su_mimo_phase_sensitive_layer4_rx4_seed0.pt,128,uniform,4,4,1.0,umi_uma_mix_normalized,umi_normalized,umi,umi,,,0,0.27004716981132076,229,848,0.05726027472047519,41953,0.24125105951341372,0.30091726774794825
layer4_rx4,runs/su_mimo_lmmse_umi_uma_matrix_v1/layer4_rx4/umi_normalized/lmmse_perfect/bler_per_layer.csv,9.0,lmmse_perfect,perfect,lmmse_perfect,su_mimo_phase_sensitive,-1,777000,1,/home/ahhy/projects/phase_invariant_receiver_sionna/checkpoints/generalization/umi_uma_mix_normalized/su_mimo_phase_sensitive_seed0/su_mimo_phase_sensitive_layer4_rx4_seed0.pt,128,uniform,4,4,1.0,umi_uma_mix_normalized,umi_normalized,umi,umi,,,1,0.35377358490566035,300,848,0.07732928240740741,56657,0.322317459401239,0.3865485538316269
layer4_rx4,runs/su_mimo_lmmse_umi_uma_matrix_v1/layer4_rx4/umi_normalized/lmmse_perfect/bler_per_layer.csv,9.0,lmmse_perfect,perfect,lmmse_perfect,su_mimo_phase_sensitive,-1,777000,1,/home/ahhy/projects/phase_invariant_receiver_sionna/checkpoints/generalization/umi_uma_mix_normalized/su_mimo_phase_sensitive_seed0/su_mimo_phase_sensitive_layer4_rx4_seed0.pt,128,uniform,4,4,1.0,umi_uma_mix_normalized,umi_normalized,umi,umi,,,2,0.3313679245283019,281,848,0.06952087700908456,50936,0.3005097465369253,0.36374702678807336
layer4_rx4,runs/su_mimo_lmmse_umi_uma_matrix_v1/layer4_rx4/umi_normalized/lmmse_perfect/bler_per_layer.csv,9.0,lmmse_perfect,perfect,lmmse_perfect,su_mimo_phase_sensitive,-1,777000,1,/home/ahhy/projects/phase_invariant_receiver_sionna/checkpoints/generalization/umi_uma_mix_normalized/su_mimo_phase_sensitive_seed0/su_mimo_phase_sensitive_layer4_rx4_seed0.pt,128,uniform,4,4,1.0,umi_uma_mix_normalized,umi_normalized,umi,umi,,,3,0.2617924528301887,222,848,0.05535219033892383,40555,0.23332576440182642,0.2924075797355845
layer4_rx4,runs/su_mimo_lmmse_umi_uma_matrix_v1/layer4_rx4/umi_normalized/lmmse_perfect/bler_per_layer.csv,11.0,lmmse_perfect,perfect,lmmse_perfect,su_mimo_phase_sensitive,-1,777000,1,/home/ahhy/projects/phase_invariant_receiver_sionna/checkpoints/generalization/umi_uma_mix_normalized/su_mimo_phase_sensitive_seed0/su_mimo_phase_sensitive_layer4_rx4_seed0.pt,128,uniform,4,4,1.0,umi_uma_mix_normalized,umi_normalized,umi,umi,,,0,0.2060546875,211,1024,0.042215983072916664,37350,0.1824018793445621,0.23190468045240148
layer4_rx4,runs/su_mimo_lmmse_umi_uma_matrix_v1/layer4_rx4/umi_normalized/lmmse_perfect/bler_per_layer.csv,11.0,lmmse_perfect,perfect,lmmse_perfect,su_mimo_phase_sensitive,-1,777000,1,/home/ahhy/projects/phase_invariant_receiver_sionna/checkpoints/generalization/umi_uma_mix_normalized/su_mimo_phase_sensitive_seed0/su_mimo_phase_sensitive_layer4_rx4_seed0.pt,128,uniform,4,4,1.0,umi_uma_mix_normalized,umi_normalized,umi,umi,,,1,0.29296875,300,1024,0.060295952690972224,53346,0.2659080464097443,0.3215769724505756
layer4_rx4,runs/su_mimo_lmmse_umi_uma_matrix_v1/layer4_rx4/umi_normalized/lmmse_perfect/bler_per_layer.csv,11.0,lmmse_perfect,perfect,lmmse_perfect,su_mimo_phase_sensitive,-1,777000,1,/home/ahhy/projects/phase_invariant_receiver_sionna/checkpoints/generalization/umi_uma_mix_normalized/su_mimo_phase_sensitive_seed0/su_mimo_phase_sensitive_layer4_rx4_seed0.pt,128,uniform,4,4,1.0,umi_uma_mix_normalized,umi_normalized,umi,umi,,,2,0.26953125,276,1024,0.05638857241030092,49889,0.24325264224543855,0.29753256742925716
layer4_rx4,runs/su_mimo_lmmse_umi_uma_matrix_v1/layer4_rx4/umi_normalized/lmmse_perfect/bler_per_layer.csv,11.0,lmmse_perfect,perfect,lmmse_perfect,su_mimo_phase_sensitive,-1,777000,1,/home/ahhy/projects/phase_invariant_receiver_sionna/checkpoints/generalization/umi_uma_mix_normalized/su_mimo_phase_sensitive_seed0/su_mimo_phase_sensitive_layer4_rx4_seed0.pt,128,uniform,4,4,1.0,umi_uma_mix_normalized,umi_normalized,umi,umi,,,3,0.201171875,206,1024,0.04139879014756945,36627,0.1777559890987504,0.22682144378454144
layer4_rx4,runs/su_mimo_lmmse_umi_uma_matrix_v1/layer4_rx4/umi_normalized/lmmse_perfect/bler_per_layer.csv,13.0,lmmse_perfect,perfect,lmmse_perfect,su_mimo_phase_sensitive,-1,777000,1,/home/ahhy/projects/phase_invariant_receiver_sionna/checkpoints/generalization/umi_uma_mix_normalized/su_mimo_phase_sensitive_seed0/su_mimo_phase_sensitive_layer4_rx4_seed0.pt,128,uniform,4,4,1.0,umi_uma_mix_normalized,umi_normalized,umi,umi,,,0,0.16166666666666665,194,1200,0.03291763117283951,34129,0.1419221758826883,0.183570401191829
layer4_rx4,runs/su_mimo_lmmse_umi_uma_matrix_v1/layer4_rx4/umi_normalized/lmmse_perfect/bler_per_layer.csv,13.0,lmmse_perfect,perfect,lmmse_perfect,su_mimo_phase_sensitive,-1,777000,1,/home/ahhy/projects/phase_invariant_receiver_sionna/checkpoints/generalization/umi_uma_mix_normalized/su_mimo_phase_sensitive_seed0/su_mimo_phase_sensitive_layer4_rx4_seed0.pt,128,uniform,4,4,1.0,umi_uma_mix_normalized,umi_normalized,umi,umi,,,1,0.23166666666666666,278,1200,0.046669560185185185,48387,0.20867501689786389,0.2563708200922705
layer4_rx4,runs/su_mimo_lmmse_umi_uma_matrix_v1/layer4_rx4/umi_normalized/lmmse_perfect/bler_per_layer.csv,13.0,lmmse_perfect,perfect,lmmse_perfect,su_mimo_phase_sensitive,-1,777000,1,/home/ahhy/projects/phase_invariant_receiver_sionna/checkpoints/generalization/umi_uma_mix_normalized/su_mimo_phase_sensitive_seed0/su_mimo_phase_sensitive_layer4_rx4_seed0.pt,128,uniform,4,4,1.0,umi_uma_mix_normalized,umi_normalized,umi,umi,,,2,0.22833333333333333,274,1200,0.044609375,46251,0.2054726653195151,0.2529277783413042
layer4_rx4,runs/su_mimo_lmmse_umi_uma_matrix_v1/layer4_rx4/umi_normalized/lmmse_perfect/bler_per_layer.csv,13.0,lmmse_perfect,perfect,lmmse_perfect,su_mimo_phase_sensitive,-1,777000,1,/home/ahhy/projects/phase_invariant_receiver_sionna/checkpoints/generalization/umi_uma_mix_normalized/su_mimo_phase_sensitive_seed0/su_mimo_phase_sensitive_layer4_rx4_seed0.pt,128,uniform,4,4,1.0,umi_uma_mix_normalized,umi_normalized,umi,umi,,,3,0.15833333333333333,190,1200,0.032288773148148146,33477,0.13877331794101144,0.1800738658041907
layer4_rx4,runs/su_mimo_lmmse_umi_uma_matrix_v1/layer4_rx4/uma_normalized/lmmse_ls/bler_per_layer.csv,3.0,lmmse_ls,ls,lmmse_ls,su_mimo_phase_sensitive,-1,777000,1,/home/ahhy/projects/phase_invariant_receiver_sionna/checkpoints/generalization/umi_uma_mix_normalized/su_mimo_phase_sensitive_seed0/su_mimo_phase_sensitive_layer4_rx4_seed0.pt,128,uniform,4,4,1.0,umi_uma_mix_normalized,uma_normalized,uma,uma,,,0,0.73828125,378,512,0.1733940972222222,76704,0.6985321963804407,0.7744813542516229
layer4_rx4,runs/su_mimo_lmmse_umi_uma_matrix_v1/layer4_rx4/uma_normalized/lmmse_ls/bler_per_layer.csv,3.0,lmmse_ls,ls,lmmse_ls,su_mimo_phase_sensitive,-1,777000,1,/home/ahhy/projects/phase_invariant_receiver_sionna/checkpoints/generalization/umi_uma_mix_normalized/su_mimo_phase_sensitive_seed0/su_mimo_phase_sensitive_layer4_rx4_seed0.pt,128,uniform,4,4,1.0,umi_uma_mix_normalized,uma_normalized,uma,uma,,,1,0.7890625,404,512,0.18747965494791666,82935,0.7516376331702338,0.8221820839899746
layer4_rx4,runs/su_mimo_lmmse_umi_uma_matrix_v1/layer4_rx4/uma_normalized/lmmse_ls/bler_per_layer.csv,3.0,lmmse_ls,ls,lmmse_ls,su_mimo_phase_sensitive,-1,777000,1,/home/ahhy/projects/phase_invariant_receiver_sionna/checkpoints/generalization/umi_uma_mix_normalized/su_mimo_phase_sensitive_seed0/su_mimo_phase_sensitive_layer4_rx4_seed0.pt,128,uniform,4,4,1.0,umi_uma_mix_normalized,uma_normalized,uma,uma,,,2,0.818359375,419,512,0.19649703414351852,86924,0.78263299633789,0.8493441245885558
layer4_rx4,runs/su_mimo_lmmse_umi_uma_matrix_v1/layer4_rx4/uma_normalized/lmmse_ls/bler_per_layer.csv,3.0,lmmse_ls,ls,lmmse_ls,su_mimo_phase_sensitive,-1,777000,1,/home/ahhy/projects/phase_invariant_receiver_sionna/checkpoints/generalization/umi_uma_mix_normalized/su_mimo_phase_sensitive_seed0/su_mimo_phase_sensitive_layer4_rx4_seed0.pt,128,uniform,4,4,1.0,umi_uma_mix_normalized,uma_normalized,uma,uma,,,3,0.720703125,369,512,0.1723316333912037,76234,0.6803077278941309,0.7578113804781904
layer4_rx4,runs/su_mimo_lmmse_umi_uma_matrix_v1/layer4_rx4/uma_normalized/lmmse_ls/bler_per_layer.csv,5.0,lmmse_ls,ls,lmmse_ls,su_mimo_phase_sensitive,-1,777000,1,/home/ahhy/projects/phase_invariant_receiver_sionna/checkpoints/generalization/umi_uma_mix_normalized/su_mimo_phase_sensitive_seed0/su_mimo_phase_sensitive_layer4_rx4_seed0.pt,128,uniform,4,4,1.0,umi_uma_mix_normalized,uma_normalized,uma,uma,,,0,0.5974264705882353,325,544,0.13460392837690632,63266,0.5556713441553913,0.6378152901496865
layer4_rx4,runs/su_mimo_lmmse_umi_uma_matrix_v1/layer4_rx4/uma_normalized/lmmse_ls/bler_per_layer.csv,5.0,lmmse_ls,ls,lmmse_ls,su_mimo_phase_sensitive,-1,777000,1,/home/ahhy/projects/phase_invariant_receiver_sionna/checkpoints/generalization/umi_uma_mix_normalized/su_mimo_phase_sensitive_seed0/su_mimo_phase_sensitive_layer4_rx4_seed0.pt,128,uniform,4,4,1.0,umi_uma_mix_normalized,uma_normalized,uma,uma,,,1,0.6433823529411765,350,544,0.14493123638344227,68120,0.6022539922519194,0.6824999223857424
layer4_rx4,runs/su_mimo_lmmse_umi_uma_matrix_v1/layer4_rx4/uma_normalized/lmmse_ls/bler_per_layer.csv,5.0,lmmse_ls,ls,lmmse_ls,su_mimo_phase_sensitive,-1,777000,1,/home/ahhy/projects/phase_invariant_receiver_sionna/checkpoints/generalization/umi_uma_mix_normalized/su_mimo_phase_sensitive_seed0/su_mimo_phase_sensitive_layer4_rx4_seed0.pt,128,uniform,4,4,1.0,umi_uma_mix_normalized,uma_normalized,uma,uma,,,2,0.6856617647058824,373,544,0.15408624387254902,72423,0.6454627727464705,0.7232570397971684
layer4_rx4,runs/su_mimo_lmmse_umi_uma_matrix_v1/layer4_rx4/uma_normalized/lmmse_ls/bler_per_layer.csv,5.0,lmmse_ls,ls,lmmse_ls,su_mimo_phase_sensitive,-1,777000,1,/home/ahhy/projects/phase_invariant_receiver_sionna/checkpoints/generalization/umi_uma_mix_normalized/su_mimo_phase_sensitive_seed0/su_mimo_phase_sensitive_layer4_rx4_seed0.pt,128,uniform,4,4,1.0,umi_uma_mix_normalized,uma_normalized,uma,uma,,,3,0.5863970588235294,319,544,0.13216571350762527,62120,0.5445477731626367,0.6270347138626211
layer4_rx4,runs/su_mimo_lmmse_umi_uma_matrix_v1/layer4_rx4/uma_normalized/lmmse_ls/bler_per_layer.csv,7.0,lmmse_ls,ls,lmmse_ls,su_mimo_phase_sensitive,-1,777000,1,/home/ahhy/projects/phase_invariant_receiver_sionna/checkpoints/generalization/umi_uma_mix_normalized/su_mimo_phase_sensitive_seed0/su_mimo_phase_sensitive_layer4_rx4_seed0.pt,128,uniform,4,4,1.0,umi_uma_mix_normalized,uma_normalized,uma,uma,,,0,0.4775641025641026,298,624,0.10217088081671415,55084,0.43863005385408976,0.5167727001268375
layer4_rx4,runs/su_mimo_lmmse_umi_uma_matrix_v1/layer4_rx4/uma_normalized/lmmse_ls/bler_per_layer.csv,7.0,lmmse_ls,ls,lmmse_ls,su_mimo_phase_sensitive,-1,777000,1,/home/ahhy/projects/phase_invariant_receiver_sionna/checkpoints/generalization/umi_uma_mix_normalized/su_mimo_phase_sensitive_seed0/su_mimo_phase_sensitive_layer4_rx4_seed0.pt,128,uniform,4,4,1.0,umi_uma_mix_normalized,uma_normalized,uma,uma,,,1,0.5224358974358975,326,624,0.11714112951092118,63155,0.48322729987316243,0.5613699461459102
layer4_rx4,runs/su_mimo_lmmse_umi_uma_matrix_v1/layer4_rx4/uma_normalized/lmmse_ls/bler_per_layer.csv,7.0,lmmse_ls,ls,lmmse_ls,su_mimo_phase_sensitive,-1,777000,1,/home/ahhy/projects/phase_invariant_receiver_sionna/checkpoints/generalization/umi_uma_mix_normalized/su_mimo_phase_sensitive_seed0/su_mimo_phase_sensitive_layer4_rx4_seed0.pt,128,uniform,4,4,1.0,umi_uma_mix_normalized,uma_normalized,uma,uma,,,2,0.5464743589743589,341,624,0.11979166666666667,64584,0.5072478040217206,0.5851322055892155
layer4_rx4,runs/su_mimo_lmmse_umi_uma_matrix_v1/layer4_rx4/uma_normalized/lmmse_ls/bler_per_layer.csv,7.0,lmmse_ls,ls,lmmse_ls,su_mimo_phase_sensitive,-1,777000,1,/home/ahhy/projects/phase_invariant_receiver_sionna/checkpoints/generalization/umi_uma_mix_normalized/su_mimo_phase_sensitive_seed0/su_mimo_phase_sensitive_layer4_rx4_seed0.pt,128,uniform,4,4,1.0,umi_uma_mix_normalized,uma_normalized,uma,uma,,,3,0.46474358974358976,290,624,0.10412029617758785,56135,0.4259455853871204,0.5039730280114796
layer4_rx4,runs/su_mimo_lmmse_umi_uma_matrix_v1/layer4_rx4/uma_normalized/lmmse_ls/bler_per_layer.csv,9.0,lmmse_ls,ls,lmmse_ls,su_mimo_phase_sensitive,-1,777000,1,/home/ahhy/projects/phase_invariant_receiver_sionna/checkpoints/generalization/umi_uma_mix_normalized/su_mimo_phase_sensitive_seed0/su_mimo_phase_sensitive_layer4_rx4_seed0.pt,128,uniform,4,4,1.0,umi_uma_mix_normalized,uma_normalized,uma,uma,,,0,0.37907608695652173,279,736,0.08133303140096618,51720,0.344739146414462,0.41466876743274017
layer4_rx4,runs/su_mimo_lmmse_umi_uma_matrix_v1/layer4_rx4/uma_normalized/lmmse_ls/bler_per_layer.csv,9.0,lmmse_ls,ls,lmmse_ls,su_mimo_phase_sensitive,-1,777000,1,/home/ahhy/projects/phase_invariant_receiver_sionna/checkpoints/generalization/umi_uma_mix_normalized/su_mimo_phase_sensitive_seed0/su_mimo_phase_sensitive_layer4_rx4_seed0.pt,128,uniform,4,4,1.0,umi_uma_mix_normalized,uma_normalized,uma,uma,,,1,0.44157608695652173,325,736,0.0974470989331723,61967,0.4060962426073547,0.4776626371165745
layer4_rx4,runs/su_mimo_lmmse_umi_uma_matrix_v1/layer4_rx4/uma_normalized/lmmse_ls/bler_per_layer.csv,9.0,lmmse_ls,ls,lmmse_ls,su_mimo_phase_sensitive,-1,777000,1,/home/ahhy/projects/phase_invariant_receiver_sionna/checkpoints/generalization/umi_uma_mix_normalized/su_mimo_phase_sensitive_seed0/su_mimo_phase_sensitive_layer4_rx4_seed0.pt,128,uniform,4,4,1.0,umi_uma_mix_normalized,uma_normalized,uma,uma,,,2,0.4266304347826087,314,736,0.09458031400966184,60144,0.3913706420678671,0.46265213712032305
layer4_rx4,runs/su_mimo_lmmse_umi_uma_matrix_v1/layer4_rx4/uma_normalized/lmmse_ls/bler_per_layer.csv,9.0,lmmse_ls,ls,lmmse_ls,su_mimo_phase_sensitive,-1,777000,1,/home/ahhy/projects/phase_invariant_receiver_sionna/checkpoints/generalization/umi_uma_mix_normalized/su_mimo_phase_sensitive_seed0/su_mimo_phase_sensitive_layer4_rx4_seed0.pt,128,uniform,4,4,1.0,umi_uma_mix_normalized,uma_normalized,uma,uma,,,3,0.3845108695652174,283,736,0.08575350996376811,54531,0.35005093359789136,0.4201701077168524
layer4_rx4,runs/su_mimo_lmmse_umi_uma_matrix_v1/layer4_rx4/uma_normalized/lmmse_ls/bler_per_layer.csv,11.0,lmmse_ls,ls,lmmse_ls,su_mimo_phase_sensitive,-1,777000,1,/home/ahhy/projects/phase_invariant_receiver_sionna/checkpoints/generalization/umi_uma_mix_normalized/su_mimo_phase_sensitive_seed0/su_mimo_phase_sensitive_layer4_rx4_seed0.pt,128,uniform,4,4,1.0,umi_uma_mix_normalized,uma_normalized,uma,uma,,,0,0.3088942307692308,257,832,0.06562444355413105,47174,0.27843722969853874,0.341107844736184
layer4_rx4,runs/su_mimo_lmmse_umi_uma_matrix_v1/layer4_rx4/uma_normalized/lmmse_ls/bler_per_layer.csv,11.0,lmmse_ls,ls,lmmse_ls,su_mimo_phase_sensitive,-1,777000,1,/home/ahhy/projects/phase_invariant_receiver_sionna/checkpoints/generalization/umi_uma_mix_normalized/su_mimo_phase_sensitive_seed0/su_mimo_phase_sensitive_layer4_rx4_seed0.pt,128,uniform,4,4,1.0,umi_uma_mix_normalized,uma_normalized,uma,uma,,,1,0.36177884615384615,301,832,0.07958427929131054,57209,0.3298322387139304,0.3949959597765923
layer4_rx4,runs/su_mimo_lmmse_umi_uma_matrix_v1/layer4_rx4/uma_normalized/lmmse_ls/bler_per_layer.csv,11.0,lmmse_ls,ls,lmmse_ls,su_mimo_phase_sensitive,-1,777000,1,/home/ahhy/projects/phase_invariant_receiver_sionna/checkpoints/generalization/umi_uma_mix_normalized/su_mimo_phase_sensitive_seed0/su_mimo_phase_sensitive_layer4_rx4_seed0.pt,128,uniform,4,4,1.0,umi_uma_mix_normalized,uma_normalized,uma,uma,,,2,0.35096153846153844,292,832,0.07800119079415954,56071,0.3192835339198235,0.3840094801047402
layer4_rx4,runs/su_mimo_lmmse_umi_uma_matrix_v1/layer4_rx4/uma_normalized/lmmse_ls/bler_per_layer.csv,11.0,lmmse_ls,ls,lmmse_ls,su_mimo_phase_sensitive,-1,777000,1,/home/ahhy/projects/phase_invariant_receiver_sionna/checkpoints/generalization/umi_uma_mix_normalized/su_mimo_phase_sensitive_seed0/su_mimo_phase_sensitive_layer4_rx4_seed0.pt,128,uniform,4,4,1.0,umi_uma_mix_normalized,uma_normalized,uma,uma,,,3,0.3245192307692308,270,832,0.07154641871438747,51431,0.29357504827574366,0.3570764037209201
layer4_rx4,runs/su_mimo_lmmse_umi_uma_matrix_v1/layer4_rx4/uma_normalized/lmmse_ls/bler_per_layer.csv,13.0,lmmse_ls,ls,lmmse_ls,su_mimo_phase_sensitive,-1,777000,1,/home/ahhy/projects/phase_invariant_receiver_sionna/checkpoints/generalization/umi_uma_mix_normalized/su_mimo_phase_sensitive_seed0/su_mimo_phase_sensitive_layer4_rx4_seed0.pt,128,uniform,4,4,1.0,umi_uma_mix_normalized,uma_normalized,uma,uma,,,0,0.2604166666666667,250,960,0.056381413966049385,46765,0.23364913119968272,0.2890939550306691
layer4_rx4,runs/su_mimo_lmmse_umi_uma_matrix_v1/layer4_rx4/uma_normalized/lmmse_ls/bler_per_layer.csv,13.0,lmmse_ls,ls,lmmse_ls,su_mimo_phase_sensitive,-1,777000,1,/home/ahhy/projects/phase_invariant_receiver_sionna/checkpoints/generalization/umi_uma_mix_normalized/su_mimo_phase_sensitive_seed0/su_mimo_phase_sensitive_layer4_rx4_seed0.pt,128,uniform,4,4,1.0,umi_uma_mix_normalized,uma_normalized,uma,uma,,,1,0.3020833333333333,290,960,0.0684666763117284,56789,0.2738739340408211,0.331870354584252
layer4_rx4,runs/su_mimo_lmmse_umi_uma_matrix_v1/layer4_rx4/uma_normalized/lmmse_ls/bler_per_layer.csv,13.0,lmmse_ls,ls,lmmse_ls,su_mimo_phase_sensitive,-1,777000,1,/home/ahhy/projects/phase_invariant_receiver_sionna/checkpoints/generalization/umi_uma_mix_normalized/su_mimo_phase_sensitive_seed0/su_mimo_phase_sensitive_layer4_rx4_seed0.pt,128,uniform,4,4,1.0,umi_uma_mix_normalized,uma_normalized,uma,uma,,,2,0.29270833333333335,281,960,0.06565031828703703,54453,0.2647974938485109,0.32227152423774996
layer4_rx4,runs/su_mimo_lmmse_umi_uma_matrix_v1/layer4_rx4/uma_normalized/lmmse_ls/bler_per_layer.csv,13.0,lmmse_ls,ls,lmmse_ls,su_mimo_phase_sensitive,-1,777000,1,/home/ahhy/projects/phase_invariant_receiver_sionna/checkpoints/generalization/umi_uma_mix_normalized/su_mimo_phase_sensitive_seed0/su_mimo_phase_sensitive_layer4_rx4_seed0.pt,128,uniform,4,4,1.0,umi_uma_mix_normalized,uma_normalized,uma,uma,,,3,0.2791666666666667,268,960,0.05906153549382716,48988,0.2517130584930238,0.3083805688149526
layer4_rx4,runs/su_mimo_lmmse_umi_uma_matrix_v1/layer4_rx4/uma_normalized/lmmse_perfect/bler_per_layer.csv,3.0,lmmse_perfect,perfect,lmmse_perfect,su_mimo_phase_sensitive,-1,777000,1,/home/ahhy/projects/phase_invariant_receiver_sionna/checkpoints/generalization/umi_uma_mix_normalized/su_mimo_phase_sensitive_seed0/su_mimo_phase_sensitive_layer4_rx4_seed0.pt,128,uniform,4,4,1.0,umi_uma_mix_normalized,uma_normalized,uma,uma,,,0,0.46283783783783783,274,592,0.094897632007007,48539,0.42304078475297063,0.5031140684405515
layer4_rx4,runs/su_mimo_lmmse_umi_uma_matrix_v1/layer4_rx4/uma_normalized/lmmse_perfect/bler_per_layer.csv,3.0,lmmse_perfect,perfect,lmmse_perfect,su_mimo_phase_sensitive,-1,777000,1,/home/ahhy/projects/phase_invariant_receiver_sionna/checkpoints/generalization/umi_uma_mix_normalized/su_mimo_phase_sensitive_seed0/su_mimo_phase_sensitive_layer4_rx4_seed0.pt,128,uniform,4,4,1.0,umi_uma_mix_normalized,uma_normalized,uma,uma,,,1,0.5118243243243243,303,592,0.1041529811061061,53273,0.47161228042179715,0.5518839026529913
layer4_rx4,runs/su_mimo_lmmse_umi_uma_matrix_v1/layer4_rx4/uma_normalized/lmmse_perfect/bler_per_layer.csv,3.0,lmmse_perfect,perfect,lmmse_perfect,su_mimo_phase_sensitive,-1,777000,1,/home/ahhy/projects/phase_invariant_receiver_sionna/checkpoints/generalization/umi_uma_mix_normalized/su_mimo_phase_sensitive_seed0/su_mimo_phase_sensitive_layer4_rx4_seed0.pt,128,uniform,4,4,1.0,umi_uma_mix_normalized,uma_normalized,uma,uma,,,2,0.5320945945945946,315,592,0.10959592404904905,56057,0.49182296932869674,0.5719523847314433
layer4_rx4,runs/su_mimo_lmmse_umi_uma_matrix_v1/layer4_rx4/uma_normalized/lmmse_perfect/bler_per_layer.csv,3.0,lmmse_perfect,perfect,lmmse_perfect,su_mimo_phase_sensitive,-1,777000,1,/home/ahhy/projects/phase_invariant_receiver_sionna/checkpoints/generalization/umi_uma_mix_normalized/su_mimo_phase_sensitive_seed0/su_mimo_phase_sensitive_layer4_rx4_seed0.pt,128,uniform,4,4,1.0,umi_uma_mix_normalized,uma_normalized,uma,uma,,,3,0.4510135135135135,267,592,0.09481747372372372,48498,0.4113742643044975,0.4912844058142363
layer4_rx4,runs/su_mimo_lmmse_umi_uma_matrix_v1/layer4_rx4/uma_normalized/lmmse_perfect/bler_per_layer.csv,5.0,lmmse_perfect,perfect,lmmse_perfect,su_mimo_phase_sensitive,-1,777000,1,/home/ahhy/projects/phase_invariant_receiver_sionna/checkpoints/generalization/umi_uma_mix_normalized/su_mimo_phase_sensitive_seed0/su_mimo_phase_sensitive_layer4_rx4_seed0.pt,128,uniform,4,4,1.0,umi_uma_mix_normalized,uma_normalized,uma,uma,,,0,0.3372395833333333,259,768,0.06681917920524691,44338,0.30468706122624395,0.37141222426435666
layer4_rx4,runs/su_mimo_lmmse_umi_uma_matrix_v1/layer4_rx4/uma_normalized/lmmse_perfect/bler_per_layer.csv,5.0,lmmse_perfect,perfect,lmmse_perfect,su_mimo_phase_sensitive,-1,777000,1,/home/ahhy/projects/phase_invariant_receiver_sionna/checkpoints/generalization/umi_uma_mix_normalized/su_mimo_phase_sensitive_seed0/su_mimo_phase_sensitive_layer4_rx4_seed0.pt,128,uniform,4,4,1.0,umi_uma_mix_normalized,uma_normalized,uma,uma,,,1,0.3841145833333333,295,768,0.07917390046296297,52536,0.35037304771754646,0.41900964355176123
layer4_rx4,runs/su_mimo_lmmse_umi_uma_matrix_v1/layer4_rx4/uma_normalized/lmmse_perfect/bler_per_layer.csv,5.0,lmmse_perfect,perfect,lmmse_perfect,su_mimo_phase_sensitive,-1,777000,1,/home/ahhy/projects/phase_invariant_receiver_sionna/checkpoints/generalization/umi_uma_mix_normalized/su_mimo_phase_sensitive_seed0/su_mimo_phase_sensitive_layer4_rx4_seed0.pt,128,uniform,4,4,1.0,umi_uma_mix_normalized,uma_normalized,uma,uma,,,2,0.3854166666666667,296,768,0.07754931037808642,51458,0.3516470054878317,0.4203268914975513
layer4_rx4,runs/su_mimo_lmmse_umi_uma_matrix_v1/layer4_rx4/uma_normalized/lmmse_perfect/bler_per_layer.csv,5.0,lmmse_perfect,perfect,lmmse_perfect,su_mimo_phase_sensitive,-1,777000,1,/home/ahhy/projects/phase_invariant_receiver_sionna/checkpoints/generalization/umi_uma_mix_normalized/su_mimo_phase_sensitive_seed0/su_mimo_phase_sensitive_layer4_rx4_seed0.pt,128,uniform,4,4,1.0,umi_uma_mix_normalized,uma_normalized,uma,uma,,,3,0.34375,264,768,0.07070433063271606,46916,0.31101128647644566,0.378044027594531
layer4_rx4,runs/su_mimo_lmmse_umi_uma_matrix_v1/layer4_rx4/uma_normalized/lmmse_perfect/bler_per_layer.csv,7.0,lmmse_perfect,perfect,lmmse_perfect,su_mimo_phase_sensitive,-1,777000,1,/home/ahhy/projects/phase_invariant_receiver_sionna/checkpoints/generalization/umi_uma_mix_normalized/su_mimo_phase_sensitive_seed0/su_mimo_phase_sensitive_layer4_rx4_seed0.pt,128,uniform,4,4,1.0,umi_uma_mix_normalized,uma_normalized,uma,uma,,,0,0.2468220338983051,233,944,0.049877638496547395,40681,0.2203803028686545,0.2753159493350333
layer4_rx4,runs/su_mimo_lmmse_umi_uma_matrix_v1/layer4_rx4/uma_normalized/lmmse_perfect/bler_per_layer.csv,7.0,lmmse_perfect,perfect,lmmse_perfect,su_mimo_phase_sensitive,-1,777000,1,/home/ahhy/projects/phase_invariant_receiver_sionna/checkpoints/generalization/umi_uma_mix_normalized/su_mimo_phase_sensitive_seed0/su_mimo_phase_sensitive_layer4_rx4_seed0.pt,128,uniform,4,4,1.0,umi_uma_mix_normalized,uma_normalized,uma,uma,,,1,0.298728813559322,282,944,0.05945812735404896,48495,0.2703949816148123,0.32869408917473036
layer4_rx4,runs/su_mimo_lmmse_umi_uma_matrix_v1/layer4_rx4/uma_normalized/lmmse_perfect/bler_per_layer.csv,7.0,lmmse_perfect,perfect,lmmse_perfect,su_mimo_phase_sensitive,-1,777000,1,/home/ahhy/projects/phase_invariant_receiver_sionna/checkpoints/generalization/umi_uma_mix_normalized/su_mimo_phase_sensitive_seed0/su_mimo_phase_sensitive_layer4_rx4_seed0.pt,128,uniform,4,4,1.0,umi_uma_mix_normalized,uma_normalized,uma,uma,,,2,0.2860169491525424,270,944,0.05653027895480226,46107,0.25810243225704843,0.3156659482665707
layer4_rx4,runs/su_mimo_lmmse_umi_uma_matrix_v1/layer4_rx4/uma_normalized/lmmse_perfect/bler_per_layer.csv,7.0,lmmse_perfect,perfect,lmmse_perfect,su_mimo_phase_sensitive,-1,777000,1,/home/ahhy/projects/phase_invariant_receiver_sionna/checkpoints/generalization/umi_uma_mix_normalized/su_mimo_phase_sensitive_seed0/su_mimo_phase_sensitive_layer4_rx4_seed0.pt,128,uniform,4,4,1.0,umi_uma_mix_normalized,uma_normalized,uma,uma,,,3,0.2648305084745763,250,944,0.05154263771186441,42039,0.237677046220783,0.29389018385963006
layer4_rx4,runs/su_mimo_lmmse_umi_uma_matrix_v1/layer4_rx4/uma_normalized/lmmse_perfect/bler_per_layer.csv,9.0,lmmse_perfect,perfect,lmmse_perfect,su_mimo_phase_sensitive,-1,777000,1,/home/ahhy/projects/phase_invariant_receiver_sionna/checkpoints/generalization/umi_uma_mix_normalized/su_mimo_phase_sensitive_seed0/su_mimo_phase_sensitive_layer4_rx4_seed0.pt,128,uniform,4,4,1.0,umi_uma_mix_normalized,uma_normalized,uma,uma,,,0,0.19,228,1200,0.034214891975308644,35474,0.1688064797517849,0.21317194062191078
layer4_rx4,runs/su_mimo_lmmse_umi_uma_matrix_v1/layer4_rx4/uma_normalized/lmmse_perfect/bler_per_layer.csv,9.0,lmmse_perfect,perfect,lmmse_perfect,su_mimo_phase_sensitive,-1,777000,1,/home/ahhy/projects/phase_invariant_receiver_sionna/checkpoints/generalization/umi_uma_mix_normalized/su_mimo_phase_sensitive_seed0/su_mimo_phase_sensitive_layer4_rx4_seed0.pt,128,uniform,4,4,1.0,umi_uma_mix_normalized,uma_normalized,uma,uma,,,1,0.22166666666666668,266,1200,0.042604166666666665,44172,0.1990743272668342,0.24603532973535494
layer4_rx4,runs/su_mimo_lmmse_umi_uma_matrix_v1/layer4_rx4/uma_normalized/lmmse_perfect/bler_per_layer.csv,9.0,lmmse_perfect,perfect,lmmse_perfect,su_mimo_phase_sensitive,-1,777000,1,/home/ahhy/projects/phase_invariant_receiver_sionna/checkpoints/generalization/umi_uma_mix_normalized/su_mimo_phase_sensitive_seed0/su_mimo_phase_sensitive_layer4_rx4_seed0.pt,128,uniform,4,4,1.0,umi_uma_mix_normalized,uma_normalized,uma,uma,,,2,0.21,252,1200,0.04138985339506173,42913,0.1878983767564332,0.23395240359315303
layer4_rx4,runs/su_mimo_lmmse_umi_uma_matrix_v1/layer4_rx4/uma_normalized/lmmse_perfect/bler_per_layer.csv,9.0,lmmse_perfect,perfect,lmmse_perfect,su_mimo_phase_sensitive,-1,777000,1,/home/ahhy/projects/phase_invariant_receiver_sionna/checkpoints/generalization/umi_uma_mix_normalized/su_mimo_phase_sensitive_seed0/su_mimo_phase_sensitive_layer4_rx4_seed0.pt,128,uniform,4,4,1.0,umi_uma_mix_normalized,uma_normalized,uma,uma,,,3,0.18583333333333332,223,1200,0.03660108024691358,37948,0.16484035814858947,0.2088313205634623
layer4_rx4,runs/su_mimo_lmmse_umi_uma_matrix_v1/layer4_rx4/uma_normalized/lmmse_perfect/bler_per_layer.csv,11.0,lmmse_perfect,perfect,lmmse_perfect,su_mimo_phase_sensitive,-1,777000,1,/home/ahhy/projects/phase_invariant_receiver_sionna/checkpoints/generalization/umi_uma_mix_normalized/su_mimo_phase_sensitive_seed0/su_mimo_phase_sensitive_layer4_rx4_seed0.pt,128,uniform,4,4,1.0,umi_uma_mix_normalized,uma_normalized,uma,uma,,,0,0.13306451612903225,198,1488,0.023176927767821584,29797,0.11674848774494813,0.15127024605319295
layer4_rx4,runs/su_mimo_lmmse_umi_uma_matrix_v1/layer4_rx4/uma_normalized/lmmse_perfect/bler_per_layer.csv,11.0,lmmse_perfect,perfect,lmmse_perfect,su_mimo_phase_sensitive,-1,777000,1,/home/ahhy/projects/phase_invariant_receiver_sionna/checkpoints/generalization/umi_uma_mix_normalized/su_mimo_phase_sensitive_seed0/su_mimo_phase_sensitive_layer4_rx4_seed0.pt,128,uniform,4,4,1.0,umi_uma_mix_normalized,uma_normalized,uma,uma,,,1,0.16733870967741934,249,1488,0.031890929908403025,41000,0.14923423769126676,0.1871563726202347
layer4_rx4,runs/su_mimo_lmmse_umi_uma_matrix_v1/layer4_rx4/uma_normalized/lmmse_perfect/bler_per_layer.csv,11.0,lmmse_perfect,perfect,lmmse_perfect,su_mimo_phase_sensitive,-1,777000,1,/home/ahhy/projects/phase_invariant_receiver_sionna/checkpoints/generalization/umi_uma_mix_normalized/su_mimo_phase_sensitive_seed0/su_mimo_phase_sensitive_layer4_rx4_seed0.pt,128,uniform,4,4,1.0,umi_uma_mix_normalized,uma_normalized,uma,uma,,,2,0.16330645161290322,243,1488,0.0307949708781362,39591,0.1453960479187601,0.182950812214699
layer4_rx4,runs/su_mimo_lmmse_umi_uma_matrix_v1/layer4_rx4/uma_normalized/lmmse_perfect/bler_per_layer.csv,11.0,lmmse_perfect,perfect,lmmse_perfect,su_mimo_phase_sensitive,-1,777000,1,/home/ahhy/projects/phase_invariant_receiver_sionna/checkpoints/generalization/umi_uma_mix_normalized/su_mimo_phase_sensitive_seed0/su_mimo_phase_sensitive_layer4_rx4_seed0.pt,128,uniform,4,4,1.0,umi_uma_mix_normalized,uma_normalized,uma,uma,,,3,0.13844086021505375,206,1488,0.025984107427319793,33406,0.12182201700046491,0.15692171703506602
layer4_rx4,runs/su_mimo_lmmse_umi_uma_matrix_v1/layer4_rx4/uma_normalized/lmmse_perfect/bler_per_layer.csv,13.0,lmmse_perfect,perfect,lmmse_perfect,su_mimo_phase_sensitive,-1,777000,1,/home/ahhy/projects/phase_invariant_receiver_sionna/checkpoints/generalization/umi_uma_mix_normalized/su_mimo_phase_sensitive_seed0/su_mimo_phase_sensitive_layer4_rx4_seed0.pt,128,uniform,4,4,1.0,umi_uma_mix_normalized,uma_normalized,uma,uma,,,0,0.08057851239669421,156,1936,0.014253567875726967,23842,0.0692681989976148,0.0935499825524932
layer4_rx4,runs/su_mimo_lmmse_umi_uma_matrix_v1/layer4_rx4/uma_normalized/lmmse_perfect/bler_per_layer.csv,13.0,lmmse_perfect,perfect,lmmse_perfect,su_mimo_phase_sensitive,-1,777000,1,/home/ahhy/projects/phase_invariant_receiver_sionna/checkpoints/generalization/umi_uma_mix_normalized/su_mimo_phase_sensitive_seed0/su_mimo_phase_sensitive_layer4_rx4_seed0.pt,128,uniform,4,4,1.0,umi_uma_mix_normalized,uma_normalized,uma,uma,,,1,0.12138429752066116,235,1936,0.022284277433425162,37275,0.10758206024761056,0.13668607654577508
layer4_rx4,runs/su_mimo_lmmse_umi_uma_matrix_v1/layer4_rx4/uma_normalized/lmmse_perfect/bler_per_layer.csv,13.0,lmmse_perfect,perfect,lmmse_perfect,su_mimo_phase_sensitive,-1,777000,1,/home/ahhy/projects/phase_invariant_receiver_sionna/checkpoints/generalization/umi_uma_mix_normalized/su_mimo_phase_sensitive_seed0/su_mimo_phase_sensitive_layer4_rx4_seed0.pt,128,uniform,4,4,1.0,umi_uma_mix_normalized,uma_normalized,uma,uma,,,2,0.12448347107438017,241,1936,0.02365032904805632,39560,0.1105172407913322,0.13993696855217586
layer4_rx4,runs/su_mimo_lmmse_umi_uma_matrix_v1/layer4_rx4/uma_normalized/lmmse_perfect/bler_per_layer.csv,13.0,lmmse_perfect,perfect,lmmse_perfect,su_mimo_phase_sensitive,-1,777000,1,/home/ahhy/projects/phase_invariant_receiver_sionna/checkpoints/generalization/umi_uma_mix_normalized/su_mimo_phase_sensitive_seed0/su_mimo_phase_sensitive_layer4_rx4_seed0.pt,128,uniform,4,4,1.0,umi_uma_mix_normalized,uma_normalized,uma,uma,,,3,0.09762396694214875,189,1936,0.018226177494643402,30487,0.08518877901716607,0.11165280155861487
layer4_rx8,runs/su_mimo_lmmse_umi_uma_matrix_v1/layer4_rx8/umi_normalized/lmmse_ls/bler_per_layer.csv,3.0,lmmse_ls,ls,lmmse_ls,su_mimo_phase_sensitive,-1,777000,1,/home/ahhy/projects/phase_invariant_receiver_sionna/checkpoints/generalization/umi_uma_mix_normalized/su_mimo_phase_sensitive_seed0/su_mimo_phase_sensitive_layer4_rx8_seed0.pt,125,uniform,4,8,1.0,umi_uma_mix_normalized,umi_normalized,umi,umi,,,0,0.35771276595744683,269,752,0.08627148591410559,56053,0.3242567260707461,0.39261511589741654
layer4_rx8,runs/su_mimo_lmmse_umi_uma_matrix_v1/layer4_rx8/umi_normalized/lmmse_ls/bler_per_layer.csv,3.0,lmmse_ls,ls,lmmse_ls,su_mimo_phase_sensitive,-1,777000,1,/home/ahhy/projects/phase_invariant_receiver_sionna/checkpoints/generalization/umi_uma_mix_normalized/su_mimo_phase_sensitive_seed0/su_mimo_phase_sensitive_layer4_rx8_seed0.pt,125,uniform,4,8,1.0,umi_uma_mix_normalized,umi_normalized,umi,umi,,,1,0.5106382978723404,384,752,0.12351630220646179,80252,0.47494692004404615,0.5462215403695492
layer4_rx8,runs/su_mimo_lmmse_umi_uma_matrix_v1/layer4_rx8/umi_normalized/lmmse_ls/bler_per_layer.csv,3.0,lmmse_ls,ls,lmmse_ls,su_mimo_phase_sensitive,-1,777000,1,/home/ahhy/projects/phase_invariant_receiver_sionna/checkpoints/generalization/umi_uma_mix_normalized/su_mimo_phase_sensitive_seed0/su_mimo_phase_sensitive_layer4_rx8_seed0.pt,125,uniform,4,8,1.0,umi_uma_mix_normalized,umi_normalized,umi,umi,,,2,0.4734042553191489,356,752,0.11388611849881797,73995,0.4379442915799361,0.5091345573860756
layer4_rx8,runs/su_mimo_lmmse_umi_uma_matrix_v1/layer4_rx8/umi_normalized/lmmse_ls/bler_per_layer.csv,3.0,lmmse_ls,ls,lmmse_ls,su_mimo_phase_sensitive,-1,777000,1,/home/ahhy/projects/phase_invariant_receiver_sionna/checkpoints/generalization/umi_uma_mix_normalized/su_mimo_phase_sensitive_seed0/su_mimo_phase_sensitive_layer4_rx8_seed0.pt,125,uniform,4,8,1.0,umi_uma_mix_normalized,umi_normalized,umi,umi,,,3,0.37898936170212766,285,752,0.09178456215524035,59635,0.3450132775766539,0.4141954852186993
layer4_rx8,runs/su_mimo_lmmse_umi_uma_matrix_v1/layer4_rx8/umi_normalized/lmmse_ls/bler_per_layer.csv,5.0,lmmse_ls,ls,lmmse_ls,su_mimo_phase_sensitive,-1,777000,1,/home/ahhy/projects/phase_invariant_receiver_sionna/checkpoints/generalization/umi_uma_mix_normalized/su_mimo_phase_sensitive_seed0/su_mimo_phase_sensitive_layer4_rx8_seed0.pt,125,uniform,4,8,1.0,umi_uma_mix_normalized,umi_normalized,umi,umi,,,0,0.29318181818181815,258,880,0.06905644991582492,52505,0.26405606312869706,0.32410536970826925
layer4_rx8,runs/su_mimo_lmmse_umi_uma_matrix_v1/layer4_rx8/umi_normalized/lmmse_ls/bler_per_layer.csv,5.0,lmmse_ls,ls,lmmse_ls,su_mimo_phase_sensitive,-1,777000,1,/home/ahhy/projects/phase_invariant_receiver_sionna/checkpoints/generalization/umi_uma_mix_normalized/su_mimo_phase_sensitive_seed0/su_mimo_phase_sensitive_layer4_rx8_seed0.pt,125,uniform,4,8,1.0,umi_uma_mix_normalized,umi_normalized,umi,umi,,,1,0.3965909090909091,349,880,0.095725484006734,72782,0.36478659616739706,0.42929412025108604
layer4_rx8,runs/su_mimo_lmmse_umi_uma_matrix_v1/layer4_rx8/umi_normalized/lmmse_ls/bler_per_layer.csv,5.0,lmmse_ls,ls,lmmse_ls,su_mimo_phase_sensitive,-1,777000,1,/home/ahhy/projects/phase_invariant_receiver_sionna/checkpoints/generalization/umi_uma_mix_normalized/su_mimo_phase_sensitive_seed0/su_mimo_phase_sensitive_layer4_rx8_seed0.pt,125,uniform,4,8,1.0,umi_uma_mix_normalized,umi_normalized,umi,umi,,,2,0.3806818181818182,335,880,0.09116161616161617,69312,0.34918523881933333,0.41321558781737794
layer4_rx8,runs/su_mimo_lmmse_umi_uma_matrix_v1/layer4_rx8/umi_normalized/lmmse_ls/bler_per_layer.csv,5.0,lmmse_ls,ls,lmmse_ls,su_mimo_phase_sensitive,-1,777000,1,/home/ahhy/projects/phase_invariant_receiver_sionna/checkpoints/generalization/umi_uma_mix_normalized/su_mimo_phase_sensitive_seed0/su_mimo_phase_sensitive_layer4_rx8_seed0.pt,125,uniform,4,8,1.0,umi_uma_mix_normalized,umi_normalized,umi,umi,,,3,0.29772727272727273,262,880,0.06944839015151515,52803,0.26844805491839285,0.32876477499907975
layer4_rx8,runs/su_mimo_lmmse_umi_uma_matrix_v1/layer4_rx8/umi_normalized/lmmse_ls/bler_per_layer.csv,7.0,lmmse_ls,ls,lmmse_ls,su_mimo_phase_sensitive,-1,777000,1,/home/ahhy/projects/phase_invariant_receiver_sionna/checkpoints/generalization/umi_uma_mix_normalized/su_mimo_phase_sensitive_seed0/su_mimo_phase_sensitive_layer4_rx8_seed0.pt,125,uniform,4,8,1.0,umi_uma_mix_normalized,umi_normalized,umi,umi,,,0,0.22192028985507245,245,1104,0.051177536231884056,48816,0.19839634087557617,0.2473727309430505
layer4_rx8,runs/su_mimo_lmmse_umi_uma_matrix_v1/layer4_rx8/umi_normalized/lmmse_ls/bler_per_layer.csv,7.0,lmmse_ls,ls,lmmse_ls,su_mimo_phase_sensitive,-1,777000,1,/home/ahhy/projects/phase_invariant_receiver_sionna/checkpoints/generalization/umi_uma_mix_normalized/su_mimo_phase_sensitive_seed0/su_mimo_phase_sensitive_layer4_rx8_seed0.pt,125,uniform,4,8,1.0,umi_uma_mix_normalized,umi_normalized,umi,umi,,,1,0.3269927536231884,361,1104,0.07399125234836286,70577,0.2999620407626994,0.3552232775348827
layer4_rx8,runs/su_mimo_lmmse_umi_uma_matrix_v1/layer4_rx8/umi_normalized/lmmse_ls/bler_per_layer.csv,7.0,lmmse_ls,ls,lmmse_ls,su_mimo_phase_sensitive,-1,777000,1,/home/ahhy/projects/phase_invariant_receiver_sionna/checkpoints/generalization/umi_uma_mix_normalized/su_mimo_phase_sensitive_seed0/su_mimo_phase_sensitive_layer4_rx8_seed0.pt,125,uniform,4,8,1.0,umi_uma_mix_normalized,umi_normalized,umi,umi,,,2,0.3115942028985507,344,1104,0.07122144223027375,67935,0.2849670993079812,0.339527907005616
layer4_rx8,runs/su_mimo_lmmse_umi_uma_matrix_v1/layer4_rx8/umi_normalized/lmmse_ls/bler_per_layer.csv,7.0,lmmse_ls,ls,lmmse_ls,su_mimo_phase_sensitive,-1,777000,1,/home/ahhy/projects/phase_invariant_receiver_sionna/checkpoints/generalization/umi_uma_mix_normalized/su_mimo_phase_sensitive_seed0/su_mimo_phase_sensitive_layer4_rx8_seed0.pt,125,uniform,4,8,1.0,umi_uma_mix_normalized,umi_normalized,umi,umi,,,3,0.21195652173913043,234,1104,0.04850103160225443,46263,0.18886838671097445,0.23704224794154438
layer4_rx8,runs/su_mimo_lmmse_umi_uma_matrix_v1/layer4_rx8/umi_normalized/lmmse_ls/bler_per_layer.csv,9.0,lmmse_ls,ls,lmmse_ls,su_mimo_phase_sensitive,-1,777000,1,/home/ahhy/projects/phase_invariant_receiver_sionna/checkpoints/generalization/umi_uma_mix_normalized/su_mimo_phase_sensitive_seed0/su_mimo_phase_sensitive_layer4_rx8_seed0.pt,125,uniform,4,8,1.0,umi_uma_mix_normalized,umi_normalized,umi,umi,,,0,0.17696629213483145,252,1424,0.03902429905326675,48013,0.15802100737442315,0.19764975402799384
layer4_rx8,runs/su_mimo_lmmse_umi_uma_matrix_v1/layer4_rx8/umi_normalized/lmmse_ls/bler_per_layer.csv,9.0,lmmse_ls,ls,lmmse_ls,su_mimo_phase_sensitive,-1,777000,1,/home/ahhy/projects/phase_invariant_receiver_sionna/checkpoints/generalization/umi_uma_mix_normalized/su_mimo_phase_sensitive_seed0/su_mimo_phase_sensitive_layer4_rx8_seed0.pt,125,uniform,4,8,1.0,umi_uma_mix_normalized,umi_normalized,umi,umi,,,1,0.24578651685393257,350,1424,0.054701317363712025,67301,0.22412763933731367,0.2688132642011101
layer4_rx8,runs/su_mimo_lmmse_umi_uma_matrix_v1/layer4_rx8/umi_normalized/lmmse_ls/bler_per_layer.csv,9.0,lmmse_ls,ls,lmmse_ls,su_mimo_phase_sensitive,-1,777000,1,/home/ahhy/projects/phase_invariant_receiver_sionna/checkpoints/generalization/umi_uma_mix_normalized/su_mimo_phase_sensitive_seed0/su_mimo_phase_sensitive_layer4_rx8_seed0.pt,125,uniform,4,8,1.0,umi_uma_mix_normalized,umi_normalized,umi,umi,,,2,0.24859550561797752,354,1424,0.055590505357885976,68395,0.22684395222389592,0.2716998142588547
layer4_rx8,runs/su_mimo_lmmse_umi_uma_matrix_v1/layer4_rx8/umi_normalized/lmmse_ls/bler_per_layer.csv,9.0,lmmse_ls,ls,lmmse_ls,su_mimo_phase_sensitive,-1,777000,1,/home/ahhy/projects/phase_invariant_receiver_sionna/checkpoints/generalization/umi_uma_mix_normalized/su_mimo_phase_sensitive_seed0/su_mimo_phase_sensitive_layer4_rx8_seed0.pt,125,uniform,4,8,1.0,umi_uma_mix_normalized,umi_normalized,umi,umi,,,3,0.1622191011235955,231,1424,0.03735727476071577,45962,0.14398467891657452,0.1822710520281267
layer4_rx8,runs/su_mimo_lmmse_umi_uma_matrix_v1/layer4_rx8/umi_normalized/lmmse_ls/bler_per_layer.csv,11.0,lmmse_ls,ls,lmmse_ls,su_mimo_phase_sensitive,-1,777000,1,/home/ahhy/projects/phase_invariant_receiver_sionna/checkpoints/generalization/umi_uma_mix_normalized/su_mimo_phase_sensitive_seed0/su_mimo_phase_sensitive_layer4_rx8_seed0.pt,125,uniform,4,8,1.0,umi_uma_mix_normalized,umi_normalized,umi,umi,,,0,0.13169642857142858,236,1792,0.02800512566137566,43360,0.11682442635494998,0.14814409660874925
layer4_rx8,runs/su_mimo_lmmse_umi_uma_matrix_v1/layer4_rx8/umi_normalized/lmmse_ls/bler_per_layer.csv,11.0,lmmse_ls,ls,lmmse_ls,su_mimo_phase_sensitive,-1,777000,1,/home/ahhy/projects/phase_invariant_receiver_sionna/checkpoints/generalization/umi_uma_mix_normalized/su_mimo_phase_sensitive_seed0/su_mimo_phase_sensitive_layer4_rx8_seed0.pt,125,uniform,4,8,1.0,umi_uma_mix_normalized,umi_normalized,umi,umi,,,1,0.19084821428571427,342,1792,0.041558159722222224,64344,0.17332254299058192,0.20969648992137163
layer4_rx8,runs/su_mimo_lmmse_umi_uma_matrix_v1/layer4_rx8/umi_normalized/lmmse_ls/bler_per_layer.csv,11.0,lmmse_ls,ls,lmmse_ls,su_mimo_phase_sensitive,-1,777000,1,/home/ahhy/projects/phase_invariant_receiver_sionna/checkpoints/generalization/umi_uma_mix_normalized/su_mimo_phase_sensitive_seed0/su_mimo_phase_sensitive_layer4_rx8_seed0.pt,125,uniform,4,8,1.0,umi_uma_mix_normalized,umi_normalized,umi,umi,,,2,0.19084821428571427,342,1792,0.042065817212301584,65130,0.17332254299058192,0.20969648992137163
layer4_rx8,runs/su_mimo_lmmse_umi_uma_matrix_v1/layer4_rx8/umi_normalized/lmmse_ls/bler_per_layer.csv,11.0,lmmse_ls,ls,lmmse_ls,su_mimo_phase_sensitive,-1,777000,1,/home/ahhy/projects/phase_invariant_receiver_sionna/checkpoints/generalization/umi_uma_mix_normalized/su_mimo_phase_sensitive_seed0/su_mimo_phase_sensitive_layer4_rx8_seed0.pt,125,uniform,4,8,1.0,umi_uma_mix_normalized,umi_normalized,umi,umi,,,3,0.12444196428571429,223,1792,0.02737410610945767,42383,0.1099576749316971,0.14053295530249924
layer4_rx8,runs/su_mimo_lmmse_umi_uma_matrix_v1/layer4_rx8/umi_normalized/lmmse_ls/bler_per_layer.csv,13.0,lmmse_ls,ls,lmmse_ls,su_mimo_phase_sensitive,-1,777000,1,/home/ahhy/projects/phase_invariant_receiver_sionna/checkpoints/generalization/umi_uma_mix_normalized/su_mimo_phase_sensitive_seed0/su_mimo_phase_sensitive_layer4_rx8_seed0.pt,125,uniform,4,8,1.0,umi_uma_mix_normalized,umi_normalized,umi,umi,,,0,0.08953900709219859,202,2256,0.0186457512477016,36344,0.07844419938963174,0.10202928348625442
layer4_rx8,runs/su_mimo_lmmse_umi_uma_matrix_v1/layer4_rx8/umi_normalized/lmmse_ls/bler_per_layer.csv,13.0,lmmse_ls,ls,lmmse_ls,su_mimo_phase_sensitive,-1,777000,1,/home/ahhy/projects/phase_invariant_receiver_sionna/checkpoints/generalization/umi_uma_mix_normalized/su_mimo_phase_sensitive_seed0/su_mimo_phase_sensitive_layer4_rx8_seed0.pt,125,uniform,4,8,1.0,umi_uma_mix_normalized,umi_normalized,umi,umi,,,1,0.14095744680851063,318,2256,0.03034244073417389,59143,0.12720782118428775,0.1559277307913794
layer4_rx8,runs/su_mimo_lmmse_umi_uma_matrix_v1/layer4_rx8/umi_normalized/lmmse_ls/bler_per_layer.csv,13.0,lmmse_ls,ls,lmmse_ls,su_mimo_phase_sensitive,-1,777000,1,/home/ahhy/projects/phase_invariant_receiver_sionna/checkpoints/generalization/umi_uma_mix_normalized/su_mimo_phase_sensitive_seed0/su_mimo_phase_sensitive_layer4_rx8_seed0.pt,125,uniform,4,8,1.0,umi_uma_mix_normalized,umi_normalized,umi,umi,,,2,0.15115248226950354,341,2256,0.03259056097320725,63525,0.1369652436411291,0.16652571858708082
layer4_rx8,runs/su_mimo_lmmse_umi_uma_matrix_v1/layer4_rx8/umi_normalized/lmmse_ls/bler_per_layer.csv,13.0,lmmse_ls,ls,lmmse_ls,su_mimo_phase_sensitive,-1,777000,1,/home/ahhy/projects/phase_invariant_receiver_sionna/checkpoints/generalization/umi_uma_mix_normalized/su_mimo_phase_sensitive_seed0/su_mimo_phase_sensitive_layer4_rx8_seed0.pt,125,uniform,4,8,1.0,umi_uma_mix_normalized,umi_normalized,umi,umi,,,3,0.08643617021276596,195,2256,0.019088500623850802,37207,0.07553206228469157,0.09874629573172504
layer4_rx8,runs/su_mimo_lmmse_umi_uma_matrix_v1/layer4_rx8/umi_normalized/lmmse_perfect/bler_per_layer.csv,3.0,lmmse_perfect,perfect,lmmse_perfect,su_mimo_phase_sensitive,-1,777000,1,/home/ahhy/projects/phase_invariant_receiver_sionna/checkpoints/generalization/umi_uma_mix_normalized/su_mimo_phase_sensitive_seed0/su_mimo_phase_sensitive_layer4_rx8_seed0.pt,125,uniform,4,8,1.0,umi_uma_mix_normalized,umi_normalized,umi,umi,,,0,0.21166666666666667,254,1200,0.045239197530864195,46904,0.1894932480344641,0.2356802289797797
layer4_rx8,runs/su_mimo_lmmse_umi_uma_matrix_v1/layer4_rx8/umi_normalized/lmmse_perfect/bler_per_layer.csv,3.0,lmmse_perfect,perfect,lmmse_perfect,su_mimo_phase_sensitive,-1,777000,1,/home/ahhy/projects/phase_invariant_receiver_sionna/checkpoints/generalization/umi_uma_mix_normalized/su_mimo_phase_sensitive_seed0/su_mimo_phase_sensitive_layer4_rx8_seed0.pt,125,uniform,4,8,1.0,umi_uma_mix_normalized,umi_normalized,umi,umi,,,1,0.2925,351,1200,0.06019483024691358,62410,0.2674561790229269,0.318868086227208
layer4_rx8,runs/su_mimo_lmmse_umi_uma_matrix_v1/layer4_rx8/umi_normalized/lmmse_perfect/bler_per_layer.csv,3.0,lmmse_perfect,perfect,lmmse_perfect,su_mimo_phase_sensitive,-1,777000,1,/home/ahhy/projects/phase_invariant_receiver_sionna/checkpoints/generalization/umi_uma_mix_normalized/su_mimo_phase_sensitive_seed0/su_mimo_phase_sensitive_layer4_rx8_seed0.pt,125,uniform,4,8,1.0,umi_uma_mix_normalized,umi_normalized,umi,umi,,,2,0.285,342,1200,0.0597337962962963,61932,0.2601769131800553,0.31119521707912057
layer4_rx8,runs/su_mimo_lmmse_umi_uma_matrix_v1/layer4_rx8/umi_normalized/lmmse_perfect/bler_per_layer.csv,3.0,lmmse_perfect,perfect,lmmse_perfect,su_mimo_phase_sensitive,-1,777000,1,/home/ahhy/projects/phase_invariant_receiver_sionna/checkpoints/generalization/umi_uma_mix_normalized/su_mimo_phase_sensitive_seed0/su_mimo_phase_sensitive_layer4_rx8_seed0.pt,125,uniform,4,8,1.0,umi_uma_mix_normalized,umi_normalized,umi,umi,,,3,0.20416666666666666,245,1200,0.04353298611111111,45135,0.1823209070191887,0.2279004350040961
layer4_rx8,runs/su_mimo_lmmse_umi_uma_matrix_v1/layer4_rx8/umi_normalized/lmmse_perfect/bler_per_layer.csv,5.0,lmmse_perfect,perfect,lmmse_perfect,su_mimo_phase_sensitive,-1,777000,1,/home/ahhy/projects/phase_invariant_receiver_sionna/checkpoints/generalization/umi_uma_mix_normalized/su_mimo_phase_sensitive_seed0/su_mimo_phase_sensitive_layer4_rx8_seed0.pt,125,uniform,4,8,1.0,umi_uma_mix_normalized,umi_normalized,umi,umi,,,0,0.16927083333333334,260,1536,0.03462049696180555,45945,0.15134804015686978,0.18884377363017055
layer4_rx8,runs/su_mimo_lmmse_umi_uma_matrix_v1/layer4_rx8/umi_normalized/lmmse_perfect/bler_per_layer.csv,5.0,lmmse_perfect,perfect,lmmse_perfect,su_mimo_phase_sensitive,-1,777000,1,/home/ahhy/projects/phase_invariant_receiver_sionna/checkpoints/generalization/umi_uma_mix_normalized/su_mimo_phase_sensitive_seed0/su_mimo_phase_sensitive_layer4_rx8_seed0.pt,125,uniform,4,8,1.0,umi_uma_mix_normalized,umi_normalized,umi,umi,,,1,0.22200520833333334,341,1536,0.04486008632330247,59534,0.20192940552973296,0.24346804424795646
layer4_rx8,runs/su_mimo_lmmse_umi_uma_matrix_v1/layer4_rx8/umi_normalized/lmmse_perfect/bler_per_layer.csv,5.0,lmmse_perfect,perfect,lmmse_perfect,su_mimo_phase_sensitive,-1,777000,1,/home/ahhy/projects/phase_invariant_receiver_sionna/checkpoints/generalization/umi_uma_mix_normalized/su_mimo_phase_sensitive_seed0/su_mimo_phase_sensitive_layer4_rx8_seed0.pt,125,uniform,4,8,1.0,umi_uma_mix_normalized,umi_normalized,umi,umi,,,2,0.21940104166666666,337,1536,0.045735677083333336,60696,0.19941906520737546,0.24078304452139299
layer4_rx8,runs/su_mimo_lmmse_umi_uma_matrix_v1/layer4_rx8/umi_normalized/lmmse_perfect/bler_per_layer.csv,5.0,lmmse_perfect,perfect,lmmse_perfect,su_mimo_phase_sensitive,-1,777000,1,/home/ahhy/projects/phase_invariant_receiver_sionna/checkpoints/generalization/umi_uma_mix_normalized/su_mimo_phase_sensitive_seed0/su_mimo_phase_sensitive_layer4_rx8_seed0.pt,125,uniform,4,8,1.0,umi_uma_mix_normalized,umi_normalized,umi,umi,,,3,0.15950520833333334,245,1536,0.032423984857253084,43030,0.14204697732469598,0.17866231127889085
layer4_rx8,runs/su_mimo_lmmse_umi_uma_matrix_v1/layer4_rx8/umi_normalized/lmmse_perfect/bler_per_layer.csv,7.0,lmmse_perfect,perfect,lmmse_perfect,su_mimo_phase_sensitive,-1,777000,1,/home/ahhy/projects/phase_invariant_receiver_sionna/checkpoints/generalization/umi_uma_mix_normalized/su_mimo_phase_sensitive_seed0/su_mimo_phase_sensitive_layer4_rx8_seed0.pt,125,uniform,4,8,1.0,umi_uma_mix_normalized,umi_normalized,umi,umi,,,0,0.11743951612903226,233,1984,0.022219422043010754,38088,0.1040068981888422,0.13235071309643207
layer4_rx8,runs/su_mimo_lmmse_umi_uma_matrix_v1/layer4_rx8/umi_normalized/lmmse_perfect/bler_per_layer.csv,7.0,lmmse_perfect,perfect,lmmse_perfect,su_mimo_phase_sensitive,-1,777000,1,/home/ahhy/projects/phase_invariant_receiver_sionna/checkpoints/generalization/umi_uma_mix_normalized/su_mimo_phase_sensitive_seed0/su_mimo_phase_sensitive_layer4_rx8_seed0.pt,125,uniform,4,8,1.0,umi_uma_mix_normalized,umi_normalized,umi,umi,,,1,0.1587701612903226,315,1984,0.031874206615890084,54638,0.14335037725376026,0.17550878327342118
layer4_rx8,runs/su_mimo_lmmse_umi_uma_matrix_v1/layer4_rx8/umi_normalized/lmmse_perfect/bler_per_layer.csv,7.0,lmmse_perfect,perfect,lmmse_perfect,su_mimo_phase_sensitive,-1,777000,1,/home/ahhy/projects/phase_invariant_receiver_sionna/checkpoints/generalization/umi_uma_mix_normalized/su_mimo_phase_sensitive_seed0/su_mimo_phase_sensitive_layer4_rx8_seed0.pt,125,uniform,4,8,1.0,umi_uma_mix_normalized,umi_normalized,umi,umi,,,2,0.1688508064516129,335,1984,0.03331454879778972,57107,0.15301003434438237,0.18597145526619102
layer4_rx8,runs/su_mimo_lmmse_umi_uma_matrix_v1/layer4_rx8/umi_normalized/lmmse_perfect/bler_per_layer.csv,7.0,lmmse_perfect,perfect,lmmse_perfect,su_mimo_phase_sensitive,-1,777000,1,/home/ahhy/projects/phase_invariant_receiver_sionna/checkpoints/generalization/umi_uma_mix_normalized/su_mimo_phase_sensitive_seed0/su_mimo_phase_sensitive_layer4_rx8_seed0.pt,125,uniform,4,8,1.0,umi_uma_mix_normalized,umi_normalized,umi,umi,,,3,0.109375,217,1984,0.02166346979540024,37135,0.09638882088973487,0.12387092712882579
layer4_rx8,runs/su_mimo_lmmse_umi_uma_matrix_v1/layer4_rx8/umi_normalized/lmmse_perfect/bler_per_layer.csv,9.0,lmmse_perfect,perfect,lmmse_perfect,su_mimo_phase_sensitive,-1,777000,1,/home/ahhy/projects/phase_invariant_receiver_sionna/checkpoints/generalization/umi_uma_mix_normalized/su_mimo_phase_sensitive_seed0/su_mimo_phase_sensitive_layer4_rx8_seed0.pt,125,uniform,4,8,1.0,umi_uma_mix_normalized,umi_normalized,umi,umi,,,0,0.08069620253164557,204,2528,0.01533427464252227,33493,0.0707040571462683,0.09196073269903492
layer4_rx8,runs/su_mimo_lmmse_umi_uma_matrix_v1/layer4_rx8/umi_normalized/lmmse_perfect/bler_per_layer.csv,9.0,lmmse_perfect,perfect,lmmse_perfect,su_mimo_phase_sensitive,-1,777000,1,/home/ahhy/projects/phase_invariant_receiver_sionna/checkpoints/generalization/umi_uma_mix_normalized/su_mimo_phase_sensitive_seed0/su_mimo_phase_sensitive_layer4_rx8_seed0.pt,125,uniform,4,8,1.0,umi_uma_mix_normalized,umi_normalized,umi,umi,,,1,0.12262658227848101,310,2528,0.022877567539849975,49969,0.11040975898708337,0.13598855187368952
layer4_rx8,runs/su_mimo_lmmse_umi_uma_matrix_v1/layer4_rx8/umi_normalized/lmmse_perfect/bler_per_layer.csv,9.0,lmmse_perfect,perfect,lmmse_perfect,su_mimo_phase_sensitive,-1,777000,1,/home/ahhy/projects/phase_invariant_receiver_sionna/checkpoints/generalization/umi_uma_mix_normalized/su_mimo_phase_sensitive_seed0/su_mimo_phase_sensitive_layer4_rx8_seed0.pt,125,uniform,4,8,1.0,umi_uma_mix_normalized,umi_normalized,umi,umi,,,2,0.13014240506329114,329,2528,0.02498086248827942,54563,0.11758577223768704,0.14382137729567004
layer4_rx8,runs/su_mimo_lmmse_umi_uma_matrix_v1/layer4_rx8/umi_normalized/lmmse_perfect/bler_per_layer.csv,9.0,lmmse_perfect,perfect,lmmse_perfect,su_mimo_phase_sensitive,-1,777000,1,/home/ahhy/projects/phase_invariant_receiver_sionna/checkpoints/generalization/umi_uma_mix_normalized/su_mimo_phase_sensitive_seed0/su_mimo_phase_sensitive_layer4_rx8_seed0.pt,125,uniform,4,8,1.0,umi_uma_mix_normalized,umi_normalized,umi,umi,,,3,0.07792721518987342,197,2528,0.01554991502578528,33964,0.06810663009449527,0.08902858760827692
layer4_rx8,runs/su_mimo_lmmse_umi_uma_matrix_v1/layer4_rx8/umi_normalized/lmmse_perfect/bler_per_layer.csv,11.0,lmmse_perfect,perfect,lmmse_perfect,su_mimo_phase_sensitive,-1,777000,1,/home/ahhy/projects/phase_invariant_receiver_sionna/checkpoints/generalization/umi_uma_mix_normalized/su_mimo_phase_sensitive_seed0/su_mimo_phase_sensitive_layer4_rx8_seed0.pt,125,uniform,4,8,1.0,umi_uma_mix_normalized,umi_normalized,umi,umi,,,0,0.05043859649122807,184,3648,0.009663146219135802,30457,0.04379777829517858,0.058025223336654184
layer4_rx8,runs/su_mimo_lmmse_umi_uma_matrix_v1/layer4_rx8/umi_normalized/lmmse_perfect/bler_per_layer.csv,11.0,lmmse_perfect,perfect,lmmse_perfect,su_mimo_phase_sensitive,-1,777000,1,/home/ahhy/projects/phase_invariant_receiver_sionna/checkpoints/generalization/umi_uma_mix_normalized/su_mimo_phase_sensitive_seed0/su_mimo_phase_sensitive_layer4_rx8_seed0.pt,125,uniform,4,8,1.0,umi_uma_mix_normalized,umi_normalized,umi,umi,,,1,0.07976973684210527,291,3648,0.01457927225471085,45952,0.07141329412724709,0.08901027995909416
layer4_rx8,runs/su_mimo_lmmse_umi_uma_matrix_v1/layer4_rx8/umi_normalized/lmmse_perfect/bler_per_layer.csv,11.0,lmmse_perfect,perfect,lmmse_perfect,su_mimo_phase_sensitive,-1,777000,1,/home/ahhy/projects/phase_invariant_receiver_sionna/checkpoints/generalization/umi_uma_mix_normalized/su_mimo_phase_sensitive_seed0/su_mimo_phase_sensitive_layer4_rx8_seed0.pt,125,uniform,4,8,1.0,umi_uma_mix_normalized,umi_normalized,umi,umi,,,2,0.0868969298245614,317,3648,0.01656380715968161,52207,0.07818519251925864,0.09647777300462672
layer4_rx8,runs/su_mimo_lmmse_umi_uma_matrix_v1/layer4_rx8/umi_normalized/lmmse_perfect/bler_per_layer.csv,11.0,lmmse_perfect,perfect,lmmse_perfect,su_mimo_phase_sensitive,-1,777000,1,/home/ahhy/projects/phase_invariant_receiver_sionna/checkpoints/generalization/umi_uma_mix_normalized/su_mimo_phase_sensitive_seed0/su_mimo_phase_sensitive_layer4_rx8_seed0.pt,125,uniform,4,8,1.0,umi_uma_mix_normalized,umi_normalized,umi,umi,,,3,0.04851973684210526,177,3648,0.00922562845191683,29078,0.04200980361183611,0.05597951570988863
layer4_rx8,runs/su_mimo_lmmse_umi_uma_matrix_v1/layer4_rx8/umi_normalized/lmmse_perfect/bler_per_layer.csv,13.0,lmmse_perfect,perfect,lmmse_perfect,su_mimo_phase_sensitive,-1,777000,1,/home/ahhy/projects/phase_invariant_receiver_sionna/checkpoints/generalization/umi_uma_mix_normalized/su_mimo_phase_sensitive_seed0/su_mimo_phase_sensitive_layer4_rx8_seed0.pt,125,uniform,4,8,1.0,umi_uma_mix_normalized,umi_normalized,umi,umi,,,0,0.03282232704402516,167,5088,0.005860284911483811,25762,0.028268280884747816,0.038081282736374934
layer4_rx8,runs/su_mimo_lmmse_umi_uma_matrix_v1/layer4_rx8/umi_normalized/lmmse_perfect/bler_per_layer.csv,13.0,lmmse_perfect,perfect,lmmse_perfect,su_mimo_phase_sensitive,-1,777000,1,/home/ahhy/projects/phase_invariant_receiver_sionna/checkpoints/generalization/umi_uma_mix_normalized/su_mimo_phase_sensitive_seed0/su_mimo_phase_sensitive_layer4_rx8_seed0.pt,125,uniform,4,8,1.0,umi_uma_mix_normalized,umi_normalized,umi,umi,,,1,0.05444182389937107,277,5088,0.009685780267295597,42579,0.04853699991477439,0.061018936445799976
layer4_rx8,runs/su_mimo_lmmse_umi_uma_matrix_v1/layer4_rx8/umi_normalized/lmmse_perfect/bler_per_layer.csv,13.0,lmmse_perfect,perfect,lmmse_perfect,su_mimo_phase_sensitive,-1,777000,1,/home/ahhy/projects/phase_invariant_receiver_sionna/checkpoints/generalization/umi_uma_mix_normalized/su_mimo_phase_sensitive_seed0/su_mimo_phase_sensitive_layer4_rx8_seed0.pt,125,uniform,4,8,1.0,umi_uma_mix_normalized,umi_normalized,umi,umi,,,2,0.0607311320754717,309,5088,0.01098604377766131,48295,0.05449405331613859,0.06763100965954898
layer4_rx8,runs/su_mimo_lmmse_umi_uma_matrix_v1/layer4_rx8/umi_normalized/lmmse_perfect/bler_per_layer.csv,13.0,lmmse_perfect,perfect,lmmse_perfect,su_mimo_phase_sensitive,-1,777000,1,/home/ahhy/projects/phase_invariant_receiver_sionna/checkpoints/generalization/umi_uma_mix_normalized/su_mimo_phase_sensitive_seed0/su_mimo_phase_sensitive_layer4_rx8_seed0.pt,125,uniform,4,8,1.0,umi_uma_mix_normalized,umi_normalized,umi,umi,,,3,0.03125,159,5088,0.005548640228278593,24392,0.026811525013230364,0.03639575695411408
layer4_rx8,runs/su_mimo_lmmse_umi_uma_matrix_v1/layer4_rx8/uma_normalized/lmmse_ls/bler_per_layer.csv,3.0,lmmse_ls,ls,lmmse_ls,su_mimo_phase_sensitive,-1,777000,1,/home/ahhy/projects/phase_invariant_receiver_sionna/checkpoints/generalization/umi_uma_mix_normalized/su_mimo_phase_sensitive_seed0/su_mimo_phase_sensitive_layer4_rx8_seed0.pt,125,uniform,4,8,1.0,umi_uma_mix_normalized,uma_normalized,uma,uma,,,0,0.3272058823529412,267,816,0.07082312091503268,49932,0.29588833775972295,0.3601427192623938
layer4_rx8,runs/su_mimo_lmmse_umi_uma_matrix_v1/layer4_rx8/uma_normalized/lmmse_ls/bler_per_layer.csv,3.0,lmmse_ls,ls,lmmse_ls,su_mimo_phase_sensitive,-1,777000,1,/home/ahhy/projects/phase_invariant_receiver_sionna/checkpoints/generalization/umi_uma_mix_normalized/su_mimo_phase_sensitive_seed0/su_mimo_phase_sensitive_layer4_rx8_seed0.pt,125,uniform,4,8,1.0,umi_uma_mix_normalized,uma_normalized,uma,uma,,,1,0.3799019607843137,310,816,0.08565240332244009,60387,0.3472361438686408,0.41369324328148277
layer4_rx8,runs/su_mimo_lmmse_umi_uma_matrix_v1/layer4_rx8/uma_normalized/lmmse_ls/bler_per_layer.csv,3.0,lmmse_ls,ls,lmmse_ls,su_mimo_phase_sensitive,-1,777000,1,/home/ahhy/projects/phase_invariant_receiver_sionna/checkpoints/generalization/umi_uma_mix_normalized/su_mimo_phase_sensitive_seed0/su_mimo_phase_sensitive_layer4_rx8_seed0.pt,125,uniform,4,8,1.0,umi_uma_mix_normalized,uma_normalized,uma,uma,,,2,0.3639705882352941,297,816,0.08258016748366014,58221,0.3316670123490906,0.3975489261576821
layer4_rx8,runs/su_mimo_lmmse_umi_uma_matrix_v1/layer4_rx8/uma_normalized/lmmse_ls/bler_per_layer.csv,3.0,lmmse_ls,ls,lmmse_ls,su_mimo_phase_sensitive,-1,777000,1,/home/ahhy/projects/phase_invariant_receiver_sionna/checkpoints/generalization/umi_uma_mix_normalized/su_mimo_phase_sensitive_seed0/su_mimo_phase_sensitive_layer4_rx8_seed0.pt,125,uniform,4,8,1.0,umi_uma_mix_normalized,uma_normalized,uma,uma,,,3,0.3431372549019608,280,816,0.0767137005265069,54085,0.3113661090893531,0.37637839657611455
layer4_rx8,runs/su_mimo_lmmse_umi_uma_matrix_v1/layer4_rx8/uma_normalized/lmmse_ls/bler_per_layer.csv,5.0,lmmse_ls,ls,lmmse_ls,su_mimo_phase_sensitive,-1,777000,1,/home/ahhy/projects/phase_invariant_receiver_sionna/checkpoints/generalization/umi_uma_mix_normalized/su_mimo_phase_sensitive_seed0/su_mimo_phase_sensitive_layer4_rx8_seed0.pt,125,uniform,4,8,1.0,umi_uma_mix_normalized,uma_normalized,uma,uma,,,0,0.21961805555555555,253,1152,0.04853877314814815,48312,0.19666534288647977,0.244434476582607
layer4_rx8,runs/su_mimo_lmmse_umi_uma_matrix_v1/layer4_rx8/uma_normalized/lmmse_ls/bler_per_layer.csv,5.0,lmmse_ls,ls,lmmse_ls,su_mimo_phase_sensitive,-1,777000,1,/home/ahhy/projects/phase_invariant_receiver_sionna/checkpoints/generalization/umi_uma_mix_normalized/su_mimo_phase_sensitive_seed0/su_mimo_phase_sensitive_layer4_rx8_seed0.pt,125,uniform,4,8,1.0,umi_uma_mix_normalized,uma_normalized,uma,uma,,,1,0.2769097222222222,319,1152,0.06059007683899177,60307,0.2518438036196424,0.30345852951829966
layer4_rx8,runs/su_mimo_lmmse_umi_uma_matrix_v1/layer4_rx8/uma_normalized/lmmse_ls/bler_per_layer.csv,5.0,lmmse_ls,ls,lmmse_ls,su_mimo_phase_sensitive,-1,777000,1,/home/ahhy/projects/phase_invariant_receiver_sionna/checkpoints/generalization/umi_uma_mix_normalized/su_mimo_phase_sensitive_seed0/su_mimo_phase_sensitive_layer4_rx8_seed0.pt,125,uniform,4,8,1.0,umi_uma_mix_normalized,uma_normalized,uma,uma,,,2,0.2560763888888889,295,1152,0.0592920122813786,59015,0.231711858408653,0.28206228794061455
layer4_rx8,runs/su_mimo_lmmse_umi_uma_matrix_v1/layer4_rx8/uma_normalized/lmmse_ls/bler_per_layer.csv,5.0,lmmse_ls,ls,lmmse_ls,su_mimo_phase_sensitive,-1,777000,1,/home/ahhy/projects/phase_invariant_receiver_sionna/checkpoints/generalization/umi_uma_mix_normalized/su_mimo_phase_sensitive_seed0/su_mimo_phase_sensitive_layer4_rx8_seed0.pt,125,uniform,4,8,1.0,umi_uma_mix_normalized,uma_normalized,uma,uma,,,3,0.2439236111111111,281,1152,0.054119847929526746,53867,0.22000245141529323,0.2695469193072474
layer4_rx8,runs/su_mimo_lmmse_umi_uma_matrix_v1/layer4_rx8/uma_normalized/lmmse_ls/bler_per_layer.csv,7.0,lmmse_ls,ls,lmmse_ls,su_mimo_phase_sensitive,-1,777000,1,/home/ahhy/projects/phase_invariant_receiver_sionna/checkpoints/generalization/umi_uma_mix_normalized/su_mimo_phase_sensitive_seed0/su_mimo_phase_sensitive_layer4_rx8_seed0.pt,125,uniform,4,8,1.0,umi_uma_mix_normalized,uma_normalized,uma,uma,,,0,0.16080729166666666,247,1536,0.03607705198688271,47878,0.1432857629218291,0.18002119570621816
layer4_rx8,runs/su_mimo_lmmse_umi_uma_matrix_v1/layer4_rx8/uma_normalized/lmmse_ls/bler_per_layer.csv,7.0,lmmse_ls,ls,lmmse_ls,su_mimo_phase_sensitive,-1,777000,1,/home/ahhy/projects/phase_invariant_receiver_sionna/checkpoints/generalization/umi_uma_mix_normalized/su_mimo_phase_sensitive_seed0/su_mimo_phase_sensitive_layer4_rx8_seed0.pt,125,uniform,4,8,1.0,umi_uma_mix_normalized,uma_normalized,uma,uma,,,1,0.20638020833333334,317,1536,0.046459810233410496,61657,0.1868855260003425,0.22733988348382125
layer4_rx8,runs/su_mimo_lmmse_umi_uma_matrix_v1/layer4_rx8/uma_normalized/lmmse_ls/bler_per_layer.csv,7.0,lmmse_ls,ls,lmmse_ls,su_mimo_phase_sensitive,-1,777000,1,/home/ahhy/projects/phase_invariant_receiver_sionna/checkpoints/generalization/umi_uma_mix_normalized/su_mimo_phase_sensitive_seed0/su_mimo_phase_sensitive_layer4_rx8_seed0.pt,125,uniform,4,8,1.0,umi_uma_mix_normalized,uma_normalized,uma,uma,,,2,0.197265625,303,1536,0.045866789641203706,60870,0.17813084860880482,0.21791087070413565
layer4_rx8,runs/su_mimo_lmmse_umi_uma_matrix_v1/layer4_rx8/uma_normalized/lmmse_ls/bler_per_layer.csv,7.0,lmmse_ls,ls,lmmse_ls,su_mimo_phase_sensitive,-1,777000,1,/home/ahhy/projects/phase_invariant_receiver_sionna/checkpoints/generalization/umi_uma_mix_normalized/su_mimo_phase_sensitive_seed0/su_mimo_phase_sensitive_layer4_rx8_seed0.pt,125,uniform,4,8,1.0,umi_uma_mix_normalized,uma_normalized,uma,uma,,,3,0.18098958333333334,278,1536,0.03809874734760803,50561,0.16253885905887153,0.20103198494831306
layer4_rx8,runs/su_mimo_lmmse_umi_uma_matrix_v1/layer4_rx8/uma_normalized/lmmse_ls/bler_per_layer.csv,9.0,lmmse_ls,ls,lmmse_ls,su_mimo_phase_sensitive,-1,777000,1,/home/ahhy/projects/phase_invariant_receiver_sionna/checkpoints/generalization/umi_uma_mix_normalized/su_mimo_phase_sensitive_seed0/su_mimo_phase_sensitive_layer4_rx8_seed0.pt,125,uniform,4,8,1.0,umi_uma_mix_normalized,uma_normalized,uma,uma,,,0,0.12306201550387597,254,2064,0.02727982342807924,48648,0.10958584483872222,0.13793867239994523
layer4_rx8,runs/su_mimo_lmmse_umi_uma_matrix_v1/layer4_rx8/uma_normalized/lmmse_ls/bler_per_layer.csv,9.0,lmmse_ls,ls,lmmse_ls,su_mimo_phase_sensitive,-1,777000,1,/home/ahhy/projects/phase_invariant_receiver_sionna/checkpoints/generalization/umi_uma_mix_normalized/su_mimo_phase_sensitive_seed0/su_mimo_phase_sensitive_layer4_rx8_seed0.pt,125,uniform,4,8,1.0,umi_uma_mix_normalized,uma_normalized,uma,uma,,,1,0.15455426356589147,319,2064,0.03554317398794143,63384,0.1396025991306946,0.17078940702762144
layer4_rx8,runs/su_mimo_lmmse_umi_uma_matrix_v1/layer4_rx8/uma_normalized/lmmse_ls/bler_per_layer.csv,9.0,lmmse_ls,ls,lmmse_ls,su_mimo_phase_sensitive,-1,777000,1,/home/ahhy/projects/phase_invariant_receiver_sionna/checkpoints/generalization/umi_uma_mix_normalized/su_mimo_phase_sensitive_seed0/su_mimo_phase_sensitive_layer4_rx8_seed0.pt,125,uniform,4,8,1.0,umi_uma_mix_normalized,uma_normalized,uma,uma,,,2,0.1560077519379845,322,2064,0.036287301715475166,64711,0.14099391980514506,0.17229966276484707
layer4_rx8,runs/su_mimo_lmmse_umi_uma_matrix_v1/layer4_rx8/uma_normalized/lmmse_ls/bler_per_layer.csv,9.0,lmmse_ls,ls,lmmse_ls,su_mimo_phase_sensitive,-1,777000,1,/home/ahhy/projects/phase_invariant_receiver_sionna/checkpoints/generalization/umi_uma_mix_normalized/su_mimo_phase_sensitive_seed0/su_mimo_phase_sensitive_layer4_rx8_seed0.pt,125,uniform,4,8,1.0,umi_uma_mix_normalized,uma_normalized,uma,uma,,,3,0.12306201550387597,254,2064,0.027659457543784093,49325,0.10958584483872222,0.13793867239994523
layer4_rx8,runs/su_mimo_lmmse_umi_uma_matrix_v1/layer4_rx8/uma_normalized/lmmse_ls/bler_per_layer.csv,11.0,lmmse_ls,ls,lmmse_ls,su_mimo_phase_sensitive,-1,777000,1,/home/ahhy/projects/phase_invariant_receiver_sionna/checkpoints/generalization/umi_uma_mix_normalized/su_mimo_phase_sensitive_seed0/su_mimo_phase_sensitive_layer4_rx8_seed0.pt,125,uniform,4,8,1.0,umi_uma_mix_normalized,uma_normalized,uma,uma,,,0,0.09615384615384616,240,2496,0.020901961657169992,45076,0.08520138129453725,0.10834747641940251
layer4_rx8,runs/su_mimo_lmmse_umi_uma_matrix_v1/layer4_rx8/uma_normalized/lmmse_ls/bler_per_layer.csv,11.0,lmmse_ls,ls,lmmse_ls,su_mimo_phase_sensitive,-1,777000,1,/home/ahhy/projects/phase_invariant_receiver_sionna/checkpoints/generalization/umi_uma_mix_normalized/su_mimo_phase_sensitive_seed0/su_mimo_phase_sensitive_layer4_rx8_seed0.pt,125,uniform,4,8,1.0,umi_uma_mix_normalized,uma_normalized,uma,uma,,,1,0.12379807692307693,309,2496,0.028768715129392212,62041,0.11145250968912322,0.1372998488360647
layer4_rx8,runs/su_mimo_lmmse_umi_uma_matrix_v1/layer4_rx8/uma_normalized/lmmse_ls/bler_per_layer.csv,11.0,lmmse_ls,ls,lmmse_ls,su_mimo_phase_sensitive,-1,777000,1,/home/ahhy/projects/phase_invariant_receiver_sionna/checkpoints/generalization/umi_uma_mix_normalized/su_mimo_phase_sensitive_seed0/su_mimo_phase_sensitive_layer4_rx8_seed0.pt,125,uniform,4,8,1.0,umi_uma_mix_normalized,uma_normalized,uma,uma,,,2,0.12179487179487179,304,2496,0.02829388132122507,61017,0.10954240437176704,0.13520970047144637
layer4_rx8,runs/su_mimo_lmmse_umi_uma_matrix_v1/layer4_rx8/uma_normalized/lmmse_ls/bler_per_layer.csv,11.0,lmmse_ls,ls,lmmse_ls,su_mimo_phase_sensitive,-1,777000,1,/home/ahhy/projects/phase_invariant_receiver_sionna/checkpoints/generalization/umi_uma_mix_normalized/su_mimo_phase_sensitive_seed0/su_mimo_phase_sensitive_layer4_rx8_seed0.pt,125,uniform,4,8,1.0,umi_uma_mix_normalized,uma_normalized,uma,uma,,,3,0.09415064102564102,235,2496,0.020793918417616335,44843,0.08330927760805837,0.10623932642390688
layer4_rx8,runs/su_mimo_lmmse_umi_uma_matrix_v1/layer4_rx8/uma_normalized/lmmse_ls/bler_per_layer.csv,13.0,lmmse_ls,ls,lmmse_ls,su_mimo_phase_sensitive,-1,777000,1,/home/ahhy/projects/phase_invariant_receiver_sionna/checkpoints/generalization/umi_uma_mix_normalized/su_mimo_phase_sensitive_seed0/su_mimo_phase_sensitive_layer4_rx8_seed0.pt,125,uniform,4,8,1.0,umi_uma_mix_normalized,uma_normalized,uma,uma,,,0,0.07329842931937172,224,3056,0.01637299726100446,43231,0.06458405038910446,0.08308420788557101
layer4_rx8,runs/su_mimo_lmmse_umi_uma_matrix_v1/layer4_rx8/uma_normalized/lmmse_ls/bler_per_layer.csv,13.0,lmmse_ls,ls,lmmse_ls,su_mimo_phase_sensitive,-1,777000,1,/home/ahhy/projects/phase_invariant_receiver_sionna/checkpoints/generalization/umi_uma_mix_normalized/su_mimo_phase_sensitive_seed0/su_mimo_phase_sensitive_layer4_rx8_seed0.pt,125,uniform,4,8,1.0,umi_uma_mix_normalized,uma_normalized,uma,uma,,,1,0.10536649214659685,322,3056,0.023678374054682955,62520,0.09497206980952798,0.11675179482180532
layer4_rx8,runs/su_mimo_lmmse_umi_uma_matrix_v1/layer4_rx8/uma_normalized/lmmse_ls/bler_per_layer.csv,13.0,lmmse_ls,ls,lmmse_ls,su_mimo_phase_sensitive,-1,777000,1,/home/ahhy/projects/phase_invariant_receiver_sionna/checkpoints/generalization/umi_uma_mix_normalized/su_mimo_phase_sensitive_seed0/su_mimo_phase_sensitive_layer4_rx8_seed0.pt,125,uniform,4,8,1.0,umi_uma_mix_normalized,uma_normalized,uma,uma,,,2,0.09882198952879581,302,3056,0.023179582969749854,61203,0.08873986662543597,0.10991142528004881
layer4_rx8,runs/su_mimo_lmmse_umi_uma_matrix_v1/layer4_rx8/uma_normalized/lmmse_ls/bler_per_layer.csv,13.0,lmmse_ls,ls,lmmse_ls,su_mimo_phase_sensitive,-1,777000,1,/home/ahhy/projects/phase_invariant_receiver_sionna/checkpoints/generalization/umi_uma_mix_normalized/su_mimo_phase_sensitive_seed0/su_mimo_phase_sensitive_layer4_rx8_seed0.pt,125,uniform,4,8,1.0,umi_uma_mix_normalized,uma_normalized,uma,uma,,,3,0.07198952879581152,220,3056,0.01608781146984681,42478,0.0633529297605748,0.081700813968931
layer4_rx8,runs/su_mimo_lmmse_umi_uma_matrix_v1/layer4_rx8/uma_normalized/lmmse_perfect/bler_per_layer.csv,3.0,lmmse_perfect,perfect,lmmse_perfect,su_mimo_phase_sensitive,-1,777000,1,/home/ahhy/projects/phase_invariant_receiver_sionna/checkpoints/generalization/umi_uma_mix_normalized/su_mimo_phase_sensitive_seed0/su_mimo_phase_sensitive_layer4_rx8_seed0.pt,125,uniform,4,8,1.0,umi_uma_mix_normalized,uma_normalized,uma,uma,,,0,0.11043233082706767,235,2128,0.020241032268170426,37215,0.09781100708850518,0.12445761277538325
layer4_rx8,runs/su_mimo_lmmse_umi_uma_matrix_v1/layer4_rx8/uma_normalized/lmmse_perfect/bler_per_layer.csv,3.0,lmmse_perfect,perfect,lmmse_perfect,su_mimo_phase_sensitive,-1,777000,1,/home/ahhy/projects/phase_invariant_receiver_sionna/checkpoints/generalization/umi_uma_mix_normalized/su_mimo_phase_sensitive_seed0/su_mimo_phase_sensitive_layer4_rx8_seed0.pt,125,uniform,4,8,1.0,umi_uma_mix_normalized,uma_normalized,uma,uma,,,1,0.13862781954887218,295,2128,0.027069627192982455,49770,0.1245958581728222,0.15396212575399348
layer4_rx8,runs/su_mimo_lmmse_umi_uma_matrix_v1/layer4_rx8/uma_normalized/lmmse_perfect/bler_per_layer.csv,3.0,lmmse_perfect,perfect,lmmse_perfect,su_mimo_phase_sensitive,-1,777000,1,/home/ahhy/projects/phase_invariant_receiver_sionna/checkpoints/generalization/umi_uma_mix_normalized/su_mimo_phase_sensitive_seed0/su_mimo_phase_sensitive_layer4_rx8_seed0.pt,125,uniform,4,8,1.0,umi_uma_mix_normalized,uma_normalized,uma,uma,,,2,0.14332706766917294,305,2128,0.028527808235867445,52451,0.12908139727559378,0.15885814732837647
layer4_rx8,runs/su_mimo_lmmse_umi_uma_matrix_v1/layer4_rx8/uma_normalized/lmmse_perfect/bler_per_layer.csv,3.0,lmmse_perfect,perfect,lmmse_perfect,su_mimo_phase_sensitive,-1,777000,1,/home/ahhy/projects/phase_invariant_receiver_sionna/checkpoints/generalization/umi_uma_mix_normalized/su_mimo_phase_sensitive_seed0/su_mimo_phase_sensitive_layer4_rx8_seed0.pt,125,uniform,4,8,1.0,umi_uma_mix_normalized,uma_normalized,uma,uma,,,3,0.11795112781954888,251,2128,0.021817238408521303,40113,0.10493022699930012,0.1323488899480356
layer4_rx8,runs/su_mimo_lmmse_umi_uma_matrix_v1/layer4_rx8/uma_normalized/lmmse_perfect/bler_per_layer.csv,5.0,lmmse_perfect,perfect,lmmse_perfect,su_mimo_phase_sensitive,-1,777000,1,/home/ahhy/projects/phase_invariant_receiver_sionna/checkpoints/generalization/umi_uma_mix_normalized/su_mimo_phase_sensitive_seed0/su_mimo_phase_sensitive_layer4_rx8_seed0.pt,125,uniform,4,8,1.0,umi_uma_mix_normalized,uma_normalized,uma,uma,,,0,0.06751336898395723,202,2992,0.012453347816399287,32193,0.05906610585389323,0.07706975594876707
layer4_rx8,runs/su_mimo_lmmse_umi_uma_matrix_v1/layer4_rx8/uma_normalized/lmmse_perfect/bler_per_layer.csv,5.0,lmmse_perfect,perfect,lmmse_perfect,su_mimo_phase_sensitive,-1,777000,1,/home/ahhy/projects/phase_invariant_receiver_sionna/checkpoints/generalization/umi_uma_mix_normalized/su_mimo_phase_sensitive_seed0/su_mimo_phase_sensitive_layer4_rx8_seed0.pt,125,uniform,4,8,1.0,umi_uma_mix_normalized,uma_normalized,uma,uma,,,1,0.09759358288770054,292,2992,0.017909254926718163,46297,0.08747030585815008,0.10874884221789552
layer4_rx8,runs/su_mimo_lmmse_umi_uma_matrix_v1/layer4_rx8/uma_normalized/lmmse_perfect/bler_per_layer.csv,5.0,lmmse_perfect,perfect,lmmse_perfect,su_mimo_phase_sensitive,-1,777000,1,/home/ahhy/projects/phase_invariant_receiver_sionna/checkpoints/generalization/umi_uma_mix_normalized/su_mimo_phase_sensitive_seed0/su_mimo_phase_sensitive_layer4_rx8_seed0.pt,125,uniform,4,8,1.0,umi_uma_mix_normalized,uma_normalized,uma,uma,,,2,0.10127005347593583,303,2992,0.01970068330362448,50928,0.09096625272443187,0.11259640811836083
layer4_rx8,runs/su_mimo_lmmse_umi_uma_matrix_v1/layer4_rx8/uma_normalized/lmmse_perfect/bler_per_layer.csv,5.0,lmmse_perfect,perfect,lmmse_perfect,su_mimo_phase_sensitive,-1,777000,1,/home/ahhy/projects/phase_invariant_receiver_sionna/checkpoints/generalization/umi_uma_mix_normalized/su_mimo_phase_sensitive_seed0/su_mimo_phase_sensitive_layer4_rx8_seed0.pt,125,uniform,4,8,1.0,umi_uma_mix_normalized,uma_normalized,uma,uma,,,3,0.07419786096256685,222,2992,0.0135836768419489,35115,0.065342784863549,0.08414491833319693
layer4_rx8,runs/su_mimo_lmmse_umi_uma_matrix_v1/layer4_rx8/uma_normalized/lmmse_perfect/bler_per_layer.csv,7.0,lmmse_perfect,perfect,lmmse_perfect,su_mimo_phase_sensitive,-1,777000,1,/home/ahhy/projects/phase_invariant_receiver_sionna/checkpoints/generalization/umi_uma_mix_normalized/su_mimo_phase_sensitive_seed0/su_mimo_phase_sensitive_layer4_rx8_seed0.pt,125,uniform,4,8,1.0,umi_uma_mix_normalized,uma_normalized,uma,uma,,,0,0.0435,174,4000,0.007342592592592592,25376,0.03760457381513683,0.05027139790836064
layer4_rx8,runs/su_mimo_lmmse_umi_uma_matrix_v1/layer4_rx8/uma_normalized/lmmse_perfect/bler_per_layer.csv,7.0,lmmse_perfect,perfect,lmmse_perfect,su_mimo_phase_sensitive,-1,777000,1,/home/ahhy/projects/phase_invariant_receiver_sionna/checkpoints/generalization/umi_uma_mix_normalized/su_mimo_phase_sensitive_seed0/su_mimo_phase_sensitive_layer4_rx8_seed0.pt,125,uniform,4,8,1.0,umi_uma_mix_normalized,uma_normalized,uma,uma,,,1,0.0705,282,4000,0.012139467592592592,41954,0.06297218860300047,0.07885197318285309
layer4_rx8,runs/su_mimo_lmmse_umi_uma_matrix_v1/layer4_rx8/uma_normalized/lmmse_perfect/bler_per_layer.csv,7.0,lmmse_perfect,perfect,lmmse_perfect,su_mimo_phase_sensitive,-1,777000,1,/home/ahhy/projects/phase_invariant_receiver_sionna/checkpoints/generalization/umi_uma_mix_normalized/su_mimo_phase_sensitive_seed0/su_mimo_phase_sensitive_layer4_rx8_seed0.pt,125,uniform,4,8,1.0,umi_uma_mix_normalized,uma_normalized,uma,uma,,,2,0.07275,291,4000,0.01309519675925926,45257,0.0651045126639887,0.08121533162706121
layer4_rx8,runs/su_mimo_lmmse_umi_uma_matrix_v1/layer4_rx8/uma_normalized/lmmse_perfect/bler_per_layer.csv,7.0,lmmse_perfect,perfect,lmmse_perfect,su_mimo_phase_sensitive,-1,777000,1,/home/ahhy/projects/phase_invariant_receiver_sionna/checkpoints/generalization/umi_uma_mix_normalized/su_mimo_phase_sensitive_seed0/su_mimo_phase_sensitive_layer4_rx8_seed0.pt,125,uniform,4,8,1.0,umi_uma_mix_normalized,uma_normalized,uma,uma,,,3,0.04425,177,4000,0.007902777777777778,27312,0.038302290363755515,0.051072242194807396
layer4_rx8,runs/su_mimo_lmmse_umi_uma_matrix_v1/layer4_rx8/uma_normalized/lmmse_perfect/bler_per_layer.csv,9.0,lmmse_perfect,perfect,lmmse_perfect,su_mimo_phase_sensitive,-1,777000,1,/home/ahhy/projects/phase_invariant_receiver_sionna/checkpoints/generalization/umi_uma_mix_normalized/su_mimo_phase_sensitive_seed0/su_mimo_phase_sensitive_layer4_rx8_seed0.pt,125,uniform,4,8,1.0,umi_uma_mix_normalized,uma_normalized,uma,uma,,,0,0.02615870786516854,149,5696,0.004103553825946733,20195,0.022322253931541365,0.030633860901018495
layer4_rx8,runs/su_mimo_lmmse_umi_uma_matrix_v1/layer4_rx8/uma_normalized/lmmse_perfect/bler_per_layer.csv,9.0,lmmse_perfect,perfect,lmmse_perfect,su_mimo_phase_sensitive,-1,777000,1,/home/ahhy/projects/phase_invariant_receiver_sionna/checkpoints/generalization/umi_uma_mix_normalized/su_mimo_phase_sensitive_seed0/su_mimo_phase_sensitive_layer4_rx8_seed0.pt,125,uniform,4,8,1.0,umi_uma_mix_normalized,uma_normalized,uma,uma,,,1,0.047050561797752806,268,5696,0.008218080264253018,40444,0.04185025632131139,0.05286140587505927
layer4_rx8,runs/su_mimo_lmmse_umi_uma_matrix_v1/layer4_rx8/uma_normalized/lmmse_perfect/bler_per_layer.csv,9.0,lmmse_perfect,perfect,lmmse_perfect,su_mimo_phase_sensitive,-1,777000,1,/home/ahhy/projects/phase_invariant_receiver_sionna/checkpoints/generalization/umi_uma_mix_normalized/su_mimo_phase_sensitive_seed0/su_mimo_phase_sensitive_layer4_rx8_seed0.pt,125,uniform,4,8,1.0,umi_uma_mix_normalized,uma_normalized,uma,uma,,,2,0.04985955056179775,284,5696,0.008681368341656262,42724,0.04450431561553311,0.05582153782303059
layer4_rx8,runs/su_mimo_lmmse_umi_uma_matrix_v1/layer4_rx8/uma_normalized/lmmse_perfect/bler_per_layer.csv,9.0,lmmse_perfect,perfect,lmmse_perfect,su_mimo_phase_sensitive,-1,777000,1,/home/ahhy/projects/phase_invariant_receiver_sionna/checkpoints/generalization/umi_uma_mix_normalized/su_mimo_phase_sensitive_seed0/su_mimo_phase_sensitive_layer4_rx8_seed0.pt,125,uniform,4,8,1.0,umi_uma_mix_normalized,uma_normalized,uma,uma,,,3,0.027212078651685394,155,5696,0.004706234719621307,23161,0.02329488437345764,0.031766552174924606
layer4_rx8,runs/su_mimo_lmmse_umi_uma_matrix_v1/layer4_rx8/uma_normalized/lmmse_perfect/bler_per_layer.csv,11.0,lmmse_perfect,perfect,lmmse_perfect,su_mimo_phase_sensitive,-1,777000,1,/home/ahhy/projects/phase_invariant_receiver_sionna/checkpoints/generalization/umi_uma_mix_normalized/su_mimo_phase_sensitive_seed0/su_mimo_phase_sensitive_layer4_rx8_seed0.pt,125,uniform,4,8,1.0,umi_uma_mix_normalized,uma_normalized,uma,uma,,,0,0.013122775800711743,118,8992,0.002024175810597074,15726,0.01096986812208437,0.01569150201417146
layer4_rx8,runs/su_mimo_lmmse_umi_uma_matrix_v1/layer4_rx8/uma_normalized/lmmse_perfect/bler_per_layer.csv,11.0,lmmse_perfect,perfect,lmmse_perfect,su_mimo_phase_sensitive,-1,777000,1,/home/ahhy/projects/phase_invariant_receiver_sionna/checkpoints/generalization/umi_uma_mix_normalized/su_mimo_phase_sensitive_seed0/su_mimo_phase_sensitive_layer4_rx8_seed0.pt,125,uniform,4,8,1.0,umi_uma_mix_normalized,uma_normalized,uma,uma,,,1,0.029470640569395017,265,8992,0.004899030619810202,38061,0.026170965512186707,0.03317217223255939
layer4_rx8,runs/su_mimo_lmmse_umi_uma_matrix_v1/layer4_rx8/uma_normalized/lmmse_perfect/bler_per_layer.csv,11.0,lmmse_perfect,perfect,lmmse_perfect,su_mimo_phase_sensitive,-1,777000,1,/home/ahhy/projects/phase_invariant_receiver_sionna/checkpoints/generalization/umi_uma_mix_normalized/su_mimo_phase_sensitive_seed0/su_mimo_phase_sensitive_layer4_rx8_seed0.pt,125,uniform,4,8,1.0,umi_uma_mix_normalized,uma_normalized,uma,uma,,,2,0.031027580071174378,279,8992,0.005207689757150389,40459,0.02763916849494579,0.034816518545847004
layer4_rx8,runs/su_mimo_lmmse_umi_uma_matrix_v1/layer4_rx8/uma_normalized/lmmse_perfect/bler_per_layer.csv,11.0,lmmse_perfect,perfect,lmmse_perfect,su_mimo_phase_sensitive,-1,777000,1,/home/ahhy/projects/phase_invariant_receiver_sionna/checkpoints/generalization/umi_uma_mix_normalized/su_mimo_phase_sensitive_seed0/su_mimo_phase_sensitive_layer4_rx8_seed0.pt,125,uniform,4,8,1.0,umi_uma_mix_normalized,uma_normalized,uma,uma,,,3,0.014568505338078292,131,8992,0.002320864430934493,18031,0.012291150602690409,0.01726044387989449
layer4_rx8,runs/su_mimo_lmmse_umi_uma_matrix_v1/layer4_rx8/uma_normalized/lmmse_perfect/bler_per_layer.csv,13.0,lmmse_perfect,perfect,lmmse_perfect,su_mimo_phase_sensitive,-1,777000,1,/home/ahhy/projects/phase_invariant_receiver_sionna/checkpoints/generalization/umi_uma_mix_normalized/su_mimo_phase_sensitive_seed0/su_mimo_phase_sensitive_layer4_rx8_seed0.pt,125,uniform,4,8,1.0,umi_uma_mix_normalized,uma_normalized,uma,uma,,,0,0.007291666666666667,98,13440,0.0011265776565255732,13082,0.005987407742400402,0.008877499689959665
layer4_rx8,runs/su_mimo_lmmse_umi_uma_matrix_v1/layer4_rx8/uma_normalized/lmmse_perfect/bler_per_layer.csv,13.0,lmmse_perfect,perfect,lmmse_perfect,su_mimo_phase_sensitive,-1,777000,1,/home/ahhy/projects/phase_invariant_receiver_sionna/checkpoints/generalization/umi_uma_mix_normalized/su_mimo_phase_sensitive_seed0/su_mimo_phase_sensitive_layer4_rx8_seed0.pt,125,uniform,4,8,1.0,umi_uma_mix_normalized,uma_normalized,uma,uma,,,1,0.019866071428571427,267,13440,0.0032547777502204586,37795,0.017640511632947595,0.022366019273277034
layer4_rx8,runs/su_mimo_lmmse_umi_uma_matrix_v1/layer4_rx8/uma_normalized/lmmse_perfect/bler_per_layer.csv,13.0,lmmse_perfect,perfect,lmmse_perfect,su_mimo_phase_sensitive,-1,777000,1,/home/ahhy/projects/phase_invariant_receiver_sionna/checkpoints/generalization/umi_uma_mix_normalized/su_mimo_phase_sensitive_seed0/su_mimo_phase_sensitive_layer4_rx8_seed0.pt,125,uniform,4,8,1.0,umi_uma_mix_normalized,uma_normalized,uma,uma,,,2,0.02023809523809524,272,13440,0.0033467503031305115,38863,0.017990939726283628,0.022759426193960666
layer4_rx8,runs/su_mimo_lmmse_umi_uma_matrix_v1/layer4_rx8/uma_normalized/lmmse_perfect/bler_per_layer.csv,13.0,lmmse_perfect,perfect,lmmse_perfect,su_mimo_phase_sensitive,-1,777000,1,/home/ahhy/projects/phase_invariant_receiver_sionna/checkpoints/generalization/umi_uma_mix_normalized/su_mimo_phase_sensitive_seed0/su_mimo_phase_sensitive_layer4_rx8_seed0.pt,125,uniform,4,8,1.0,umi_uma_mix_normalized,uma_normalized,uma,uma,,,3,0.007663690476190476,103,13440,0.001218808559303351,14153,0.006323546902914398,0.009285195543465331
layer4_rx16,runs/su_mimo_lmmse_umi_uma_matrix_v1/layer4_rx16/umi_normalized/lmmse_ls/bler_per_layer.csv,3.0,lmmse_ls,ls,lmmse_ls,su_mimo_phase_sensitive,-1,777000,1,/home/ahhy/projects/phase_invariant_receiver_sionna/checkpoints/generalization/umi_uma_mix_normalized/su_mimo_phase_sensitive_seed0/su_mimo_phase_sensitive_layer4_rx16_seed0.pt,130,uniform,4,16,1.0,umi_uma_mix_normalized,umi_normalized,umi,umi,,,0,0.2393092105263158,291,1216,0.06014520894249513,63190,0.216173004587878,0.2640873231657531
layer4_rx16,runs/su_mimo_lmmse_umi_uma_matrix_v1/layer4_rx16/umi_normalized/lmmse_ls/bler_per_layer.csv,3.0,lmmse_ls,ls,lmmse_ls,su_mimo_phase_sensitive,-1,777000,1,/home/ahhy/projects/phase_invariant_receiver_sionna/checkpoints/generalization/umi_uma_mix_normalized/su_mimo_phase_sensitive_seed0/su_mimo_phase_sensitive_layer4_rx16_seed0.pt,130,uniform,4,16,1.0,umi_uma_mix_normalized,umi_normalized,umi,umi,,,1,0.33963815789473684,413,1216,0.08561959368908383,89954,0.31356199571181304,0.3667243257770137
layer4_rx16,runs/su_mimo_lmmse_umi_uma_matrix_v1/layer4_rx16/umi_normalized/lmmse_ls/bler_per_layer.csv,3.0,lmmse_ls,ls,lmmse_ls,su_mimo_phase_sensitive,-1,777000,1,/home/ahhy/projects/phase_invariant_receiver_sionna/checkpoints/generalization/umi_uma_mix_normalized/su_mimo_phase_sensitive_seed0/su_mimo_phase_sensitive_layer4_rx16_seed0.pt,130,uniform,4,16,1.0,umi_uma_mix_normalized,umi_normalized,umi,umi,,,2,0.32976973684210525,401,1216,0.0838273254751462,88071,0.303918000569027,0.3566936330114198
layer4_rx16,runs/su_mimo_lmmse_umi_uma_matrix_v1/layer4_rx16/umi_normalized/lmmse_ls/bler_per_layer.csv,3.0,lmmse_ls,ls,lmmse_ls,su_mimo_phase_sensitive,-1,777000,1,/home/ahhy/projects/phase_invariant_receiver_sionna/checkpoints/generalization/umi_uma_mix_normalized/su_mimo_phase_sensitive_seed0/su_mimo_phase_sensitive_layer4_rx16_seed0.pt,130,uniform,4,16,1.0,umi_uma_mix_normalized,umi_normalized,umi,umi,,,3,0.23519736842105263,286,1216,0.05993390594541911,62968,0.21221609882094133,0.2598464423041982
layer4_rx16,runs/su_mimo_lmmse_umi_uma_matrix_v1/layer4_rx16/umi_normalized/lmmse_ls/bler_per_layer.csv,5.0,lmmse_ls,ls,lmmse_ls,su_mimo_phase_sensitive,-1,777000,1,/home/ahhy/projects/phase_invariant_receiver_sionna/checkpoints/generalization/umi_uma_mix_normalized/su_mimo_phase_sensitive_seed0/su_mimo_phase_sensitive_layer4_rx16_seed0.pt,130,uniform,4,16,1.0,umi_uma_mix_normalized,umi_normalized,umi,umi,,,0,0.1760204081632653,276,1568,0.04312080735071806,58418,0.15796844586513745,0.1956559325360567
layer4_rx16,runs/su_mimo_lmmse_umi_uma_matrix_v1/layer4_rx16/umi_normalized/lmmse_ls/bler_per_layer.csv,5.0,lmmse_ls,ls,lmmse_ls,su_mimo_phase_sensitive,-1,777000,1,/home/ahhy/projects/phase_invariant_receiver_sionna/checkpoints/generalization/umi_uma_mix_normalized/su_mimo_phase_sensitive_seed0/su_mimo_phase_sensitive_layer4_rx16_seed0.pt,130,uniform,4,16,1.0,umi_uma_mix_normalized,umi_normalized,umi,umi,,,1,0.25956632653061223,407,1568,0.06304105843726379,85405,0.23847336546793016,0.2818344901565782
layer4_rx16,runs/su_mimo_lmmse_umi_uma_matrix_v1/layer4_rx16/umi_normalized/lmmse_ls/bler_per_layer.csv,5.0,lmmse_ls,ls,lmmse_ls,su_mimo_phase_sensitive,-1,777000,1,/home/ahhy/projects/phase_invariant_receiver_sionna/checkpoints/generalization/umi_uma_mix_normalized/su_mimo_phase_sensitive_seed0/su_mimo_phase_sensitive_layer4_rx16_seed0.pt,130,uniform,4,16,1.0,umi_uma_mix_normalized,umi_normalized,umi,umi,,,2,0.25191326530612246,395,1568,0.06213535761526833,84178,0.23105024131089646,0.2739888988427739
layer4_rx16,runs/su_mimo_lmmse_umi_uma_matrix_v1/layer4_rx16/umi_normalized/lmmse_ls/bler_per_layer.csv,5.0,lmmse_ls,ls,lmmse_ls,su_mimo_phase_sensitive,-1,777000,1,/home/ahhy/projects/phase_invariant_receiver_sionna/checkpoints/generalization/umi_uma_mix_normalized/su_mimo_phase_sensitive_seed0/su_mimo_phase_sensitive_layer4_rx16_seed0.pt,130,uniform,4,16,1.0,umi_uma_mix_normalized,umi_normalized,umi,umi,,,3,0.1836734693877551,288,1568,0.044263451908541196,59966,0.16528843238524576,0.2036046614867863
layer4_rx16,runs/su_mimo_lmmse_umi_uma_matrix_v1/layer4_rx16/umi_normalized/lmmse_ls/bler_per_layer.csv,7.0,lmmse_ls,ls,lmmse_ls,su_mimo_phase_sensitive,-1,777000,1,/home/ahhy/projects/phase_invariant_receiver_sionna/checkpoints/generalization/umi_uma_mix_normalized/su_mimo_phase_sensitive_seed0/su_mimo_phase_sensitive_layer4_rx16_seed0.pt,130,uniform,4,16,1.0,umi_uma_mix_normalized,umi_normalized,umi,umi,,,0,0.1290983606557377,252,1952,0.029761735352155434,50194,0.11494874904599268,0.14470494452429566
layer4_rx16,runs/su_mimo_lmmse_umi_uma_matrix_v1/layer4_rx16/umi_normalized/lmmse_ls/bler_per_layer.csv,7.0,lmmse_ls,ls,lmmse_ls,su_mimo_phase_sensitive,-1,777000,1,/home/ahhy/projects/phase_invariant_receiver_sionna/checkpoints/generalization/umi_uma_mix_normalized/su_mimo_phase_sensitive_seed0/su_mimo_phase_sensitive_layer4_rx16_seed0.pt,130,uniform,4,16,1.0,umi_uma_mix_normalized,umi_normalized,umi,umi,,,1,0.19620901639344263,383,1952,0.046792582156952034,78917,0.1791955938846127,0.21441578772751574
layer4_rx16,runs/su_mimo_lmmse_umi_uma_matrix_v1/layer4_rx16/umi_normalized/lmmse_ls/bler_per_layer.csv,7.0,lmmse_ls,ls,lmmse_ls,su_mimo_phase_sensitive,-1,777000,1,/home/ahhy/projects/phase_invariant_receiver_sionna/checkpoints/generalization/umi_uma_mix_normalized/su_mimo_phase_sensitive_seed0/su_mimo_phase_sensitive_layer4_rx16_seed0.pt,130,uniform,4,16,1.0,umi_uma_mix_normalized,umi_normalized,umi,umi,,,2,0.19415983606557377,379,1952,0.04552903954159077,76786,0.1772201048722891,0.2123009656545923
layer4_rx16,runs/su_mimo_lmmse_umi_uma_matrix_v1/layer4_rx16/umi_normalized/lmmse_ls/bler_per_layer.csv,7.0,lmmse_ls,ls,lmmse_ls,su_mimo_phase_sensitive,-1,777000,1,/home/ahhy/projects/phase_invariant_receiver_sionna/checkpoints/generalization/umi_uma_mix_normalized/su_mimo_phase_sensitive_seed0/su_mimo_phase_sensitive_layer4_rx16_seed0.pt,130,uniform,4,16,1.0,umi_uma_mix_normalized,umi_normalized,umi,umi,,,3,0.13319672131147542,260,1952,0.030900761801760778,52115,0.11884120559965702,0.14899311014112535
layer4_rx16,runs/su_mimo_lmmse_umi_uma_matrix_v1/layer4_rx16/umi_normalized/lmmse_ls/bler_per_layer.csv,9.0,lmmse_ls,ls,lmmse_ls,su_mimo_phase_sensitive,-1,777000,1,/home/ahhy/projects/phase_invariant_receiver_sionna/checkpoints/generalization/umi_uma_mix_normalized/su_mimo_phase_sensitive_seed0/su_mimo_phase_sensitive_layer4_rx16_seed0.pt,130,uniform,4,16,1.0,umi_uma_mix_normalized,umi_normalized,umi,umi,,,0,0.08671875,222,2560,0.020377604166666667,45072,0.07642704685700477,0.09824890952084805
layer4_rx16,runs/su_mimo_lmmse_umi_uma_matrix_v1/layer4_rx16/umi_normalized/lmmse_ls/bler_per_layer.csv,9.0,lmmse_ls,ls,lmmse_ls,su_mimo_phase_sensitive,-1,777000,1,/home/ahhy/projects/phase_invariant_receiver_sionna/checkpoints/generalization/umi_uma_mix_normalized/su_mimo_phase_sensitive_seed0/su_mimo_phase_sensitive_layer4_rx16_seed0.pt,130,uniform,4,16,1.0,umi_uma_mix_normalized,umi_normalized,umi,umi,,,1,0.14921875,382,2560,0.03446135344328704,76223,0.135942451999074,0.16354621418931153
layer4_rx16,runs/su_mimo_lmmse_umi_uma_matrix_v1/layer4_rx16/umi_normalized/lmmse_ls/bler_per_layer.csv,9.0,lmmse_ls,ls,lmmse_ls,su_mimo_phase_sensitive,-1,777000,1,/home/ahhy/projects/phase_invariant_receiver_sionna/checkpoints/generalization/umi_uma_mix_normalized/su_mimo_phase_sensitive_seed0/su_mimo_phase_sensitive_layer4_rx16_seed0.pt,130,uniform,4,16,1.0,umi_uma_mix_normalized,umi_normalized,umi,umi,,,2,0.1421875,364,2560,0.03294451678240741,72868,0.1291944637270671,0.15625277260763348
layer4_rx16,runs/su_mimo_lmmse_umi_uma_matrix_v1/layer4_rx16/umi_normalized/lmmse_ls/bler_per_layer.csv,9.0,lmmse_ls,ls,lmmse_ls,su_mimo_phase_sensitive,-1,777000,1,/home/ahhy/projects/phase_invariant_receiver_sionna/checkpoints/generalization/umi_uma_mix_normalized/su_mimo_phase_sensitive_seed0/su_mimo_phase_sensitive_layer4_rx16_seed0.pt,130,uniform,4,16,1.0,umi_uma_mix_normalized,umi_normalized,umi,umi,,,3,0.086328125,221,2560,0.019651963975694443,43467,0.07605917604934631,0.09783670089219071
layer4_rx16,runs/su_mimo_lmmse_umi_uma_matrix_v1/layer4_rx16/umi_normalized/lmmse_ls/bler_per_layer.csv,11.0,lmmse_ls,ls,lmmse_ls,su_mimo_phase_sensitive,-1,777000,1,/home/ahhy/projects/phase_invariant_receiver_sionna/checkpoints/generalization/umi_uma_mix_normalized/su_mimo_phase_sensitive_seed0/su_mimo_phase_sensitive_layer4_rx16_seed0.pt,130,uniform,4,16,1.0,umi_uma_mix_normalized,umi_normalized,umi,umi,,,0,0.06048387096774194,210,3472,0.013524532236729817,40571,0.053029914916275185,0.06890932306165544
layer4_rx16,runs/su_mimo_lmmse_umi_uma_matrix_v1/layer4_rx16/umi_normalized/lmmse_ls/bler_per_layer.csv,11.0,lmmse_ls,ls,lmmse_ls,su_mimo_phase_sensitive,-1,777000,1,/home/ahhy/projects/phase_invariant_receiver_sionna/checkpoints/generalization/umi_uma_mix_normalized/su_mimo_phase_sensitive_seed0/su_mimo_phase_sensitive_layer4_rx16_seed0.pt,130,uniform,4,16,1.0,umi_uma_mix_normalized,umi_normalized,umi,umi,,,1,0.10685483870967742,371,3472,0.023933198391363715,71795,0.0970100140942063,0.11756866207871329
layer4_rx16,runs/su_mimo_lmmse_umi_uma_matrix_v1/layer4_rx16/umi_normalized/lmmse_ls/bler_per_layer.csv,11.0,lmmse_ls,ls,lmmse_ls,su_mimo_phase_sensitive,-1,777000,1,/home/ahhy/projects/phase_invariant_receiver_sionna/checkpoints/generalization/umi_uma_mix_normalized/su_mimo_phase_sensitive_seed0/su_mimo_phase_sensitive_layer4_rx16_seed0.pt,130,uniform,4,16,1.0,umi_uma_mix_normalized,umi_normalized,umi,umi,,,2,0.1016705069124424,353,3472,0.022813460061443934,68436,0.09205416440350515,0.11216730749916722
layer4_rx16,runs/su_mimo_lmmse_umi_uma_matrix_v1/layer4_rx16/umi_normalized/lmmse_ls/bler_per_layer.csv,11.0,lmmse_ls,ls,lmmse_ls,su_mimo_phase_sensitive,-1,777000,1,/home/ahhy/projects/phase_invariant_receiver_sionna/checkpoints/generalization/umi_uma_mix_normalized/su_mimo_phase_sensitive_seed0/su_mimo_phase_sensitive_layer4_rx16_seed0.pt,130,uniform,4,16,1.0,umi_uma_mix_normalized,umi_normalized,umi,umi,,,3,0.0576036866359447,200,3472,0.013077503626898789,39230,0.050331513011476064,0.06585372259409498
layer4_rx16,runs/su_mimo_lmmse_umi_uma_matrix_v1/layer4_rx16/umi_normalized/lmmse_ls/bler_per_layer.csv,13.0,lmmse_ls,ls,lmmse_ls,su_mimo_phase_sensitive,-1,777000,1,/home/ahhy/projects/phase_invariant_receiver_sionna/checkpoints/generalization/umi_uma_mix_normalized/su_mimo_phase_sensitive_seed0/su_mimo_phase_sensitive_layer4_rx16_seed0.pt,130,uniform,4,16,1.0,umi_uma_mix_normalized,umi_normalized,umi,umi,,,0,0.037096774193548385,184,4960,0.007616954151732378,32642,0.03218508646354291,0.04272493270315222
layer4_rx16,runs/su_mimo_lmmse_umi_uma_matrix_v1/layer4_rx16/umi_normalized/lmmse_ls/bler_per_layer.csv,13.0,lmmse_ls,ls,lmmse_ls,su_mimo_phase_sensitive,-1,777000,1,/home/ahhy/projects/phase_invariant_receiver_sionna/checkpoints/generalization/umi_uma_mix_normalized/su_mimo_phase_sensitive_seed0/su_mimo_phase_sensitive_layer4_rx16_seed0.pt,130,uniform,4,16,1.0,umi_uma_mix_normalized,umi_normalized,umi,umi,,,1,0.06995967741935484,347,4960,0.015616832810633214,66925,0.06318867538169086,0.07739628580409345
layer4_rx16,runs/su_mimo_lmmse_umi_uma_matrix_v1/layer4_rx16/umi_normalized/lmmse_ls/bler_per_layer.csv,13.0,lmmse_ls,ls,lmmse_ls,su_mimo_phase_sensitive,-1,777000,1,/home/ahhy/projects/phase_invariant_receiver_sionna/checkpoints/generalization/umi_uma_mix_normalized/su_mimo_phase_sensitive_seed0/su_mimo_phase_sensitive_layer4_rx16_seed0.pt,130,uniform,4,16,1.0,umi_uma_mix_normalized,umi_normalized,umi,umi,,,2,0.06673387096774193,331,4960,0.01442185633213859,61804,0.06011859172003365,0.07401974939025723
layer4_rx16,runs/su_mimo_lmmse_umi_uma_matrix_v1/layer4_rx16/umi_normalized/lmmse_ls/bler_per_layer.csv,13.0,lmmse_ls,ls,lmmse_ls,su_mimo_phase_sensitive,-1,777000,1,/home/ahhy/projects/phase_invariant_receiver_sionna/checkpoints/generalization/umi_uma_mix_normalized/su_mimo_phase_sensitive_seed0/su_mimo_phase_sensitive_layer4_rx16_seed0.pt,130,uniform,4,16,1.0,umi_uma_mix_normalized,umi_normalized,umi,umi,,,3,0.03205645161290323,159,4960,0.0070298499103942655,30126,0.027504933689553677,0.03733224160918299
layer4_rx16,runs/su_mimo_lmmse_umi_uma_matrix_v1/layer4_rx16/umi_normalized/lmmse_perfect/bler_per_layer.csv,3.0,lmmse_perfect,perfect,lmmse_perfect,su_mimo_phase_sensitive,-1,777000,1,/home/ahhy/projects/phase_invariant_receiver_sionna/checkpoints/generalization/umi_uma_mix_normalized/su_mimo_phase_sensitive_seed0/su_mimo_phase_sensitive_layer4_rx16_seed0.pt,130,uniform,4,16,1.0,umi_uma_mix_normalized,umi_normalized,umi,umi,,,0,0.09224397590361445,245,2656,0.018363819862784472,42141,0.08182012910863855,0.10384562069873939
layer4_rx16,runs/su_mimo_lmmse_umi_uma_matrix_v1/layer4_rx16/umi_normalized/lmmse_perfect/bler_per_layer.csv,3.0,lmmse_perfect,perfect,lmmse_perfect,su_mimo_phase_sensitive,-1,777000,1,/home/ahhy/projects/phase_invariant_receiver_sionna/checkpoints/generalization/umi_uma_mix_normalized/su_mimo_phase_sensitive_seed0/su_mimo_phase_sensitive_layer4_rx16_seed0.pt,130,uniform,4,16,1.0,umi_uma_mix_normalized,umi_normalized,umi,umi,,,1,0.1404367469879518,373,2656,0.027471866633199466,63042,0.12774201843908575,0.15417006934119673
layer4_rx16,runs/su_mimo_lmmse_umi_uma_matrix_v1/layer4_rx16/umi_normalized/lmmse_perfect/bler_per_layer.csv,3.0,lmmse_perfect,perfect,lmmse_perfect,su_mimo_phase_sensitive,-1,777000,1,/home/ahhy/projects/phase_invariant_receiver_sionna/checkpoints/generalization/umi_uma_mix_normalized/su_mimo_phase_sensitive_seed0/su_mimo_phase_sensitive_layer4_rx16_seed0.pt,130,uniform,4,16,1.0,umi_uma_mix_normalized,umi_normalized,umi,umi,,,2,0.1378012048192771,366,2656,0.026656975122713075,61172,0.12521449699777448,0.15143411917461475
layer4_rx16,runs/su_mimo_lmmse_umi_uma_matrix_v1/layer4_rx16/umi_normalized/lmmse_perfect/bler_per_layer.csv,3.0,lmmse_perfect,perfect,lmmse_perfect,su_mimo_phase_sensitive,-1,777000,1,/home/ahhy/projects/phase_invariant_receiver_sionna/checkpoints/generalization/umi_uma_mix_normalized/su_mimo_phase_sensitive_seed0/su_mimo_phase_sensitive_layer4_rx16_seed0.pt,130,uniform,4,16,1.0,umi_uma_mix_normalized,umi_normalized,umi,umi,,,3,0.09186746987951808,244,2656,0.018107586596385544,41553,0.0814642988569191,0.10344952643504553
layer4_rx16,runs/su_mimo_lmmse_umi_uma_matrix_v1/layer4_rx16/umi_normalized/lmmse_perfect/bler_per_layer.csv,5.0,lmmse_perfect,perfect,lmmse_perfect,su_mimo_phase_sensitive,-1,777000,1,/home/ahhy/projects/phase_invariant_receiver_sionna/checkpoints/generalization/umi_uma_mix_normalized/su_mimo_phase_sensitive_seed0/su_mimo_phase_sensitive_layer4_rx16_seed0.pt,130,uniform,4,16,1.0,umi_uma_mix_normalized,umi_normalized,umi,umi,,,0,0.0625,228,3648,0.0116334038945744,36667,0.05509586940618789,0.0708245638891811
layer4_rx16,runs/su_mimo_lmmse_umi_uma_matrix_v1/layer4_rx16/umi_normalized/lmmse_perfect/bler_per_layer.csv,5.0,lmmse_perfect,perfect,lmmse_perfect,su_mimo_phase_sensitive,-1,777000,1,/home/ahhy/projects/phase_invariant_receiver_sionna/checkpoints/generalization/umi_uma_mix_normalized/su_mimo_phase_sensitive_seed0/su_mimo_phase_sensitive_layer4_rx16_seed0.pt,130,uniform,4,16,1.0,umi_uma_mix_normalized,umi_normalized,umi,umi,,,1,0.0962171052631579,351,3648,0.018692700718810917,58917,0.08706819001908668,0.10621551815389484
layer4_rx16,runs/su_mimo_lmmse_umi_uma_matrix_v1/layer4_rx16/umi_normalized/lmmse_perfect/bler_per_layer.csv,5.0,lmmse_perfect,perfect,lmmse_perfect,su_mimo_phase_sensitive,-1,777000,1,/home/ahhy/projects/phase_invariant_receiver_sionna/checkpoints/generalization/umi_uma_mix_normalized/su_mimo_phase_sensitive_seed0/su_mimo_phase_sensitive_layer4_rx16_seed0.pt,130,uniform,4,16,1.0,umi_uma_mix_normalized,umi_normalized,umi,umi,,,2,0.09347587719298246,341,3648,0.01724435510071475,54352,0.08445253448290739,0.10335448467563409
layer4_rx16,runs/su_mimo_lmmse_umi_uma_matrix_v1/layer4_rx16/umi_normalized/lmmse_perfect/bler_per_layer.csv,5.0,lmmse_perfect,perfect,lmmse_perfect,su_mimo_phase_sensitive,-1,777000,1,/home/ahhy/projects/phase_invariant_receiver_sionna/checkpoints/generalization/umi_uma_mix_normalized/su_mimo_phase_sensitive_seed0/su_mimo_phase_sensitive_layer4_rx16_seed0.pt,130,uniform,4,16,1.0,umi_uma_mix_normalized,umi_normalized,umi,umi,,,3,0.057291666666666664,209,3648,0.010980775869070826,34610,0.05020550325835733,0.06530922090957555
layer4_rx16,runs/su_mimo_lmmse_umi_uma_matrix_v1/layer4_rx16/umi_normalized/lmmse_perfect/bler_per_layer.csv,7.0,lmmse_perfect,perfect,lmmse_perfect,su_mimo_phase_sensitive,-1,777000,1,/home/ahhy/projects/phase_invariant_receiver_sionna/checkpoints/generalization/umi_uma_mix_normalized/su_mimo_phase_sensitive_seed0/su_mimo_phase_sensitive_layer4_rx16_seed0.pt,130,uniform,4,16,1.0,umi_uma_mix_normalized,umi_normalized,umi,umi,,,0,0.038547904191616765,206,5344,0.006628236582390774,30604,0.033709054760163545,0.04404969370363167
layer4_rx16,runs/su_mimo_lmmse_umi_uma_matrix_v1/layer4_rx16/umi_normalized/lmmse_perfect/bler_per_layer.csv,7.0,lmmse_perfect,perfect,lmmse_perfect,su_mimo_phase_sensitive,-1,777000,1,/home/ahhy/projects/phase_invariant_receiver_sionna/checkpoints/generalization/umi_uma_mix_normalized/su_mimo_phase_sensitive_seed0/su_mimo_phase_sensitive_layer4_rx16_seed0.pt,130,uniform,4,16,1.0,umi_uma_mix_normalized,umi_normalized,umi,umi,,,1,0.06568113772455089,351,5344,0.011792170866600133,54447,0.059346423916365,0.07263981095162717
layer4_rx16,runs/su_mimo_lmmse_umi_uma_matrix_v1/layer4_rx16/umi_normalized/lmmse_perfect/bler_per_layer.csv,7.0,lmmse_perfect,perfect,lmmse_perfect,su_mimo_phase_sensitive,-1,777000,1,/home/ahhy/projects/phase_invariant_receiver_sionna/checkpoints/generalization/umi_uma_mix_normalized/su_mimo_phase_sensitive_seed0/su_mimo_phase_sensitive_layer4_rx16_seed0.pt,130,uniform,4,16,1.0,umi_uma_mix_normalized,umi_normalized,umi,umi,,,2,0.06044161676646707,323,5344,0.010962233519072965,50615,0.05436268037862891,0.0671520398733804
layer4_rx16,runs/su_mimo_lmmse_umi_uma_matrix_v1/layer4_rx16/umi_normalized/lmmse_perfect/bler_per_layer.csv,7.0,lmmse_perfect,perfect,lmmse_perfect,su_mimo_phase_sensitive,-1,777000,1,/home/ahhy/projects/phase_invariant_receiver_sionna/checkpoints/generalization/umi_uma_mix_normalized/su_mimo_phase_sensitive_seed0/su_mimo_phase_sensitive_layer4_rx16_seed0.pt,130,uniform,4,16,1.0,umi_uma_mix_normalized,umi_normalized,umi,umi,,,3,0.03574101796407186,191,5344,0.0063919470087602575,29513,0.03108781321726446,0.04106119527368281
layer4_rx16,runs/su_mimo_lmmse_umi_uma_matrix_v1/layer4_rx16/umi_normalized/lmmse_perfect/bler_per_layer.csv,9.0,lmmse_perfect,perfect,lmmse_perfect,su_mimo_phase_sensitive,-1,777000,1,/home/ahhy/projects/phase_invariant_receiver_sionna/checkpoints/generalization/umi_uma_mix_normalized/su_mimo_phase_sensitive_seed0/su_mimo_phase_sensitive_layer4_rx16_seed0.pt,130,uniform,4,16,1.0,umi_uma_mix_normalized,umi_normalized,umi,umi,,,0,0.02066929133858268,168,8128,0.0033883500565033537,23795,0.017795150085203222,0.023996301524083198
layer4_rx16,runs/su_mimo_lmmse_umi_uma_matrix_v1/layer4_rx16/umi_normalized/lmmse_perfect/bler_per_layer.csv,9.0,lmmse_perfect,perfect,lmmse_perfect,su_mimo_phase_sensitive,-1,777000,1,/home/ahhy/projects/phase_invariant_receiver_sionna/checkpoints/generalization/umi_uma_mix_normalized/su_mimo_phase_sensitive_seed0/su_mimo_phase_sensitive_layer4_rx16_seed0.pt,130,uniform,4,16,1.0,umi_uma_mix_normalized,umi_normalized,umi,umi,,,1,0.04232283464566929,344,8128,0.00716231271872266,50298,0.038157971291995336,0.04692010878668678
layer4_rx16,runs/su_mimo_lmmse_umi_uma_matrix_v1/layer4_rx16/umi_normalized/lmmse_perfect/bler_per_layer.csv,9.0,lmmse_perfect,perfect,lmmse_perfect,su_mimo_phase_sensitive,-1,777000,1,/home/ahhy/projects/phase_invariant_receiver_sionna/checkpoints/generalization/umi_uma_mix_normalized/su_mimo_phase_sensitive_seed0/su_mimo_phase_sensitive_layer4_rx16_seed0.pt,130,uniform,4,16,1.0,umi_uma_mix_normalized,umi_normalized,umi,umi,,,2,0.038385826771653545,312,8128,0.00668841362277632,46970,0.03442240372168176,0.04278538027165568
layer4_rx16,runs/su_mimo_lmmse_umi_uma_matrix_v1/layer4_rx16/umi_normalized/lmmse_perfect/bler_per_layer.csv,9.0,lmmse_perfect,perfect,lmmse_perfect,su_mimo_phase_sensitive,-1,777000,1,/home/ahhy/projects/phase_invariant_receiver_sionna/checkpoints/generalization/umi_uma_mix_normalized/su_mimo_phase_sensitive_seed0/su_mimo_phase_sensitive_layer4_rx16_seed0.pt,130,uniform,4,16,1.0,umi_uma_mix_normalized,umi_normalized,umi,umi,,,3,0.0203001968503937,165,8128,0.0033279734889909594,23371,0.017453300672798516,0.023600310678486836
layer4_rx16,runs/su_mimo_lmmse_umi_uma_matrix_v1/layer4_rx16/umi_normalized/lmmse_perfect/bler_per_layer.csv,11.0,lmmse_perfect,perfect,lmmse_perfect,su_mimo_phase_sensitive,-1,777000,1,/home/ahhy/projects/phase_invariant_receiver_sionna/checkpoints/generalization/umi_uma_mix_normalized/su_mimo_phase_sensitive_seed0/su_mimo_phase_sensitive_layer4_rx16_seed0.pt,130,uniform,4,16,1.0,umi_uma_mix_normalized,umi_normalized,umi,umi,,,0,0.009839420654911838,125,12704,0.0015522597140591474,17038,0.00826507843854841,0.011710104572921971
layer4_rx16,runs/su_mimo_lmmse_umi_uma_matrix_v1/layer4_rx16/umi_normalized/lmmse_perfect/bler_per_layer.csv,11.0,lmmse_perfect,perfect,lmmse_perfect,su_mimo_phase_sensitive,-1,777000,1,/home/ahhy/projects/phase_invariant_receiver_sionna/checkpoints/generalization/umi_uma_mix_normalized/su_mimo_phase_sensitive_seed0/su_mimo_phase_sensitive_layer4_rx16_seed0.pt,130,uniform,4,16,1.0,umi_uma_mix_normalized,umi_normalized,umi,umi,,,1,0.02605478589420655,331,12704,0.004319050138772274,47407,0.023424712613425346,0.02897139737727053
layer4_rx16,runs/su_mimo_lmmse_umi_uma_matrix_v1/layer4_rx16/umi_normalized/lmmse_perfect/bler_per_layer.csv,11.0,lmmse_perfect,perfect,lmmse_perfect,su_mimo_phase_sensitive,-1,777000,1,/home/ahhy/projects/phase_invariant_receiver_sionna/checkpoints/generalization/umi_uma_mix_normalized/su_mimo_phase_sensitive_seed0/su_mimo_phase_sensitive_layer4_rx16_seed0.pt,130,uniform,4,16,1.0,umi_uma_mix_normalized,umi_normalized,umi,umi,,,2,0.025031486146095717,318,12704,0.004159250658876761,45653,0.022455140742380142,0.027894988419529657
layer4_rx16,runs/su_mimo_lmmse_umi_uma_matrix_v1/layer4_rx16/umi_normalized/lmmse_perfect/bler_per_layer.csv,11.0,lmmse_perfect,perfect,lmmse_perfect,su_mimo_phase_sensitive,-1,777000,1,/home/ahhy/projects/phase_invariant_receiver_sionna/checkpoints/generalization/umi_uma_mix_normalized/su_mimo_phase_sensitive_seed0/su_mimo_phase_sensitive_layer4_rx16_seed0.pt,130,uniform,4,16,1.0,umi_uma_mix_normalized,umi_normalized,umi,umi,,,3,0.010311712846347607,131,12704,0.0017597986052803433,19316,0.008697100459235262,0.012222381396290232
layer4_rx16,runs/su_mimo_lmmse_umi_uma_matrix_v1/layer4_rx16/umi_normalized/lmmse_perfect/bler_per_layer.csv,13.0,lmmse_perfect,perfect,lmmse_perfect,su_mimo_phase_sensitive,-1,777000,1,/home/ahhy/projects/phase_invariant_receiver_sionna/checkpoints/generalization/umi_uma_mix_normalized/su_mimo_phase_sensitive_seed0/su_mimo_phase_sensitive_layer4_rx16_seed0.pt,130,uniform,4,16,1.0,umi_uma_mix_normalized,umi_normalized,umi,umi,,,0,0.00445,89,20000,0.0006727430555555556,11625,0.0036179020474892405,0.005472424887716054
layer4_rx16,runs/su_mimo_lmmse_umi_uma_matrix_v1/layer4_rx16/umi_normalized/lmmse_perfect/bler_per_layer.csv,13.0,lmmse_perfect,perfect,lmmse_perfect,su_mimo_phase_sensitive,-1,777000,1,/home/ahhy/projects/phase_invariant_receiver_sionna/checkpoints/generalization/umi_uma_mix_normalized/su_mimo_phase_sensitive_seed0/su_mimo_phase_sensitive_layer4_rx16_seed0.pt,130,uniform,4,16,1.0,umi_uma_mix_normalized,umi_normalized,umi,umi,,,1,0.0149,298,20000,0.0022593171296296298,39041,0.013311674761033288,0.01667463862059942
layer4_rx16,runs/su_mimo_lmmse_umi_uma_matrix_v1/layer4_rx16/umi_normalized/lmmse_perfect/bler_per_layer.csv,13.0,lmmse_perfect,perfect,lmmse_perfect,su_mimo_phase_sensitive,-1,777000,1,/home/ahhy/projects/phase_invariant_receiver_sionna/checkpoints/generalization/umi_uma_mix_normalized/su_mimo_phase_sensitive_seed0/su_mimo_phase_sensitive_layer4_rx16_seed0.pt,130,uniform,4,16,1.0,umi_uma_mix_normalized,umi_normalized,umi,umi,,,2,0.01385,277,20000,0.0022130787037037036,38242,0.012321144311287308,0.01556557234606322
layer4_rx16,runs/su_mimo_lmmse_umi_uma_matrix_v1/layer4_rx16/umi_normalized/lmmse_perfect/bler_per_layer.csv,13.0,lmmse_perfect,perfect,lmmse_perfect,su_mimo_phase_sensitive,-1,777000,1,/home/ahhy/projects/phase_invariant_receiver_sionna/checkpoints/generalization/umi_uma_mix_normalized/su_mimo_phase_sensitive_seed0/su_mimo_phase_sensitive_layer4_rx16_seed0.pt,130,uniform,4,16,1.0,umi_uma_mix_normalized,umi_normalized,umi,umi,,,3,0.0047,94,20000,0.0007641782407407407,13205,0.0038425534723247807,0.005747677444852461
layer4_rx16,runs/su_mimo_lmmse_umi_uma_matrix_v1/layer4_rx16/uma_normalized/lmmse_ls/bler_per_layer.csv,3.0,lmmse_ls,ls,lmmse_ls,su_mimo_phase_sensitive,-1,777000,1,/home/ahhy/projects/phase_invariant_receiver_sionna/checkpoints/generalization/umi_uma_mix_normalized/su_mimo_phase_sensitive_seed0/su_mimo_phase_sensitive_layer4_rx16_seed0.pt,130,uniform,4,16,1.0,umi_uma_mix_normalized,uma_normalized,uma,uma,,,0,0.12546641791044777,269,2144,0.0298782778814262,55347,0.11211153581252035,0.14016102210625672
layer4_rx16,runs/su_mimo_lmmse_umi_uma_matrix_v1/layer4_rx16/uma_normalized/lmmse_ls/bler_per_layer.csv,3.0,lmmse_ls,ls,lmmse_ls,su_mimo_phase_sensitive,-1,777000,1,/home/ahhy/projects/phase_invariant_receiver_sionna/checkpoints/generalization/umi_uma_mix_normalized/su_mimo_phase_sensitive_seed0/su_mimo_phase_sensitive_layer4_rx16_seed0.pt,130,uniform,4,16,1.0,umi_uma_mix_normalized,uma_normalized,uma,uma,,,1,0.16977611940298507,364,2144,0.041011306315644,75970,0.1544782224493133,0.18625524082153871
layer4_rx16,runs/su_mimo_lmmse_umi_uma_matrix_v1/layer4_rx16/uma_normalized/lmmse_ls/bler_per_layer.csv,3.0,lmmse_ls,ls,lmmse_ls,su_mimo_phase_sensitive,-1,777000,1,/home/ahhy/projects/phase_invariant_receiver_sionna/checkpoints/generalization/umi_uma_mix_normalized/su_mimo_phase_sensitive_seed0/su_mimo_phase_sensitive_layer4_rx16_seed0.pt,130,uniform,4,16,1.0,umi_uma_mix_normalized,uma_normalized,uma,uma,,,2,0.16930970149253732,363,2144,0.040490904850746266,75006,0.1540299672203818,0.18577232862571152
layer4_rx16,runs/su_mimo_lmmse_umi_uma_matrix_v1/layer4_rx16/uma_normalized/lmmse_ls/bler_per_layer.csv,3.0,lmmse_ls,ls,lmmse_ls,su_mimo_phase_sensitive,-1,777000,1,/home/ahhy/projects/phase_invariant_receiver_sionna/checkpoints/generalization/umi_uma_mix_normalized/su_mimo_phase_sensitive_seed0/su_mimo_phase_sensitive_layer4_rx16_seed0.pt,130,uniform,4,16,1.0,umi_uma_mix_normalized,uma_normalized,uma,uma,,,3,0.13152985074626866,282,2144,0.03155932576699834,58461,0.11788024852977184,0.1464974859108681
layer4_rx16,runs/su_mimo_lmmse_umi_uma_matrix_v1/layer4_rx16/uma_normalized/lmmse_ls/bler_per_layer.csv,5.0,lmmse_ls,ls,lmmse_ls,su_mimo_phase_sensitive,-1,777000,1,/home/ahhy/projects/phase_invariant_receiver_sionna/checkpoints/generalization/umi_uma_mix_normalized/su_mimo_phase_sensitive_seed0/su_mimo_phase_sensitive_layer4_rx16_seed0.pt,130,uniform,4,16,1.0,umi_uma_mix_normalized,uma_normalized,uma,uma,,,0,0.09409340659340659,274,2912,0.02252969831094831,56684,0.084017571761242,0.1052387601121258
layer4_rx16,runs/su_mimo_lmmse_umi_uma_matrix_v1/layer4_rx16/uma_normalized/lmmse_ls/bler_per_layer.csv,5.0,lmmse_ls,ls,lmmse_ls,su_mimo_phase_sensitive,-1,777000,1,/home/ahhy/projects/phase_invariant_receiver_sionna/checkpoints/generalization/umi_uma_mix_normalized/su_mimo_phase_sensitive_seed0/su_mimo_phase_sensitive_layer4_rx16_seed0.pt,130,uniform,4,16,1.0,umi_uma_mix_normalized,uma_normalized,uma,uma,,,1,0.12980769230769232,378,2912,0.031236088853276354,78589,0.1180866621182975,0.1425041380166353
layer4_rx16,runs/su_mimo_lmmse_umi_uma_matrix_v1/layer4_rx16/uma_normalized/lmmse_ls/bler_per_layer.csv,5.0,lmmse_ls,ls,lmmse_ls,su_mimo_phase_sensitive,-1,777000,1,/home/ahhy/projects/phase_invariant_receiver_sionna/checkpoints/generalization/umi_uma_mix_normalized/su_mimo_phase_sensitive_seed0/su_mimo_phase_sensitive_layer4_rx16_seed0.pt,130,uniform,4,16,1.0,umi_uma_mix_normalized,uma_normalized,uma,uma,,,2,0.12568681318681318,366,2912,0.030899439102564104,77742,0.11413766341830547,0.13822223653260055
layer4_rx16,runs/su_mimo_lmmse_umi_uma_matrix_v1/layer4_rx16/uma_normalized/lmmse_ls/bler_per_layer.csv,5.0,lmmse_ls,ls,lmmse_ls,su_mimo_phase_sensitive,-1,777000,1,/home/ahhy/projects/phase_invariant_receiver_sionna/checkpoints/generalization/umi_uma_mix_normalized/su_mimo_phase_sensitive_seed0/su_mimo_phase_sensitive_layer4_rx16_seed0.pt,130,uniform,4,16,1.0,umi_uma_mix_normalized,uma_normalized,uma,uma,,,3,0.09787087912087912,285,2912,0.023730826465201464,59706,0.08760248194316018,0.10919884176556542
layer4_rx16,runs/su_mimo_lmmse_umi_uma_matrix_v1/layer4_rx16/uma_normalized/lmmse_ls/bler_per_layer.csv,7.0,lmmse_ls,ls,lmmse_ls,su_mimo_phase_sensitive,-1,777000,1,/home/ahhy/projects/phase_invariant_receiver_sionna/checkpoints/generalization/umi_uma_mix_normalized/su_mimo_phase_sensitive_seed0/su_mimo_phase_sensitive_layer4_rx16_seed0.pt,130,uniform,4,16,1.0,umi_uma_mix_normalized,uma_normalized,uma,uma,,,0,0.0700107296137339,261,3728,0.016934534453981877,54546,0.06225471348585346,0.0786519848889661
layer4_rx16,runs/su_mimo_lmmse_umi_uma_matrix_v1/layer4_rx16/uma_normalized/lmmse_ls/bler_per_layer.csv,7.0,lmmse_ls,ls,lmmse_ls,su_mimo_phase_sensitive,-1,777000,1,/home/ahhy/projects/phase_invariant_receiver_sionna/checkpoints/generalization/umi_uma_mix_normalized/su_mimo_phase_sensitive_seed0/su_mimo_phase_sensitive_layer4_rx16_seed0.pt,130,uniform,4,16,1.0,umi_uma_mix_normalized,uma_normalized,uma,uma,,,1,0.09978540772532189,372,3728,0.023957836591956765,77168,0.0905725885052208,0.10982216756167303
layer4_rx16,runs/su_mimo_lmmse_umi_uma_matrix_v1/layer4_rx16/uma_normalized/lmmse_ls/bler_per_layer.csv,7.0,lmmse_ls,ls,lmmse_ls,su_mimo_phase_sensitive,-1,777000,1,/home/ahhy/projects/phase_invariant_receiver_sionna/checkpoints/generalization/umi_uma_mix_normalized/su_mimo_phase_sensitive_seed0/su_mimo_phase_sensitive_layer4_rx16_seed0.pt,130,uniform,4,16,1.0,umi_uma_mix_normalized,uma_normalized,uma,uma,,,2,0.0992489270386266,370,3728,0.024019308337307265,77366,0.09005964224097311,0.10926325693056803
layer4_rx16,runs/su_mimo_lmmse_umi_uma_matrix_v1/layer4_rx16/uma_normalized/lmmse_ls/bler_per_layer.csv,7.0,lmmse_ls,ls,lmmse_ls,su_mimo_phase_sensitive,-1,777000,1,/home/ahhy/projects/phase_invariant_receiver_sionna/checkpoints/generalization/umi_uma_mix_normalized/su_mimo_phase_sensitive_seed0/su_mimo_phase_sensitive_layer4_rx16_seed0.pt,130,uniform,4,16,1.0,umi_uma_mix_normalized,uma_normalized,uma,uma,,,3,0.07537553648068669,281,3728,0.017209915454617707,55433,0.06733134368402027,0.0842939236443262
layer4_rx16,runs/su_mimo_lmmse_umi_uma_matrix_v1/layer4_rx16/uma_normalized/lmmse_ls/bler_per_layer.csv,9.0,lmmse_ls,ls,lmmse_ls,su_mimo_phase_sensitive,-1,777000,1,/home/ahhy/projects/phase_invariant_receiver_sionna/checkpoints/generalization/umi_uma_mix_normalized/su_mimo_phase_sensitive_seed0/su_mimo_phase_sensitive_layer4_rx16_seed0.pt,130,uniform,4,16,1.0,umi_uma_mix_normalized,uma_normalized,uma,uma,,,0,0.05460750853242321,256,4688,0.012747282265200353,51632,0.04846052897594056,0.061483820880747074
layer4_rx16,runs/su_mimo_lmmse_umi_uma_matrix_v1/layer4_rx16/uma_normalized/lmmse_ls/bler_per_layer.csv,9.0,lmmse_ls,ls,lmmse_ls,su_mimo_phase_sensitive,-1,777000,1,/home/ahhy/projects/phase_invariant_receiver_sionna/checkpoints/generalization/umi_uma_mix_normalized/su_mimo_phase_sensitive_seed0/su_mimo_phase_sensitive_layer4_rx16_seed0.pt,130,uniform,4,16,1.0,umi_uma_mix_normalized,uma_normalized,uma,uma,,,1,0.07935153583617748,372,4688,0.018859222917456706,76388,0.07195433443809918,0.08743755153766136
layer4_rx16,runs/su_mimo_lmmse_umi_uma_matrix_v1/layer4_rx16/uma_normalized/lmmse_ls/bler_per_layer.csv,9.0,lmmse_ls,ls,lmmse_ls,su_mimo_phase_sensitive,-1,777000,1,/home/ahhy/projects/phase_invariant_receiver_sionna/checkpoints/generalization/umi_uma_mix_normalized/su_mimo_phase_sensitive_seed0/su_mimo_phase_sensitive_layer4_rx16_seed0.pt,130,uniform,4,16,1.0,umi_uma_mix_normalized,uma_normalized,uma,uma,,,2,0.07956484641638226,373,4688,0.019258439593603842,78005,0.07215799662129961,0.08766016121755639
layer4_rx16,runs/su_mimo_lmmse_umi_uma_matrix_v1/layer4_rx16/uma_normalized/lmmse_ls/bler_per_layer.csv,9.0,lmmse_ls,ls,lmmse_ls,su_mimo_phase_sensitive,-1,777000,1,/home/ahhy/projects/phase_invariant_receiver_sionna/checkpoints/generalization/umi_uma_mix_normalized/su_mimo_phase_sensitive_seed0/su_mimo_phase_sensitive_layer4_rx16_seed0.pt,130,uniform,4,16,1.0,umi_uma_mix_normalized,uma_normalized,uma,uma,,,3,0.05418088737201365,254,4688,0.012944545174440653,52431,0.048058184663079685,0.06103362146741704
layer4_rx16,runs/su_mimo_lmmse_umi_uma_matrix_v1/layer4_rx16/uma_normalized/lmmse_ls/bler_per_layer.csv,11.0,lmmse_ls,ls,lmmse_ls,su_mimo_phase_sensitive,-1,777000,1,/home/ahhy/projects/phase_invariant_receiver_sionna/checkpoints/generalization/umi_uma_mix_normalized/su_mimo_phase_sensitive_seed0/su_mimo_phase_sensitive_layer4_rx16_seed0.pt,130,uniform,4,16,1.0,umi_uma_mix_normalized,uma_normalized,uma,uma,,,0,0.04315068493150685,252,5840,0.009785443619989852,49375,0.03823262574967125,0.04866936541474652
layer4_rx16,runs/su_mimo_lmmse_umi_uma_matrix_v1/layer4_rx16/uma_normalized/lmmse_ls/bler_per_layer.csv,11.0,lmmse_ls,ls,lmmse_ls,su_mimo_phase_sensitive,-1,777000,1,/home/ahhy/projects/phase_invariant_receiver_sionna/checkpoints/generalization/umi_uma_mix_normalized/su_mimo_phase_sensitive_seed0/su_mimo_phase_sensitive_layer4_rx16_seed0.pt,130,uniform,4,16,1.0,umi_uma_mix_normalized,uma_normalized,uma,uma,,,1,0.06455479452054795,377,5840,0.015520952245053272,78315,0.05853407560131191,0.07114799468771146
layer4_rx16,runs/su_mimo_lmmse_umi_uma_matrix_v1/layer4_rx16/uma_normalized/lmmse_ls/bler_per_layer.csv,11.0,lmmse_ls,ls,lmmse_ls,su_mimo_phase_sensitive,-1,777000,1,/home/ahhy/projects/phase_invariant_receiver_sionna/checkpoints/generalization/umi_uma_mix_normalized/su_mimo_phase_sensitive_seed0/su_mimo_phase_sensitive_layer4_rx16_seed0.pt,130,uniform,4,16,1.0,umi_uma_mix_normalized,uma_normalized,uma,uma,,,2,0.06404109589041096,374,5840,0.015443065068493151,77922,0.058044070467019274,0.07061127792301357
layer4_rx16,runs/su_mimo_lmmse_umi_uma_matrix_v1/layer4_rx16/uma_normalized/lmmse_ls/bler_per_layer.csv,11.0,lmmse_ls,ls,lmmse_ls,su_mimo_phase_sensitive,-1,777000,1,/home/ahhy/projects/phase_invariant_receiver_sionna/checkpoints/generalization/umi_uma_mix_normalized/su_mimo_phase_sensitive_seed0/su_mimo_phase_sensitive_layer4_rx16_seed0.pt,130,uniform,4,16,1.0,umi_uma_mix_normalized,uma_normalized,uma,uma,,,3,0.04366438356164384,255,5840,0.010249992072552004,51719,0.03871654309383692,0.049212169969571375
layer4_rx16,runs/su_mimo_lmmse_umi_uma_matrix_v1/layer4_rx16/uma_normalized/lmmse_ls/bler_per_layer.csv,13.0,lmmse_ls,ls,lmmse_ls,su_mimo_phase_sensitive,-1,777000,1,/home/ahhy/projects/phase_invariant_receiver_sionna/checkpoints/generalization/umi_uma_mix_normalized/su_mimo_phase_sensitive_seed0/su_mimo_phase_sensitive_layer4_rx16_seed0.pt,130,uniform,4,16,1.0,umi_uma_mix_normalized,uma_normalized,uma,uma,,,0,0.034593023255813954,238,6880,0.008263182332041343,49119,0.030527932740308746,0.03917754518086613
layer4_rx16,runs/su_mimo_lmmse_umi_uma_matrix_v1/layer4_rx16/uma_normalized/lmmse_ls/bler_per_layer.csv,13.0,lmmse_ls,ls,lmmse_ls,su_mimo_phase_sensitive,-1,777000,1,/home/ahhy/projects/phase_invariant_receiver_sionna/checkpoints/generalization/umi_uma_mix_normalized/su_mimo_phase_sensitive_seed0/su_mimo_phase_sensitive_layer4_rx16_seed0.pt,130,uniform,4,16,1.0,umi_uma_mix_normalized,uma_normalized,uma,uma,,,1,0.05494186046511628,378,6880,0.013523161606373816,80386,0.049801627744688805,0.06057881366525419
layer4_rx16,runs/su_mimo_lmmse_umi_uma_matrix_v1/layer4_rx16/uma_normalized/lmmse_ls/bler_per_layer.csv,13.0,lmmse_ls,ls,lmmse_ls,su_mimo_phase_sensitive,-1,777000,1,/home/ahhy/projects/phase_invariant_receiver_sionna/checkpoints/generalization/umi_uma_mix_normalized/su_mimo_phase_sensitive_seed0/su_mimo_phase_sensitive_layer4_rx16_seed0.pt,130,uniform,4,16,1.0,umi_uma_mix_normalized,uma_normalized,uma,uma,,,2,0.05421511627906977,373,6880,0.013269642280361756,78879,0.04910889820117314,0.05981886594131384
layer4_rx16,runs/su_mimo_lmmse_umi_uma_matrix_v1/layer4_rx16/uma_normalized/lmmse_ls/bler_per_layer.csv,13.0,lmmse_ls,ls,lmmse_ls,su_mimo_phase_sensitive,-1,777000,1,/home/ahhy/projects/phase_invariant_receiver_sionna/checkpoints/generalization/umi_uma_mix_normalized/su_mimo_phase_sensitive_seed0/su_mimo_phase_sensitive_layer4_rx16_seed0.pt,130,uniform,4,16,1.0,umi_uma_mix_normalized,uma_normalized,uma,uma,,,3,0.03662790697674419,252,6880,0.008895887166236004,52880,0.032441486335445635,0.041331487934606045
layer4_rx16,runs/su_mimo_lmmse_umi_uma_matrix_v1/layer4_rx16/uma_normalized/lmmse_perfect/bler_per_layer.csv,3.0,lmmse_perfect,perfect,lmmse_perfect,su_mimo_phase_sensitive,-1,777000,1,/home/ahhy/projects/phase_invariant_receiver_sionna/checkpoints/generalization/umi_uma_mix_normalized/su_mimo_phase_sensitive_seed0/su_mimo_phase_sensitive_layer4_rx16_seed0.pt,130,uniform,4,16,1.0,umi_uma_mix_normalized,uma_normalized,uma,uma,,,0,0.028267634854771784,218,7712,0.004851446038881205,32326,0.024796979487140762,0.032208009685863896
layer4_rx16,runs/su_mimo_lmmse_umi_uma_matrix_v1/layer4_rx16/uma_normalized/lmmse_perfect/bler_per_layer.csv,3.0,lmmse_perfect,perfect,lmmse_perfect,su_mimo_phase_sensitive,-1,777000,1,/home/ahhy/projects/phase_invariant_receiver_sionna/checkpoints/generalization/umi_uma_mix_normalized/su_mimo_phase_sensitive_seed0/su_mimo_phase_sensitive_layer4_rx16_seed0.pt,130,uniform,4,16,1.0,umi_uma_mix_normalized,uma_normalized,uma,uma,,,1,0.046680497925311204,360,7712,0.008451385286998616,56313,0.0421937912339062,0.05161858978556171
layer4_rx16,runs/su_mimo_lmmse_umi_uma_matrix_v1/layer4_rx16/uma_normalized/lmmse_perfect/bler_per_layer.csv,3.0,lmmse_perfect,perfect,lmmse_perfect,su_mimo_phase_sensitive,-1,777000,1,/home/ahhy/projects/phase_invariant_receiver_sionna/checkpoints/generalization/umi_uma_mix_normalized/su_mimo_phase_sensitive_seed0/su_mimo_phase_sensitive_layer4_rx16_seed0.pt,130,uniform,4,16,1.0,umi_uma_mix_normalized,uma_normalized,uma,uma,,,2,0.044476141078838176,343,7712,0.008363138975334255,55725,0.04009752449984624,0.04930833777743944
layer4_rx16,runs/su_mimo_lmmse_umi_uma_matrix_v1/layer4_rx16/uma_normalized/lmmse_perfect/bler_per_layer.csv,3.0,lmmse_perfect,perfect,lmmse_perfect,su_mimo_phase_sensitive,-1,777000,1,/home/ahhy/projects/phase_invariant_receiver_sionna/checkpoints/generalization/umi_uma_mix_normalized/su_mimo_phase_sensitive_seed0/su_mimo_phase_sensitive_layer4_rx16_seed0.pt,130,uniform,4,16,1.0,umi_uma_mix_normalized,uma_normalized,uma,uma,,,3,0.028137966804979254,217,7712,0.00506830984900876,33771,0.024675600667054296,0.03207018152111611
layer4_rx16,runs/su_mimo_lmmse_umi_uma_matrix_v1/layer4_rx16/uma_normalized/lmmse_perfect/bler_per_layer.csv,5.0,lmmse_perfect,perfect,lmmse_perfect,su_mimo_phase_sensitive,-1,777000,1,/home/ahhy/projects/phase_invariant_receiver_sionna/checkpoints/generalization/umi_uma_mix_normalized/su_mimo_phase_sensitive_seed0/su_mimo_phase_sensitive_layer4_rx16_seed0.pt,130,uniform,4,16,1.0,umi_uma_mix_normalized,uma_normalized,uma,uma,,,0,0.014956550802139038,179,11968,0.0023112366000693206,23899,0.012932367772514542,0.017292009994708073
layer4_rx16,runs/su_mimo_lmmse_umi_uma_matrix_v1/layer4_rx16/uma_normalized/lmmse_perfect/bler_per_layer.csv,5.0,lmmse_perfect,perfect,lmmse_perfect,su_mimo_phase_sensitive,-1,777000,1,/home/ahhy/projects/phase_invariant_receiver_sionna/checkpoints/generalization/umi_uma_mix_normalized/su_mimo_phase_sensitive_seed0/su_mimo_phase_sensitive_layer4_rx16_seed0.pt,130,uniform,4,16,1.0,umi_uma_mix_normalized,uma_normalized,uma,uma,,,1,0.027824197860962567,333,11968,0.005016560364676174,51873,0.025025687640694464,0.03092572644415911
layer4_rx16,runs/su_mimo_lmmse_umi_uma_matrix_v1/layer4_rx16/uma_normalized/lmmse_perfect/bler_per_layer.csv,5.0,lmmse_perfect,perfect,lmmse_perfect,su_mimo_phase_sensitive,-1,777000,1,/home/ahhy/projects/phase_invariant_receiver_sionna/checkpoints/generalization/umi_uma_mix_normalized/su_mimo_phase_sensitive_seed0/su_mimo_phase_sensitive_layer4_rx16_seed0.pt,130,uniform,4,16,1.0,umi_uma_mix_normalized,uma_normalized,uma,uma,,,2,0.029996657754010694,359,11968,0.005255913918597742,54348,0.027088191408517575,0.03320674828840356
layer4_rx16,runs/su_mimo_lmmse_umi_uma_matrix_v1/layer4_rx16/uma_normalized/lmmse_perfect/bler_per_layer.csv,5.0,lmmse_perfect,perfect,lmmse_perfect,su_mimo_phase_sensitive,-1,777000,1,/home/ahhy/projects/phase_invariant_receiver_sionna/checkpoints/generalization/umi_uma_mix_normalized/su_mimo_phase_sensitive_seed0/su_mimo_phase_sensitive_layer4_rx16_seed0.pt,130,uniform,4,16,1.0,umi_uma_mix_normalized,uma_normalized,uma,uma,,,3,0.01570855614973262,188,11968,0.002500881981580511,25860,0.01363114194464893,0.018096763919058616
layer4_rx16,runs/su_mimo_lmmse_umi_uma_matrix_v1/layer4_rx16/uma_normalized/lmmse_perfect/bler_per_layer.csv,7.0,lmmse_perfect,perfect,lmmse_perfect,su_mimo_phase_sensitive,-1,777000,1,/home/ahhy/projects/phase_invariant_receiver_sionna/checkpoints/generalization/umi_uma_mix_normalized/su_mimo_phase_sensitive_seed0/su_mimo_phase_sensitive_layer4_rx16_seed0.pt,130,uniform,4,16,1.0,umi_uma_mix_normalized,uma_normalized,uma,uma,,,0,0.006418092909535452,126,19632,0.0009072017718615111,15388,0.005393552895964089,0.007635756765006236
layer4_rx16,runs/su_mimo_lmmse_umi_uma_matrix_v1/layer4_rx16/uma_normalized/lmmse_perfect/bler_per_layer.csv,7.0,lmmse_perfect,perfect,lmmse_perfect,su_mimo_phase_sensitive,-1,777000,1,/home/ahhy/projects/phase_invariant_receiver_sionna/checkpoints/generalization/umi_uma_mix_normalized/su_mimo_phase_sensitive_seed0/su_mimo_phase_sensitive_layer4_rx16_seed0.pt,130,uniform,4,16,1.0,umi_uma_mix_normalized,uma_normalized,uma,uma,,,1,0.017777098614506926,349,19632,0.0030922563124452895,52451,0.016020790337800035,0.019722086293820818
layer4_rx16,runs/su_mimo_lmmse_umi_uma_matrix_v1/layer4_rx16/uma_normalized/lmmse_perfect/bler_per_layer.csv,7.0,lmmse_perfect,perfect,lmmse_perfect,su_mimo_phase_sensitive,-1,777000,1,/home/ahhy/projects/phase_invariant_receiver_sionna/checkpoints/generalization/umi_uma_mix_normalized/su_mimo_phase_sensitive_seed0/su_mimo_phase_sensitive_layer4_rx16_seed0.pt,130,uniform,4,16,1.0,umi_uma_mix_normalized,uma_normalized,uma,uma,,,2,0.017929910350448247,352,19632,0.0028896274789459385,49014,0.01616580143141077,0.019882638881429597
layer4_rx16,runs/su_mimo_lmmse_umi_uma_matrix_v1/layer4_rx16/uma_normalized/lmmse_perfect/bler_per_layer.csv,7.0,lmmse_perfect,perfect,lmmse_perfect,su_mimo_phase_sensitive,-1,777000,1,/home/ahhy/projects/phase_invariant_receiver_sionna/checkpoints/generalization/umi_uma_mix_normalized/su_mimo_phase_sensitive_seed0/su_mimo_phase_sensitive_layer4_rx16_seed0.pt,130,uniform,4,16,1.0,umi_uma_mix_normalized,uma_normalized,uma,uma,,,3,0.00697840260798696,137,19632,0.0010635508165051768,18040,0.005906524423224249,0.008243185402217626
layer4_rx16,runs/su_mimo_lmmse_umi_uma_matrix_v1/layer4_rx16/uma_normalized/lmmse_perfect/bler_per_layer.csv,9.0,lmmse_perfect,perfect,lmmse_perfect,su_mimo_phase_sensitive,-1,777000,1,/home/ahhy/projects/phase_invariant_receiver_sionna/checkpoints/generalization/umi_uma_mix_normalized/su_mimo_phase_sensitive_seed0/su_mimo_phase_sensitive_layer4_rx16_seed0.pt,130,uniform,4,16,1.0,umi_uma_mix_normalized,uma_normalized,uma,uma,,,0,0.00265,53,20000,0.0004166666666666667,7200,0.00202671224195328,0.003464306023053991
layer4_rx16,runs/su_mimo_lmmse_umi_uma_matrix_v1/layer4_rx16/uma_normalized/lmmse_perfect/bler_per_layer.csv,9.0,lmmse_perfect,perfect,lmmse_perfect,su_mimo_phase_sensitive,-1,777000,1,/home/ahhy/projects/phase_invariant_receiver_sionna/checkpoints/generalization/umi_uma_mix_normalized/su_mimo_phase_sensitive_seed0/su_mimo_phase_sensitive_layer4_rx16_seed0.pt,130,uniform,4,16,1.0,umi_uma_mix_normalized,uma_normalized,uma,uma,,,1,0.01095,219,20000,0.0016797453703703703,29026,0.009598719993084337,0.012489110473391596
layer4_rx16,runs/su_mimo_lmmse_umi_uma_matrix_v1/layer4_rx16/uma_normalized/lmmse_perfect/bler_per_layer.csv,9.0,lmmse_perfect,perfect,lmmse_perfect,su_mimo_phase_sensitive,-1,777000,1,/home/ahhy/projects/phase_invariant_receiver_sionna/checkpoints/generalization/umi_uma_mix_normalized/su_mimo_phase_sensitive_seed0/su_mimo_phase_sensitive_layer4_rx16_seed0.pt,130,uniform,4,16,1.0,umi_uma_mix_normalized,uma_normalized,uma,uma,,,2,0.01025,205,20000,0.0016108796296296296,27836,0.008945107513430632,0.01174299180352385
layer4_rx16,runs/su_mimo_lmmse_umi_uma_matrix_v1/layer4_rx16/uma_normalized/lmmse_perfect/bler_per_layer.csv,9.0,lmmse_perfect,perfect,lmmse_perfect,su_mimo_phase_sensitive,-1,777000,1,/home/ahhy/projects/phase_invariant_receiver_sionna/checkpoints/generalization/umi_uma_mix_normalized/su_mimo_phase_sensitive_seed0/su_mimo_phase_sensitive_layer4_rx16_seed0.pt,130,uniform,4,16,1.0,umi_uma_mix_normalized,uma_normalized,uma,uma,,,3,0.00305,61,20000,0.0004724537037037037,8164,0.002375347333783003,0.003915517302379385
layer4_rx16,runs/su_mimo_lmmse_umi_uma_matrix_v1/layer4_rx16/uma_normalized/lmmse_perfect/bler_per_layer.csv,11.0,lmmse_perfect,perfect,lmmse_perfect,su_mimo_phase_sensitive,-1,777000,1,/home/ahhy/projects/phase_invariant_receiver_sionna/checkpoints/generalization/umi_uma_mix_normalized/su_mimo_phase_sensitive_seed0/su_mimo_phase_sensitive_layer4_rx16_seed0.pt,130,uniform,4,16,1.0,umi_uma_mix_normalized,uma_normalized,uma,uma,,,0,0.0012,24,20000,0.0001652199074074074,2855,0.0008065616688691384,0.0017850135007008356
layer4_rx16,runs/su_mimo_lmmse_umi_uma_matrix_v1/layer4_rx16/uma_normalized/lmmse_perfect/bler_per_layer.csv,11.0,lmmse_perfect,perfect,lmmse_perfect,su_mimo_phase_sensitive,-1,777000,1,/home/ahhy/projects/phase_invariant_receiver_sionna/checkpoints/generalization/umi_uma_mix_normalized/su_mimo_phase_sensitive_seed0/su_mimo_phase_sensitive_layer4_rx16_seed0.pt,130,uniform,4,16,1.0,umi_uma_mix_normalized,uma_normalized,uma,uma,,,1,0.00545,109,20000,0.0008462962962962963,14624,0.00452031923317689,0.006569623629916195
layer4_rx16,runs/su_mimo_lmmse_umi_uma_matrix_v1/layer4_rx16/uma_normalized/lmmse_perfect/bler_per_layer.csv,11.0,lmmse_perfect,perfect,lmmse_perfect,su_mimo_phase_sensitive,-1,777000,1,/home/ahhy/projects/phase_invariant_receiver_sionna/checkpoints/generalization/umi_uma_mix_normalized/su_mimo_phase_sensitive_seed0/su_mimo_phase_sensitive_layer4_rx16_seed0.pt,130,uniform,4,16,1.0,umi_uma_mix_normalized,uma_normalized,uma,uma,,,2,0.00555,111,20000,0.0008134259259259259,14056,0.004611075617143757,0.006678828838738108
layer4_rx16,runs/su_mimo_lmmse_umi_uma_matrix_v1/layer4_rx16/uma_normalized/lmmse_perfect/bler_per_layer.csv,11.0,lmmse_perfect,perfect,lmmse_perfect,su_mimo_phase_sensitive,-1,777000,1,/home/ahhy/projects/phase_invariant_receiver_sionna/checkpoints/generalization/umi_uma_mix_normalized/su_mimo_phase_sensitive_seed0/su_mimo_phase_sensitive_layer4_rx16_seed0.pt,130,uniform,4,16,1.0,umi_uma_mix_normalized,uma_normalized,uma,uma,,,3,0.0015,30,20000,0.0002122685185185185,3668,0.0010509490721859378,0.002140510875750374
layer4_rx16,runs/su_mimo_lmmse_umi_uma_matrix_v1/layer4_rx16/uma_normalized/lmmse_perfect/bler_per_layer.csv,13.0,lmmse_perfect,perfect,lmmse_perfect,su_mimo_phase_sensitive,-1,777000,1,/home/ahhy/projects/phase_invariant_receiver_sionna/checkpoints/generalization/umi_uma_mix_normalized/su_mimo_phase_sensitive_seed0/su_mimo_phase_sensitive_layer4_rx16_seed0.pt,130,uniform,4,16,1.0,umi_uma_mix_normalized,uma_normalized,uma,uma,,,0,0.0004,8,20000,5.578703703703704e-05,964,0.00020270340374573274,0.0007891790235140093
layer4_rx16,runs/su_mimo_lmmse_umi_uma_matrix_v1/layer4_rx16/uma_normalized/lmmse_perfect/bler_per_layer.csv,13.0,lmmse_perfect,perfect,lmmse_perfect,su_mimo_phase_sensitive,-1,777000,1,/home/ahhy/projects/phase_invariant_receiver_sionna/checkpoints/generalization/umi_uma_mix_normalized/su_mimo_phase_sensitive_seed0/su_mimo_phase_sensitive_layer4_rx16_seed0.pt,130,uniform,4,16,1.0,umi_uma_mix_normalized,uma_normalized,uma,uma,,,1,0.00285,57,20000,0.0004361689814814815,7537,0.0022005830784487227,0.0036903583721361066
layer4_rx16,runs/su_mimo_lmmse_umi_uma_matrix_v1/layer4_rx16/uma_normalized/lmmse_perfect/bler_per_layer.csv,13.0,lmmse_perfect,perfect,lmmse_perfect,su_mimo_phase_sensitive,-1,777000,1,/home/ahhy/projects/phase_invariant_receiver_sionna/checkpoints/generalization/umi_uma_mix_normalized/su_mimo_phase_sensitive_seed0/su_mimo_phase_sensitive_layer4_rx16_seed0.pt,130,uniform,4,16,1.0,umi_uma_mix_normalized,uma_normalized,uma,uma,,,2,0.0027,54,20000,0.0004232060185185185,7313,0.002070090977540913,0.003520908083860748
layer4_rx16,runs/su_mimo_lmmse_umi_uma_matrix_v1/layer4_rx16/uma_normalized/lmmse_perfect/bler_per_layer.csv,13.0,lmmse_perfect,perfect,lmmse_perfect,su_mimo_phase_sensitive,-1,777000,1,/home/ahhy/projects/phase_invariant_receiver_sionna/checkpoints/generalization/umi_uma_mix_normalized/su_mimo_phase_sensitive_seed0/su_mimo_phase_sensitive_layer4_rx16_seed0.pt,130,uniform,4,16,1.0,umi_uma_mix_normalized,uma_normalized,uma,uma,,,3,0.00055,11,20000,7.465277777777777e-05,1290,0.00030714858193327043,0.00098467623450964
